行政区域コード,"都道府県名
（漢字）","市区町村名
（漢字）","都道府県名
（ｶﾅ）","市区町村名
（ｶﾅ）",都道府県真偽値,都道府県コード,豆知識(歴史),豆知識(有名なもの)
01000,北海道,,ﾎｯｶｲﾄﾞｳ,,TRUE,01,,
01100,北海道,札幌市,ﾎｯｶｲﾄﾞｳ,ｻｯﾎﾟﾛｼ,FALSE,01,,
01101,北海道,札幌市中央区,ﾎｯｶｲﾄﾞｳ,ｻｯﾎﾟﾛｼﾁｭｳｵｳｸ,FALSE,01,,
01102,北海道,札幌市北区,ﾎｯｶｲﾄﾞｳ,ｻｯﾎﾟﾛｼｷﾀｸ,FALSE,01,,
01103,北海道,札幌市東区,ﾎｯｶｲﾄﾞｳ,ｻｯﾎﾟﾛｼﾋｶﾞｼｸ,FALSE,01,,
01104,北海道,札幌市白石区,ﾎｯｶｲﾄﾞｳ,ｻｯﾎﾟﾛｼｼﾛｲｼｸ,FALSE,01,,
01105,北海道,札幌市豊平区,ﾎｯｶｲﾄﾞｳ,ｻｯﾎﾟﾛｼﾄﾖﾋﾗｸ,FALSE,01,,
01106,北海道,札幌市南区,ﾎｯｶｲﾄﾞｳ,ｻｯﾎﾟﾛｼﾐﾅﾐｸ,FALSE,01,,
01107,北海道,札幌市西区,ﾎｯｶｲﾄﾞｳ,ｻｯﾎﾟﾛｼﾆｼｸ,FALSE,01,,
01108,北海道,札幌市厚別区,ﾎｯｶｲﾄﾞｳ,ｻｯﾎﾟﾛｼｱﾂﾍﾞﾂｸ,FALSE,01,,
01109,北海道,札幌市手稲区,ﾎｯｶｲﾄﾞｳ,ｻｯﾎﾟﾛｼﾃｲﾈｸ,FALSE,01,,
01110,北海道,札幌市清田区,ﾎｯｶｲﾄﾞｳ,ｻｯﾎﾟﾛｼｷﾖﾀｸ,FALSE,01,,
01202,北海道,函館市,ﾎｯｶｲﾄﾞｳ,ﾊｺﾀﾞﾃｼ,FALSE,01,,
01203,北海道,小樽市,ﾎｯｶｲﾄﾞｳ,ｵﾀﾙｼ,FALSE,01,,
01204,北海道,旭川市,ﾎｯｶｲﾄﾞｳ,ｱｻﾋｶﾜｼ,FALSE,01,,
01205,北海道,室蘭市,ﾎｯｶｲﾄﾞｳ,ﾑﾛﾗﾝｼ,FALSE,01,,
01206,北海道,釧路市,ﾎｯｶｲﾄﾞｳ,ｸｼﾛｼ,FALSE,01,,
01207,北海道,帯広市,ﾎｯｶｲﾄﾞｳ,ｵﾋﾞﾋﾛｼ,FALSE,01,,
01208,北海道,北見市,ﾎｯｶｲﾄﾞｳ,ｷﾀﾐｼ,FALSE,01,,
01209,北海道,夕張市,ﾎｯｶｲﾄﾞｳ,ﾕｳﾊﾞﾘｼ,FALSE,01,,
01210,北海道,岩見沢市,ﾎｯｶｲﾄﾞｳ,ｲﾜﾐｻﾞﾜｼ,FALSE,01,,
01211,北海道,網走市,ﾎｯｶｲﾄﾞｳ,ｱﾊﾞｼﾘｼ,FALSE,01,,
01212,北海道,留萌市,ﾎｯｶｲﾄﾞｳ,ﾙﾓｲｼ,FALSE,01,,
01213,北海道,苫小牧市,ﾎｯｶｲﾄﾞｳ,ﾄﾏｺﾏｲｼ,FALSE,01,,
01214,北海道,稚内市,ﾎｯｶｲﾄﾞｳ,ﾜｯｶﾅｲｼ,FALSE,01,,
01215,北海道,美唄市,ﾎｯｶｲﾄﾞｳ,ﾋﾞﾊﾞｲｼ,FALSE,01,,
01216,北海道,芦別市,ﾎｯｶｲﾄﾞｳ,ｱｼﾍﾞﾂｼ,FALSE,01,,
01217,北海道,江別市,ﾎｯｶｲﾄﾞｳ,ｴﾍﾞﾂｼ,FALSE,01,,
01218,北海道,赤平市,ﾎｯｶｲﾄﾞｳ,ｱｶﾋﾞﾗｼ,FALSE,01,,
01219,北海道,紋別市,ﾎｯｶｲﾄﾞｳ,ﾓﾝﾍﾞﾂｼ,FALSE,01,,
01220,北海道,士別市,ﾎｯｶｲﾄﾞｳ,ｼﾍﾞﾂｼ,FALSE,01,,
01221,北海道,名寄市,ﾎｯｶｲﾄﾞｳ,ﾅﾖﾛｼ,FALSE,01,,
01222,北海道,三笠市,ﾎｯｶｲﾄﾞｳ,ﾐｶｻｼ,FALSE,01,,
01223,北海道,根室市,ﾎｯｶｲﾄﾞｳ,ﾈﾑﾛｼ,FALSE,01,,
01224,北海道,千歳市,ﾎｯｶｲﾄﾞｳ,ﾁﾄｾｼ,FALSE,01,,
01225,北海道,滝川市,ﾎｯｶｲﾄﾞｳ,ﾀｷｶﾜｼ,FALSE,01,,
01226,北海道,砂川市,ﾎｯｶｲﾄﾞｳ,ｽﾅｶﾞﾜｼ,FALSE,01,,
01227,北海道,歌志内市,ﾎｯｶｲﾄﾞｳ,ｳﾀｼﾅｲｼ,FALSE,01,,
01228,北海道,深川市,ﾎｯｶｲﾄﾞｳ,ﾌｶｶﾞﾜｼ,FALSE,01,,
01229,北海道,富良野市,ﾎｯｶｲﾄﾞｳ,ﾌﾗﾉｼ,FALSE,01,,
01230,北海道,登別市,ﾎｯｶｲﾄﾞｳ,ﾉﾎﾞﾘﾍﾞﾂｼ,FALSE,01,,
01231,北海道,恵庭市,ﾎｯｶｲﾄﾞｳ,ｴﾆﾜｼ,FALSE,01,,
01233,北海道,伊達市,ﾎｯｶｲﾄﾞｳ,ﾀﾞﾃｼ,FALSE,01,,
01234,北海道,北広島市,ﾎｯｶｲﾄﾞｳ,ｷﾀﾋﾛｼﾏｼ,FALSE,01,,
01235,北海道,石狩市,ﾎｯｶｲﾄﾞｳ,ｲｼｶﾘｼ,FALSE,01,,
01236,北海道,北斗市,ﾎｯｶｲﾄﾞｳ,ﾎｸﾄｼ,FALSE,01,,
01303,北海道,当別町,ﾎｯｶｲﾄﾞｳ,ﾄｳﾍﾞﾂﾁｮｳ,FALSE,01,,
01304,北海道,新篠津村,ﾎｯｶｲﾄﾞｳ,ｼﾝｼﾉﾂﾑﾗ,FALSE,01,,
01331,北海道,松前町,ﾎｯｶｲﾄﾞｳ,ﾏﾂﾏｴﾁｮｳ,FALSE,01,,
01332,北海道,福島町,ﾎｯｶｲﾄﾞｳ,ﾌｸｼﾏﾁｮｳ,FALSE,01,,
01333,北海道,知内町,ﾎｯｶｲﾄﾞｳ,ｼﾘｳﾁﾁｮｳ,FALSE,01,,
01334,北海道,木古内町,ﾎｯｶｲﾄﾞｳ,ｷｺﾅｲﾁｮｳ,FALSE,01,,
01337,北海道,七飯町,ﾎｯｶｲﾄﾞｳ,ﾅﾅｴﾁｮｳ,FALSE,01,,
01343,北海道,鹿部町,ﾎｯｶｲﾄﾞｳ,ｼｶﾍﾞﾁｮｳ,FALSE,01,,
01345,北海道,森町,ﾎｯｶｲﾄﾞｳ,ﾓﾘﾏﾁ,FALSE,01,,
01346,北海道,八雲町,ﾎｯｶｲﾄﾞｳ,ﾔｸﾓﾁｮｳ,FALSE,01,,
01347,北海道,長万部町,ﾎｯｶｲﾄﾞｳ,ｵｼｬﾏﾝﾍﾞﾁｮｳ,FALSE,01,,
01361,北海道,江差町,ﾎｯｶｲﾄﾞｳ,ｴｻｼﾁｮｳ,FALSE,01,,
01362,北海道,上ノ国町,ﾎｯｶｲﾄﾞｳ,ｶﾐﾉｸﾆﾁｮｳ,FALSE,01,,
01363,北海道,厚沢部町,ﾎｯｶｲﾄﾞｳ,ｱｯｻﾌﾞﾁｮｳ,FALSE,01,,
01364,北海道,乙部町,ﾎｯｶｲﾄﾞｳ,ｵﾄﾍﾞﾁｮｳ,FALSE,01,,
01367,北海道,奥尻町,ﾎｯｶｲﾄﾞｳ,ｵｸｼﾘﾁｮｳ,FALSE,01,,
01370,北海道,今金町,ﾎｯｶｲﾄﾞｳ,ｲﾏｶﾈﾁｮｳ,FALSE,01,,
01371,北海道,せたな町,ﾎｯｶｲﾄﾞｳ,ｾﾀﾅﾁｮｳ,FALSE,01,,
01391,北海道,島牧村,ﾎｯｶｲﾄﾞｳ,ｼﾏﾏｷﾑﾗ,FALSE,01,,
01392,北海道,寿都町,ﾎｯｶｲﾄﾞｳ,ｽｯﾂﾁｮｳ,FALSE,01,,
01393,北海道,黒松内町,ﾎｯｶｲﾄﾞｳ,ｸﾛﾏﾂﾅｲﾁｮｳ,FALSE,01,,
01394,北海道,蘭越町,ﾎｯｶｲﾄﾞｳ,ﾗﾝｺｼﾁｮｳ,FALSE,01,,
01395,北海道,ニセコ町,ﾎｯｶｲﾄﾞｳ,ﾆｾｺﾁｮｳ,FALSE,01,,
01396,北海道,真狩村,ﾎｯｶｲﾄﾞｳ,ﾏｯｶﾘﾑﾗ,FALSE,01,,
01397,北海道,留寿都村,ﾎｯｶｲﾄﾞｳ,ﾙｽﾂﾑﾗ,FALSE,01,,
01398,北海道,喜茂別町,ﾎｯｶｲﾄﾞｳ,ｷﾓﾍﾞﾂﾁｮｳ,FALSE,01,,
01399,北海道,京極町,ﾎｯｶｲﾄﾞｳ,ｷｮｳｺﾞｸﾁｮｳ,FALSE,01,,
01400,北海道,倶知安町,ﾎｯｶｲﾄﾞｳ,ｸｯﾁｬﾝﾁｮｳ,FALSE,01,,
01401,北海道,共和町,ﾎｯｶｲﾄﾞｳ,ｷｮｳﾜﾁｮｳ,FALSE,01,,
01402,北海道,岩内町,ﾎｯｶｲﾄﾞｳ,ｲﾜﾅｲﾁｮｳ,FALSE,01,,
01403,北海道,泊村,ﾎｯｶｲﾄﾞｳ,ﾄﾏﾘﾑﾗ,FALSE,01,,
01404,北海道,神恵内村,ﾎｯｶｲﾄﾞｳ,ｶﾓｴﾅｲﾑﾗ,FALSE,01,,
01405,北海道,積丹町,ﾎｯｶｲﾄﾞｳ,ｼｬｺﾀﾝﾁｮｳ,FALSE,01,,
01406,北海道,古平町,ﾎｯｶｲﾄﾞｳ,ﾌﾙﾋﾞﾗﾁｮｳ,FALSE,01,,
01407,北海道,仁木町,ﾎｯｶｲﾄﾞｳ,ﾆｷﾁｮｳ,FALSE,01,,
01408,北海道,余市町,ﾎｯｶｲﾄﾞｳ,ﾖｲﾁﾁｮｳ,FALSE,01,,
01409,北海道,赤井川村,ﾎｯｶｲﾄﾞｳ,ｱｶｲｶﾞﾜﾑﾗ,FALSE,01,,
01423,北海道,南幌町,ﾎｯｶｲﾄﾞｳ,ﾅﾝﾎﾟﾛﾁｮｳ,FALSE,01,,
01424,北海道,奈井江町,ﾎｯｶｲﾄﾞｳ,ﾅｲｴﾁｮｳ,FALSE,01,,
01425,北海道,上砂川町,ﾎｯｶｲﾄﾞｳ,ｶﾐｽﾅｶﾞﾜﾁｮｳ,FALSE,01,,
01427,北海道,由仁町,ﾎｯｶｲﾄﾞｳ,ﾕﾆﾁｮｳ,FALSE,01,,
01428,北海道,長沼町,ﾎｯｶｲﾄﾞｳ,ﾅｶﾞﾇﾏﾁｮｳ,FALSE,01,,
01429,北海道,栗山町,ﾎｯｶｲﾄﾞｳ,ｸﾘﾔﾏﾁｮｳ,FALSE,01,,
01430,北海道,月形町,ﾎｯｶｲﾄﾞｳ,ﾂｷｶﾞﾀﾁｮｳ,FALSE,01,,
01431,北海道,浦臼町,ﾎｯｶｲﾄﾞｳ,ｳﾗｳｽﾁｮｳ,FALSE,01,,
01432,北海道,新十津川町,ﾎｯｶｲﾄﾞｳ,ｼﾝﾄﾂｶﾜﾁｮｳ,FALSE,01,,
01433,北海道,妹背牛町,ﾎｯｶｲﾄﾞｳ,ﾓｾｳｼﾁｮｳ,FALSE,01,,
01434,北海道,秩父別町,ﾎｯｶｲﾄﾞｳ,ﾁｯﾌﾟﾍﾞﾂﾁｮｳ,FALSE,01,,
01436,北海道,雨竜町,ﾎｯｶｲﾄﾞｳ,ｳﾘｭｳﾁｮｳ,FALSE,01,,
01437,北海道,北竜町,ﾎｯｶｲﾄﾞｳ,ﾎｸﾘｭｳﾁｮｳ,FALSE,01,,
01438,北海道,沼田町,ﾎｯｶｲﾄﾞｳ,ﾇﾏﾀﾁｮｳ,FALSE,01,,
01452,北海道,鷹栖町,ﾎｯｶｲﾄﾞｳ,ﾀｶｽﾁｮｳ,FALSE,01,,
01453,北海道,東神楽町,ﾎｯｶｲﾄﾞｳ,ﾋｶﾞｼｶｸﾞﾗﾁｮｳ,FALSE,01,,
01454,北海道,当麻町,ﾎｯｶｲﾄﾞｳ,ﾄｳﾏﾁｮｳ,FALSE,01,,
01455,北海道,比布町,ﾎｯｶｲﾄﾞｳ,ﾋﾟｯﾌﾟﾁｮｳ,FALSE,01,,
01456,北海道,愛別町,ﾎｯｶｲﾄﾞｳ,ｱｲﾍﾞﾂﾁｮｳ,FALSE,01,,
01457,北海道,上川町,ﾎｯｶｲﾄﾞｳ,ｶﾐｶﾜﾁｮｳ,FALSE,01,,
01458,北海道,東川町,ﾎｯｶｲﾄﾞｳ,ﾋｶﾞｼｶﾜﾁｮｳ,FALSE,01,,
01459,北海道,美瑛町,ﾎｯｶｲﾄﾞｳ,ﾋﾞｴｲﾁｮｳ,FALSE,01,,
01460,北海道,上富良野町,ﾎｯｶｲﾄﾞｳ,ｶﾐﾌﾗﾉﾁｮｳ,FALSE,01,,
01461,北海道,中富良野町,ﾎｯｶｲﾄﾞｳ,ﾅｶﾌﾗﾉﾁｮｳ,FALSE,01,,
01462,北海道,南富良野町,ﾎｯｶｲﾄﾞｳ,ﾐﾅﾐﾌﾗﾉﾁｮｳ,FALSE,01,,
01463,北海道,占冠村,ﾎｯｶｲﾄﾞｳ,ｼﾑｶｯﾌﾟﾑﾗ,FALSE,01,,
01464,北海道,和寒町,ﾎｯｶｲﾄﾞｳ,ﾜｯｻﾑﾁｮｳ,FALSE,01,,
01465,北海道,剣淵町,ﾎｯｶｲﾄﾞｳ,ｹﾝﾌﾞﾁﾁｮｳ,FALSE,01,,
01468,北海道,下川町,ﾎｯｶｲﾄﾞｳ,ｼﾓｶﾜﾁｮｳ,FALSE,01,,
01469,北海道,美深町,ﾎｯｶｲﾄﾞｳ,ﾋﾞﾌｶﾁｮｳ,FALSE,01,,
01470,北海道,音威子府村,ﾎｯｶｲﾄﾞｳ,ｵﾄｲﾈｯﾌﾟﾑﾗ,FALSE,01,,
01471,北海道,中川町,ﾎｯｶｲﾄﾞｳ,ﾅｶｶﾞﾜﾁｮｳ,FALSE,01,,
01472,北海道,幌加内町,ﾎｯｶｲﾄﾞｳ,ﾎﾛｶﾅｲﾁｮｳ,FALSE,01,,
01481,北海道,増毛町,ﾎｯｶｲﾄﾞｳ,ﾏｼｹﾁｮｳ,FALSE,01,,
01482,北海道,小平町,ﾎｯｶｲﾄﾞｳ,ｵﾋﾞﾗﾁｮｳ,FALSE,01,,
01483,北海道,苫前町,ﾎｯｶｲﾄﾞｳ,ﾄﾏﾏｴﾁｮｳ,FALSE,01,,
01484,北海道,羽幌町,ﾎｯｶｲﾄﾞｳ,ﾊﾎﾞﾛﾁｮｳ,FALSE,01,,
01485,北海道,初山別村,ﾎｯｶｲﾄﾞｳ,ｼｮｻﾝﾍﾞﾂﾑﾗ,FALSE,01,,
01486,北海道,遠別町,ﾎｯｶｲﾄﾞｳ,ｴﾝﾍﾞﾂﾁｮｳ,FALSE,01,,
01487,北海道,天塩町,ﾎｯｶｲﾄﾞｳ,ﾃｼｵﾁｮｳ,FALSE,01,,
01511,北海道,猿払村,ﾎｯｶｲﾄﾞｳ,ｻﾙﾌﾂﾑﾗ,FALSE,01,,
01512,北海道,浜頓別町,ﾎｯｶｲﾄﾞｳ,ﾊﾏﾄﾝﾍﾞﾂﾁｮｳ,FALSE,01,,
01513,北海道,中頓別町,ﾎｯｶｲﾄﾞｳ,ﾅｶﾄﾝﾍﾞﾂﾁｮｳ,FALSE,01,,
01514,北海道,枝幸町,ﾎｯｶｲﾄﾞｳ,ｴｻｼﾁｮｳ,FALSE,01,,
01516,北海道,豊富町,ﾎｯｶｲﾄﾞｳ,ﾄﾖﾄﾐﾁｮｳ,FALSE,01,,
01517,北海道,礼文町,ﾎｯｶｲﾄﾞｳ,ﾚﾌﾞﾝﾁｮｳ,FALSE,01,,
01518,北海道,利尻町,ﾎｯｶｲﾄﾞｳ,ﾘｼﾘﾁｮｳ,FALSE,01,,
01519,北海道,利尻富士町,ﾎｯｶｲﾄﾞｳ,ﾘｼﾘﾌｼﾞﾁｮｳ,FALSE,01,,
01520,北海道,幌延町,ﾎｯｶｲﾄﾞｳ,ﾎﾛﾉﾍﾞﾁｮｳ,FALSE,01,,
01543,北海道,美幌町,ﾎｯｶｲﾄﾞｳ,ﾋﾞﾎﾛﾁｮｳ,FALSE,01,,
01544,北海道,津別町,ﾎｯｶｲﾄﾞｳ,ﾂﾍﾞﾂﾁｮｳ,FALSE,01,,
01545,北海道,斜里町,ﾎｯｶｲﾄﾞｳ,ｼｬﾘﾁｮｳ,FALSE,01,,
01546,北海道,清里町,ﾎｯｶｲﾄﾞｳ,ｷﾖｻﾄﾁｮｳ,FALSE,01,,
01547,北海道,小清水町,ﾎｯｶｲﾄﾞｳ,ｺｼﾐｽﾞﾁｮｳ,FALSE,01,,
01549,北海道,訓子府町,ﾎｯｶｲﾄﾞｳ,ｸﾝﾈｯﾌﾟﾁｮｳ,FALSE,01,,
01550,北海道,置戸町,ﾎｯｶｲﾄﾞｳ,ｵｹﾄﾁｮｳ,FALSE,01,,
01552,北海道,佐呂間町,ﾎｯｶｲﾄﾞｳ,ｻﾛﾏﾁｮｳ,FALSE,01,,
01555,北海道,遠軽町,ﾎｯｶｲﾄﾞｳ,ｴﾝｶﾞﾙﾁｮｳ,FALSE,01,,
01559,北海道,湧別町,ﾎｯｶｲﾄﾞｳ,ﾕｳﾍﾞﾂﾁｮｳ,FALSE,01,,
01560,北海道,滝上町,ﾎｯｶｲﾄﾞｳ,ﾀｷﾉｳｴﾁｮｳ,FALSE,01,,
01561,北海道,興部町,ﾎｯｶｲﾄﾞｳ,ｵｺｯﾍﾟﾁｮｳ,FALSE,01,,
01562,北海道,西興部村,ﾎｯｶｲﾄﾞｳ,ﾆｼｵｺｯﾍﾟﾑﾗ,FALSE,01,,
01563,北海道,雄武町,ﾎｯｶｲﾄﾞｳ,ｵｳﾑﾁｮｳ,FALSE,01,,
01564,北海道,大空町,ﾎｯｶｲﾄﾞｳ,ｵｵｿﾞﾗﾁｮｳ,FALSE,01,,
01571,北海道,豊浦町,ﾎｯｶｲﾄﾞｳ,ﾄﾖｳﾗﾁｮｳ,FALSE,01,,
01575,北海道,壮瞥町,ﾎｯｶｲﾄﾞｳ,ｿｳﾍﾞﾂﾁｮｳ,FALSE,01,,
01578,北海道,白老町,ﾎｯｶｲﾄﾞｳ,ｼﾗｵｲﾁｮｳ,FALSE,01,,
01581,北海道,厚真町,ﾎｯｶｲﾄﾞｳ,ｱﾂﾏﾁｮｳ,FALSE,01,,
01584,北海道,洞爺湖町,ﾎｯｶｲﾄﾞｳ,ﾄｳﾔｺﾁｮｳ,FALSE,01,,
01585,北海道,安平町,ﾎｯｶｲﾄﾞｳ,ｱﾋﾞﾗﾁｮｳ,FALSE,01,,
01586,北海道,むかわ町,ﾎｯｶｲﾄﾞｳ,ﾑｶﾜﾁｮｳ,FALSE,01,,
01601,北海道,日高町,ﾎｯｶｲﾄﾞｳ,ﾋﾀﾞｶﾁｮｳ,FALSE,01,,
01602,北海道,平取町,ﾎｯｶｲﾄﾞｳ,ﾋﾞﾗﾄﾘﾁｮｳ,FALSE,01,,
01604,北海道,新冠町,ﾎｯｶｲﾄﾞｳ,ﾆｲｶｯﾌﾟﾁｮｳ,FALSE,01,,
01607,北海道,浦河町,ﾎｯｶｲﾄﾞｳ,ｳﾗｶﾜﾁｮｳ,FALSE,01,,
01608,北海道,様似町,ﾎｯｶｲﾄﾞｳ,ｻﾏﾆﾁｮｳ,FALSE,01,,
01609,北海道,えりも町,ﾎｯｶｲﾄﾞｳ,ｴﾘﾓﾁｮｳ,FALSE,01,,
01610,北海道,新ひだか町,ﾎｯｶｲﾄﾞｳ,ｼﾝﾋﾀﾞｶﾁｮｳ,FALSE,01,,
01631,北海道,音更町,ﾎｯｶｲﾄﾞｳ,ｵﾄﾌｹﾁｮｳ,FALSE,01,,
01632,北海道,士幌町,ﾎｯｶｲﾄﾞｳ,ｼﾎﾛﾁｮｳ,FALSE,01,,
01633,北海道,上士幌町,ﾎｯｶｲﾄﾞｳ,ｶﾐｼﾎﾛﾁｮｳ,FALSE,01,,
01634,北海道,鹿追町,ﾎｯｶｲﾄﾞｳ,ｼｶｵｲﾁｮｳ,FALSE,01,,
01635,北海道,新得町,ﾎｯｶｲﾄﾞｳ,ｼﾝﾄｸﾁｮｳ,FALSE,01,,
01636,北海道,清水町,ﾎｯｶｲﾄﾞｳ,ｼﾐｽﾞﾁｮｳ,FALSE,01,,
01637,北海道,芽室町,ﾎｯｶｲﾄﾞｳ,ﾒﾑﾛﾁｮｳ,FALSE,01,,
01638,北海道,中札内村,ﾎｯｶｲﾄﾞｳ,ﾅｶｻﾂﾅｲﾑﾗ,FALSE,01,,
01639,北海道,更別村,ﾎｯｶｲﾄﾞｳ,ｻﾗﾍﾞﾂﾑﾗ,FALSE,01,,
01641,北海道,大樹町,ﾎｯｶｲﾄﾞｳ,ﾀｲｷﾁｮｳ,FALSE,01,,
01642,北海道,広尾町,ﾎｯｶｲﾄﾞｳ,ﾋﾛｵﾁｮｳ,FALSE,01,,
01643,北海道,幕別町,ﾎｯｶｲﾄﾞｳ,ﾏｸﾍﾞﾂﾁｮｳ,FALSE,01,,
01644,北海道,池田町,ﾎｯｶｲﾄﾞｳ,ｲｹﾀﾞﾁｮｳ,FALSE,01,,
01645,北海道,豊頃町,ﾎｯｶｲﾄﾞｳ,ﾄﾖｺﾛﾁｮｳ,FALSE,01,,
01646,北海道,本別町,ﾎｯｶｲﾄﾞｳ,ﾎﾝﾍﾞﾂﾁｮｳ,FALSE,01,,
01647,北海道,足寄町,ﾎｯｶｲﾄﾞｳ,ｱｼｮﾛﾁｮｳ,FALSE,01,,
01648,北海道,陸別町,ﾎｯｶｲﾄﾞｳ,ﾘｸﾍﾞﾂﾁｮｳ,FALSE,01,,
01649,北海道,浦幌町,ﾎｯｶｲﾄﾞｳ,ｳﾗﾎﾛﾁｮｳ,FALSE,01,,
01661,北海道,釧路町,ﾎｯｶｲﾄﾞｳ,ｸｼﾛﾁｮｳ,FALSE,01,,
01662,北海道,厚岸町,ﾎｯｶｲﾄﾞｳ,ｱｯｹｼﾁｮｳ,FALSE,01,,
01663,北海道,浜中町,ﾎｯｶｲﾄﾞｳ,ﾊﾏﾅｶﾁｮｳ,FALSE,01,,
01664,北海道,標茶町,ﾎｯｶｲﾄﾞｳ,ｼﾍﾞﾁｬﾁｮｳ,FALSE,01,,
01665,北海道,弟子屈町,ﾎｯｶｲﾄﾞｳ,ﾃｼｶｶﾞﾁｮｳ,FALSE,01,,
01667,北海道,鶴居村,ﾎｯｶｲﾄﾞｳ,ﾂﾙｲﾑﾗ,FALSE,01,,
01668,北海道,白糠町,ﾎｯｶｲﾄﾞｳ,ｼﾗﾇｶﾁｮｳ,FALSE,01,,
01691,北海道,別海町,ﾎｯｶｲﾄﾞｳ,ﾍﾞﾂｶｲﾁｮｳ,FALSE,01,,
01692,北海道,中標津町,ﾎｯｶｲﾄﾞｳ,ﾅｶｼﾍﾞﾂﾁｮｳ,FALSE,01,,
01693,北海道,標津町,ﾎｯｶｲﾄﾞｳ,ｼﾍﾞﾂﾁｮｳ,FALSE,01,,
01694,北海道,羅臼町,ﾎｯｶｲﾄﾞｳ,ﾗｳｽﾁｮｳ,FALSE,01,,
01695,北海道,色丹村,ﾎｯｶｲﾄﾞｳ,ｼｺﾀﾝﾑﾗ,FALSE,01,,
01696,北海道,泊村,ﾎｯｶｲﾄﾞｳ,ﾄﾏﾘﾑﾗ,FALSE,01,,
01697,北海道,留夜別村,ﾎｯｶｲﾄﾞｳ,ﾙﾔﾍﾞﾂﾑﾗ,FALSE,01,,
01698,北海道,留別村,ﾎｯｶｲﾄﾞｳ,ﾙﾍﾞﾂﾑﾗ,FALSE,01,,
01699,北海道,紗那村,ﾎｯｶｲﾄﾞｳ,ｼｬﾅﾑﾗ,FALSE,01,,
01700,北海道,蘂取村,ﾎｯｶｲﾄﾞｳ,ｼﾍﾞﾄﾛﾑﾗ,FALSE,01,,
02000,青森県,,ｱｵﾓﾘｹﾝ,,TRUE,02,,
02201,青森県,青森市,ｱｵﾓﾘｹﾝ,ｱｵﾓﾘｼ,FALSE,02,,
02202,青森県,弘前市,ｱｵﾓﾘｹﾝ,ﾋﾛｻｷｼ,FALSE,02,,
02203,青森県,八戸市,ｱｵﾓﾘｹﾝ,ﾊﾁﾉﾍｼ,FALSE,02,,
02204,青森県,黒石市,ｱｵﾓﾘｹﾝ,ｸﾛｲｼｼ,FALSE,02,,
02205,青森県,五所川原市,ｱｵﾓﾘｹﾝ,ｺﾞｼｮｶﾞﾜﾗｼ,FALSE,02,,
02206,青森県,十和田市,ｱｵﾓﾘｹﾝ,ﾄﾜﾀﾞｼ,FALSE,02,,
02207,青森県,三沢市,ｱｵﾓﾘｹﾝ,ﾐｻﾜｼ,FALSE,02,,
02208,青森県,むつ市,ｱｵﾓﾘｹﾝ,ﾑﾂｼ,FALSE,02,,
02209,青森県,つがる市,ｱｵﾓﾘｹﾝ,ﾂｶﾞﾙｼ,FALSE,02,,
02210,青森県,平川市,ｱｵﾓﾘｹﾝ,ﾋﾗｶﾜｼ,FALSE,02,,
02301,青森県,平内町,ｱｵﾓﾘｹﾝ,ﾋﾗﾅｲﾏﾁ,FALSE,02,,
02303,青森県,今別町,ｱｵﾓﾘｹﾝ,ｲﾏﾍﾞﾂﾏﾁ,FALSE,02,,
02304,青森県,蓬田村,ｱｵﾓﾘｹﾝ,ﾖﾓｷﾞﾀﾑﾗ,FALSE,02,,
02307,青森県,外ヶ浜町,ｱｵﾓﾘｹﾝ,ｿﾄｶﾞﾊﾏﾏﾁ,FALSE,02,,
02321,青森県,鰺ヶ沢町,ｱｵﾓﾘｹﾝ,ｱｼﾞｶﾞｻﾜﾏﾁ,FALSE,02,,
02323,青森県,深浦町,ｱｵﾓﾘｹﾝ,ﾌｶｳﾗﾏﾁ,FALSE,02,,
02343,青森県,西目屋村,ｱｵﾓﾘｹﾝ,ﾆｼﾒﾔﾑﾗ,FALSE,02,,
02361,青森県,藤崎町,ｱｵﾓﾘｹﾝ,ﾌｼﾞｻｷﾏﾁ,FALSE,02,,
02362,青森県,大鰐町,ｱｵﾓﾘｹﾝ,ｵｵﾜﾆﾏﾁ,FALSE,02,,
02367,青森県,田舎館村,ｱｵﾓﾘｹﾝ,ｲﾅｶﾀﾞﾃﾑﾗ,FALSE,02,,
02381,青森県,板柳町,ｱｵﾓﾘｹﾝ,ｲﾀﾔﾅｷﾞﾏﾁ,FALSE,02,,
02384,青森県,鶴田町,ｱｵﾓﾘｹﾝ,ﾂﾙﾀﾏﾁ,FALSE,02,,
02387,青森県,中泊町,ｱｵﾓﾘｹﾝ,ﾅｶﾄﾞﾏﾘﾏﾁ,FALSE,02,,
02401,青森県,野辺地町,ｱｵﾓﾘｹﾝ,ﾉﾍｼﾞﾏﾁ,FALSE,02,,
02402,青森県,七戸町,ｱｵﾓﾘｹﾝ,ｼﾁﾉﾍﾏﾁ,FALSE,02,,
02405,青森県,六戸町,ｱｵﾓﾘｹﾝ,ﾛｸﾉﾍﾏﾁ,FALSE,02,,
02406,青森県,横浜町,ｱｵﾓﾘｹﾝ,ﾖｺﾊﾏﾏﾁ,FALSE,02,,
02408,青森県,東北町,ｱｵﾓﾘｹﾝ,ﾄｳﾎｸﾏﾁ,FALSE,02,,
02411,青森県,六ヶ所村,ｱｵﾓﾘｹﾝ,ﾛｯｶｼｮﾑﾗ,FALSE,02,,
02412,青森県,おいらせ町,ｱｵﾓﾘｹﾝ,ｵｲﾗｾﾁｮｳ,FALSE,02,,
02423,青森県,大間町,ｱｵﾓﾘｹﾝ,ｵｵﾏﾏﾁ,FALSE,02,,
02424,青森県,東通村,ｱｵﾓﾘｹﾝ,ﾋｶﾞｼﾄﾞｵﾘﾑﾗ,FALSE,02,,
02425,青森県,風間浦村,ｱｵﾓﾘｹﾝ,ｶｻﾞﾏｳﾗﾑﾗ,FALSE,02,,
02426,青森県,佐井村,ｱｵﾓﾘｹﾝ,ｻｲﾑﾗ,FALSE,02,,
02441,青森県,三戸町,ｱｵﾓﾘｹﾝ,ｻﾝﾉﾍﾏﾁ,FALSE,02,,
02442,青森県,五戸町,ｱｵﾓﾘｹﾝ,ｺﾞﾉﾍﾏﾁ,FALSE,02,,
02443,青森県,田子町,ｱｵﾓﾘｹﾝ,ﾀｯｺﾏﾁ,FALSE,02,,
02445,青森県,南部町,ｱｵﾓﾘｹﾝ,ﾅﾝﾌﾞﾁｮｳ,FALSE,02,,
02446,青森県,階上町,ｱｵﾓﾘｹﾝ,ﾊｼｶﾐﾁｮｳ,FALSE,02,,
02450,青森県,新郷村,ｱｵﾓﾘｹﾝ,ｼﾝｺﾞｳﾑﾗ,FALSE,02,,
03000,岩手県,,ｲﾜﾃｹﾝ,,TRUE,03,,
03201,岩手県,盛岡市,ｲﾜﾃｹﾝ,ﾓﾘｵｶｼ,FALSE,03,,
03202,岩手県,宮古市,ｲﾜﾃｹﾝ,ﾐﾔｺｼ,FALSE,03,,
03203,岩手県,大船渡市,ｲﾜﾃｹﾝ,ｵｵﾌﾅﾄｼ,FALSE,03,,
03205,岩手県,花巻市,ｲﾜﾃｹﾝ,ﾊﾅﾏｷｼ,FALSE,03,,
03206,岩手県,北上市,ｲﾜﾃｹﾝ,ｷﾀｶﾐｼ,FALSE,03,,
03207,岩手県,久慈市,ｲﾜﾃｹﾝ,ｸｼﾞｼ,FALSE,03,,
03208,岩手県,遠野市,ｲﾜﾃｹﾝ,ﾄｵﾉｼ,FALSE,03,,
03209,岩手県,一関市,ｲﾜﾃｹﾝ,ｲﾁﾉｾｷｼ,FALSE,03,,
03210,岩手県,陸前高田市,ｲﾜﾃｹﾝ,ﾘｸｾﾞﾝﾀｶﾀｼ,FALSE,03,,
03211,岩手県,釜石市,ｲﾜﾃｹﾝ,ｶﾏｲｼｼ,FALSE,03,,
03213,岩手県,二戸市,ｲﾜﾃｹﾝ,ﾆﾉﾍｼ,FALSE,03,,
03214,岩手県,八幡平市,ｲﾜﾃｹﾝ,ﾊﾁﾏﾝﾀｲｼ,FALSE,03,,
03215,岩手県,奥州市,ｲﾜﾃｹﾝ,ｵｳｼｭｳｼ,FALSE,03,,
03216,岩手県,滝沢市,ｲﾜﾃｹﾝ,ﾀｷｻﾞﾜｼ,FALSE,03,,
03301,岩手県,雫石町,ｲﾜﾃｹﾝ,ｼｽﾞｸｲｼﾁｮｳ,FALSE,03,,
03302,岩手県,葛巻町,ｲﾜﾃｹﾝ,ｸｽﾞﾏｷﾏﾁ,FALSE,03,,
03303,岩手県,岩手町,ｲﾜﾃｹﾝ,ｲﾜﾃﾏﾁ,FALSE,03,,
03321,岩手県,紫波町,ｲﾜﾃｹﾝ,ｼﾜﾁｮｳ,FALSE,03,,
03322,岩手県,矢巾町,ｲﾜﾃｹﾝ,ﾔﾊﾊﾞﾁｮｳ,FALSE,03,,
03366,岩手県,西和賀町,ｲﾜﾃｹﾝ,ﾆｼﾜｶﾞﾏﾁ,FALSE,03,,
03381,岩手県,金ケ崎町,ｲﾜﾃｹﾝ,ｶﾈｶﾞｻｷﾁｮｳ,FALSE,03,,
03402,岩手県,平泉町,ｲﾜﾃｹﾝ,ﾋﾗｲｽﾞﾐﾁｮｳ,FALSE,03,,
03441,岩手県,住田町,ｲﾜﾃｹﾝ,ｽﾐﾀﾁｮｳ,FALSE,03,,
03461,岩手県,大槌町,ｲﾜﾃｹﾝ,ｵｵﾂﾁﾁｮｳ,FALSE,03,,
03482,岩手県,山田町,ｲﾜﾃｹﾝ,ﾔﾏﾀﾞﾏﾁ,FALSE,03,,
03483,岩手県,岩泉町,ｲﾜﾃｹﾝ,ｲﾜｲｽﾞﾐﾁｮｳ,FALSE,03,,
03484,岩手県,田野畑村,ｲﾜﾃｹﾝ,ﾀﾉﾊﾀﾑﾗ,FALSE,03,,
03485,岩手県,普代村,ｲﾜﾃｹﾝ,ﾌﾀﾞｲﾑﾗ,FALSE,03,,
03501,岩手県,軽米町,ｲﾜﾃｹﾝ,ｶﾙﾏｲﾏﾁ,FALSE,03,,
03503,岩手県,野田村,ｲﾜﾃｹﾝ,ﾉﾀﾞﾑﾗ,FALSE,03,,
03506,岩手県,九戸村,ｲﾜﾃｹﾝ,ｸﾉﾍﾑﾗ,FALSE,03,,
03507,岩手県,洋野町,ｲﾜﾃｹﾝ,ﾋﾛﾉﾁｮｳ,FALSE,03,,
03524,岩手県,一戸町,ｲﾜﾃｹﾝ,ｲﾁﾉﾍﾏﾁ,FALSE,03,,
04000,宮城県,,ﾐﾔｷﾞｹﾝ,,TRUE,04,,
04100,宮城県,仙台市,ﾐﾔｷﾞｹﾝ,ｾﾝﾀﾞｲｼ,FALSE,04,,
04101,宮城県,仙台市青葉区,ﾐﾔｷﾞｹﾝ,ｾﾝﾀﾞｲｼｱｵﾊﾞｸ,FALSE,04,,
04102,宮城県,仙台市宮城野区,ﾐﾔｷﾞｹﾝ,ｾﾝﾀﾞｲｼﾐﾔｷﾞﾉｸ,FALSE,04,,
04103,宮城県,仙台市若林区,ﾐﾔｷﾞｹﾝ,ｾﾝﾀﾞｲｼﾜｶﾊﾞﾔｼｸ,FALSE,04,,
04104,宮城県,仙台市太白区,ﾐﾔｷﾞｹﾝ,ｾﾝﾀﾞｲｼﾀｲﾊｸｸ,FALSE,04,,
04105,宮城県,仙台市泉区,ﾐﾔｷﾞｹﾝ,ｾﾝﾀﾞｲｼｲｽﾞﾐｸ,FALSE,04,,
04202,宮城県,石巻市,ﾐﾔｷﾞｹﾝ,ｲｼﾉﾏｷｼ,FALSE,04,,
04203,宮城県,塩竈市,ﾐﾔｷﾞｹﾝ,ｼｵｶﾞﾏｼ,FALSE,04,,
04205,宮城県,気仙沼市,ﾐﾔｷﾞｹﾝ,ｹｾﾝﾇﾏｼ,FALSE,04,,
04206,宮城県,白石市,ﾐﾔｷﾞｹﾝ,ｼﾛｲｼｼ,FALSE,04,,
04207,宮城県,名取市,ﾐﾔｷﾞｹﾝ,ﾅﾄﾘｼ,FALSE,04,,
04208,宮城県,角田市,ﾐﾔｷﾞｹﾝ,ｶｸﾀﾞｼ,FALSE,04,,
04209,宮城県,多賀城市,ﾐﾔｷﾞｹﾝ,ﾀｶﾞｼﾞｮｳｼ,FALSE,04,,
04211,宮城県,岩沼市,ﾐﾔｷﾞｹﾝ,ｲﾜﾇﾏｼ,FALSE,04,,
04212,宮城県,登米市,ﾐﾔｷﾞｹﾝ,ﾄﾒｼ,FALSE,04,,
04213,宮城県,栗原市,ﾐﾔｷﾞｹﾝ,ｸﾘﾊﾗｼ,FALSE,04,,
04214,宮城県,東松島市,ﾐﾔｷﾞｹﾝ,ﾋｶﾞｼﾏﾂｼﾏｼ,FALSE,04,,
04215,宮城県,大崎市,ﾐﾔｷﾞｹﾝ,ｵｵｻｷｼ,FALSE,04,,
04216,宮城県,富谷市,ﾐﾔｷﾞｹﾝ,ﾄﾐﾔｼ,FALSE,04,,
04301,宮城県,蔵王町,ﾐﾔｷﾞｹﾝ,ｻﾞｵｳﾏﾁ,FALSE,04,,
04302,宮城県,七ヶ宿町,ﾐﾔｷﾞｹﾝ,ｼﾁｶｼｭｸﾏﾁ,FALSE,04,,
04321,宮城県,大河原町,ﾐﾔｷﾞｹﾝ,ｵｵｶﾞﾜﾗﾏﾁ,FALSE,04,,
04322,宮城県,村田町,ﾐﾔｷﾞｹﾝ,ﾑﾗﾀﾏﾁ,FALSE,04,,
04323,宮城県,柴田町,ﾐﾔｷﾞｹﾝ,ｼﾊﾞﾀﾏﾁ,FALSE,04,,
04324,宮城県,川崎町,ﾐﾔｷﾞｹﾝ,ｶﾜｻｷﾏﾁ,FALSE,04,,
04341,宮城県,丸森町,ﾐﾔｷﾞｹﾝ,ﾏﾙﾓﾘﾏﾁ,FALSE,04,,
04361,宮城県,亘理町,ﾐﾔｷﾞｹﾝ,ﾜﾀﾘﾁｮｳ,FALSE,04,,
04362,宮城県,山元町,ﾐﾔｷﾞｹﾝ,ﾔﾏﾓﾄﾁｮｳ,FALSE,04,,
04401,宮城県,松島町,ﾐﾔｷﾞｹﾝ,ﾏﾂｼﾏﾏﾁ,FALSE,04,,
04404,宮城県,七ヶ浜町,ﾐﾔｷﾞｹﾝ,ｼﾁｶﾞﾊﾏﾏﾁ,FALSE,04,,
04406,宮城県,利府町,ﾐﾔｷﾞｹﾝ,ﾘﾌﾁｮｳ,FALSE,04,,
04421,宮城県,大和町,ﾐﾔｷﾞｹﾝ,ﾀｲﾜﾁｮｳ,FALSE,04,,
04422,宮城県,大郷町,ﾐﾔｷﾞｹﾝ,ｵｵｻﾄﾁｮｳ,FALSE,04,,
04424,宮城県,大衡村,ﾐﾔｷﾞｹﾝ,ｵｵﾋﾗﾑﾗ,FALSE,04,,
04444,宮城県,色麻町,ﾐﾔｷﾞｹﾝ,ｼｶﾏﾁｮｳ,FALSE,04,,
04445,宮城県,加美町,ﾐﾔｷﾞｹﾝ,ｶﾐﾏﾁ,FALSE,04,,
04501,宮城県,涌谷町,ﾐﾔｷﾞｹﾝ,ﾜｸﾔﾁｮｳ,FALSE,04,,
04505,宮城県,美里町,ﾐﾔｷﾞｹﾝ,ﾐｻﾄﾏﾁ,FALSE,04,,
04581,宮城県,女川町,ﾐﾔｷﾞｹﾝ,ｵﾅｶﾞﾜﾁｮｳ,FALSE,04,,
04606,宮城県,南三陸町,ﾐﾔｷﾞｹﾝ,ﾐﾅﾐｻﾝﾘｸﾁｮｳ,FALSE,04,,
05000,秋田県,,ｱｷﾀｹﾝ,,TRUE,05,,
05201,秋田県,秋田市,ｱｷﾀｹﾝ,ｱｷﾀｼ,FALSE,05,,
05202,秋田県,能代市,ｱｷﾀｹﾝ,ﾉｼﾛｼ,FALSE,05,,
05203,秋田県,横手市,ｱｷﾀｹﾝ,ﾖｺﾃｼ,FALSE,05,,
05204,秋田県,大館市,ｱｷﾀｹﾝ,ｵｵﾀﾞﾃｼ,FALSE,05,,
05206,秋田県,男鹿市,ｱｷﾀｹﾝ,ｵｶﾞｼ,FALSE,05,,
05207,秋田県,湯沢市,ｱｷﾀｹﾝ,ﾕｻﾞﾜｼ,FALSE,05,,
05209,秋田県,鹿角市,ｱｷﾀｹﾝ,ｶﾂﾞﾉｼ,FALSE,05,,
05210,秋田県,由利本荘市,ｱｷﾀｹﾝ,ﾕﾘﾎﾝｼﾞｮｳｼ,FALSE,05,,
05211,秋田県,潟上市,ｱｷﾀｹﾝ,ｶﾀｶﾞﾐｼ,FALSE,05,,
05212,秋田県,大仙市,ｱｷﾀｹﾝ,ﾀﾞｲｾﾝｼ,FALSE,05,,
05213,秋田県,北秋田市,ｱｷﾀｹﾝ,ｷﾀｱｷﾀｼ,FALSE,05,,
05214,秋田県,にかほ市,ｱｷﾀｹﾝ,ﾆｶﾎｼ,FALSE,05,,
05215,秋田県,仙北市,ｱｷﾀｹﾝ,ｾﾝﾎﾞｸｼ,FALSE,05,,
05303,秋田県,小坂町,ｱｷﾀｹﾝ,ｺｻｶﾏﾁ,FALSE,05,,
05327,秋田県,上小阿仁村,ｱｷﾀｹﾝ,ｶﾐｺｱﾆﾑﾗ,FALSE,05,,
05346,秋田県,藤里町,ｱｷﾀｹﾝ,ﾌｼﾞｻﾄﾏﾁ,FALSE,05,,
05348,秋田県,三種町,ｱｷﾀｹﾝ,ﾐﾀﾈﾁｮｳ,FALSE,05,,
05349,秋田県,八峰町,ｱｷﾀｹﾝ,ﾊｯﾎﾟｳﾁｮｳ,FALSE,05,,
05361,秋田県,五城目町,ｱｷﾀｹﾝ,ｺﾞｼﾞｮｳﾒﾏﾁ,FALSE,05,,
05363,秋田県,八郎潟町,ｱｷﾀｹﾝ,ﾊﾁﾛｳｶﾞﾀﾏﾁ,FALSE,05,,
05366,秋田県,井川町,ｱｷﾀｹﾝ,ｲｶﾜﾏﾁ,FALSE,05,,
05368,秋田県,大潟村,ｱｷﾀｹﾝ,ｵｵｶﾞﾀﾑﾗ,FALSE,05,,
05434,秋田県,美郷町,ｱｷﾀｹﾝ,ﾐｻﾄﾁｮｳ,FALSE,05,,
05463,秋田県,羽後町,ｱｷﾀｹﾝ,ｳｺﾞﾏﾁ,FALSE,05,,
05464,秋田県,東成瀬村,ｱｷﾀｹﾝ,ﾋｶﾞｼﾅﾙｾﾑﾗ,FALSE,05,,
06000,山形県,,ﾔﾏｶﾞﾀｹﾝ,,TRUE,06,,
06201,山形県,山形市,ﾔﾏｶﾞﾀｹﾝ,ﾔﾏｶﾞﾀｼ,FALSE,06,,
06202,山形県,米沢市,ﾔﾏｶﾞﾀｹﾝ,ﾖﾈｻﾞﾜｼ,FALSE,06,,
06203,山形県,鶴岡市,ﾔﾏｶﾞﾀｹﾝ,ﾂﾙｵｶｼ,FALSE,06,,
06204,山形県,酒田市,ﾔﾏｶﾞﾀｹﾝ,ｻｶﾀｼ,FALSE,06,,
06205,山形県,新庄市,ﾔﾏｶﾞﾀｹﾝ,ｼﾝｼﾞｮｳｼ,FALSE,06,,
06206,山形県,寒河江市,ﾔﾏｶﾞﾀｹﾝ,ｻｶﾞｴｼ,FALSE,06,,
06207,山形県,上山市,ﾔﾏｶﾞﾀｹﾝ,ｶﾐﾉﾔﾏｼ,FALSE,06,,
06208,山形県,村山市,ﾔﾏｶﾞﾀｹﾝ,ﾑﾗﾔﾏｼ,FALSE,06,,
06209,山形県,長井市,ﾔﾏｶﾞﾀｹﾝ,ﾅｶﾞｲｼ,FALSE,06,,
06210,山形県,天童市,ﾔﾏｶﾞﾀｹﾝ,ﾃﾝﾄﾞｳｼ,FALSE,06,,
06211,山形県,東根市,ﾔﾏｶﾞﾀｹﾝ,ﾋｶﾞｼﾈｼ,FALSE,06,,
06212,山形県,尾花沢市,ﾔﾏｶﾞﾀｹﾝ,ｵﾊﾞﾅｻﾞﾜｼ,FALSE,06,,
06213,山形県,南陽市,ﾔﾏｶﾞﾀｹﾝ,ﾅﾝﾖｳｼ,FALSE,06,,
06301,山形県,山辺町,ﾔﾏｶﾞﾀｹﾝ,ﾔﾏﾉﾍﾞﾏﾁ,FALSE,06,,
06302,山形県,中山町,ﾔﾏｶﾞﾀｹﾝ,ﾅｶﾔﾏﾏﾁ,FALSE,06,,
06321,山形県,河北町,ﾔﾏｶﾞﾀｹﾝ,ｶﾎｸﾁｮｳ,FALSE,06,,
06322,山形県,西川町,ﾔﾏｶﾞﾀｹﾝ,ﾆｼｶﾜﾏﾁ,FALSE,06,,
06323,山形県,朝日町,ﾔﾏｶﾞﾀｹﾝ,ｱｻﾋﾏﾁ,FALSE,06,,
06324,山形県,大江町,ﾔﾏｶﾞﾀｹﾝ,ｵｵｴﾏﾁ,FALSE,06,,
06341,山形県,大石田町,ﾔﾏｶﾞﾀｹﾝ,ｵｵｲｼﾀﾞﾏﾁ,FALSE,06,,
06361,山形県,金山町,ﾔﾏｶﾞﾀｹﾝ,ｶﾈﾔﾏﾏﾁ,FALSE,06,,
06362,山形県,最上町,ﾔﾏｶﾞﾀｹﾝ,ﾓｶﾞﾐﾏﾁ,FALSE,06,,
06363,山形県,舟形町,ﾔﾏｶﾞﾀｹﾝ,ﾌﾅｶﾞﾀﾏﾁ,FALSE,06,,
06364,山形県,真室川町,ﾔﾏｶﾞﾀｹﾝ,ﾏﾑﾛｶﾞﾜﾏﾁ,FALSE,06,,
06365,山形県,大蔵村,ﾔﾏｶﾞﾀｹﾝ,ｵｵｸﾗﾑﾗ,FALSE,06,,
06366,山形県,鮭川村,ﾔﾏｶﾞﾀｹﾝ,ｻｹｶﾞﾜﾑﾗ,FALSE,06,,
06367,山形県,戸沢村,ﾔﾏｶﾞﾀｹﾝ,ﾄｻﾞﾜﾑﾗ,FALSE,06,,
06381,山形県,高畠町,ﾔﾏｶﾞﾀｹﾝ,ﾀｶﾊﾀﾏﾁ,FALSE,06,,
06382,山形県,川西町,ﾔﾏｶﾞﾀｹﾝ,ｶﾜﾆｼﾏﾁ,FALSE,06,,
06401,山形県,小国町,ﾔﾏｶﾞﾀｹﾝ,ｵｸﾞﾆﾏﾁ,FALSE,06,,
06402,山形県,白鷹町,ﾔﾏｶﾞﾀｹﾝ,ｼﾗﾀｶﾏﾁ,FALSE,06,,
06403,山形県,飯豊町,ﾔﾏｶﾞﾀｹﾝ,ｲｲﾃﾞﾏﾁ,FALSE,06,,
06426,山形県,三川町,ﾔﾏｶﾞﾀｹﾝ,ﾐｶﾜﾏﾁ,FALSE,06,,
06428,山形県,庄内町,ﾔﾏｶﾞﾀｹﾝ,ｼﾖｳﾅｲﾏﾁ,FALSE,06,,
06461,山形県,遊佐町,ﾔﾏｶﾞﾀｹﾝ,ﾕｻﾞﾏﾁ,FALSE,06,,
07000,福島県,,ﾌｸｼﾏｹﾝ,,TRUE,07,,
07201,福島県,福島市,ﾌｸｼﾏｹﾝ,ﾌｸｼﾏｼ,FALSE,07,,
07202,福島県,会津若松市,ﾌｸｼﾏｹﾝ,ｱｲﾂﾞﾜｶﾏﾂｼ,FALSE,07,,
07203,福島県,郡山市,ﾌｸｼﾏｹﾝ,ｺｵﾘﾔﾏｼ,FALSE,07,,
07204,福島県,いわき市,ﾌｸｼﾏｹﾝ,ｲﾜｷｼ,FALSE,07,,
07205,福島県,白河市,ﾌｸｼﾏｹﾝ,ｼﾗｶﾜｼ,FALSE,07,,
07207,福島県,須賀川市,ﾌｸｼﾏｹﾝ,ｽｶｶﾞﾜｼ,FALSE,07,,
07208,福島県,喜多方市,ﾌｸｼﾏｹﾝ,ｷﾀｶﾀｼ,FALSE,07,,
07209,福島県,相馬市,ﾌｸｼﾏｹﾝ,ｿｳﾏｼ,FALSE,07,,
07210,福島県,二本松市,ﾌｸｼﾏｹﾝ,ﾆﾎﾝﾏﾂｼ,FALSE,07,,
07211,福島県,田村市,ﾌｸｼﾏｹﾝ,ﾀﾑﾗｼ,FALSE,07,,
07212,福島県,南相馬市,ﾌｸｼﾏｹﾝ,ﾐﾅﾐｿｳﾏｼ,FALSE,07,,
07213,福島県,伊達市,ﾌｸｼﾏｹﾝ,ﾀﾞﾃｼ,FALSE,07,,
07214,福島県,本宮市,ﾌｸｼﾏｹﾝ,ﾓﾄﾐﾔｼ,FALSE,07,,
07301,福島県,桑折町,ﾌｸｼﾏｹﾝ,ｺｵﾘﾏﾁ,FALSE,07,,
07303,福島県,国見町,ﾌｸｼﾏｹﾝ,ｸﾆﾐﾏﾁ,FALSE,07,,
07308,福島県,川俣町,ﾌｸｼﾏｹﾝ,ｶﾜﾏﾀﾏﾁ,FALSE,07,,
07322,福島県,大玉村,ﾌｸｼﾏｹﾝ,ｵｵﾀﾏﾑﾗ,FALSE,07,,
07342,福島県,鏡石町,ﾌｸｼﾏｹﾝ,ｶｶﾞﾐｲｼﾏﾁ,FALSE,07,,
07344,福島県,天栄村,ﾌｸｼﾏｹﾝ,ﾃﾝｴｲﾑﾗ,FALSE,07,,
07362,福島県,下郷町,ﾌｸｼﾏｹﾝ,ｼﾓｺﾞｳﾏﾁ,FALSE,07,,
07364,福島県,檜枝岐村,ﾌｸｼﾏｹﾝ,ﾋﾉｴﾏﾀﾑﾗ,FALSE,07,,
07367,福島県,只見町,ﾌｸｼﾏｹﾝ,ﾀﾀﾞﾐﾏﾁ,FALSE,07,,
07368,福島県,南会津町,ﾌｸｼﾏｹﾝ,ﾐﾅﾐｱｲﾂﾞﾏﾁ,FALSE,07,,
07402,福島県,北塩原村,ﾌｸｼﾏｹﾝ,ｷﾀｼｵﾊﾞﾗﾑﾗ,FALSE,07,,
07405,福島県,西会津町,ﾌｸｼﾏｹﾝ,ﾆｼｱｲﾂﾞﾏﾁ,FALSE,07,,
07407,福島県,磐梯町,ﾌｸｼﾏｹﾝ,ﾊﾞﾝﾀﾞｲﾏﾁ,FALSE,07,,
07408,福島県,猪苗代町,ﾌｸｼﾏｹﾝ,ｲﾅﾜｼﾛﾏﾁ,FALSE,07,,
07421,福島県,会津坂下町,ﾌｸｼﾏｹﾝ,ｱｲﾂﾞﾊﾞﾝｹﾞﾏﾁ,FALSE,07,,
07422,福島県,湯川村,ﾌｸｼﾏｹﾝ,ﾕｶﾞﾜﾑﾗ,FALSE,07,,
07423,福島県,柳津町,ﾌｸｼﾏｹﾝ,ﾔﾅｲﾂﾞﾏﾁ,FALSE,07,,
07444,福島県,三島町,ﾌｸｼﾏｹﾝ,ﾐｼﾏﾏﾁ,FALSE,07,,
07445,福島県,金山町,ﾌｸｼﾏｹﾝ,ｶﾈﾔﾏﾏﾁ,FALSE,07,,
07446,福島県,昭和村,ﾌｸｼﾏｹﾝ,ｼｮｳﾜﾑﾗ,FALSE,07,,
07447,福島県,会津美里町,ﾌｸｼﾏｹﾝ,ｱｲﾂﾞﾐｻﾄﾏﾁ,FALSE,07,,
07461,福島県,西郷村,ﾌｸｼﾏｹﾝ,ﾆｼｺﾞｳﾑﾗ,FALSE,07,,
07464,福島県,泉崎村,ﾌｸｼﾏｹﾝ,ｲｽﾞﾐｻﾞｷﾑﾗ,FALSE,07,,
07465,福島県,中島村,ﾌｸｼﾏｹﾝ,ﾅｶｼﾞﾏﾑﾗ,FALSE,07,,
07466,福島県,矢吹町,ﾌｸｼﾏｹﾝ,ﾔﾌﾞｷﾏﾁ,FALSE,07,,
07481,福島県,棚倉町,ﾌｸｼﾏｹﾝ,ﾀﾅｸﾞﾗﾏﾁ,FALSE,07,,
07482,福島県,矢祭町,ﾌｸｼﾏｹﾝ,ﾔﾏﾂﾘﾏﾁ,FALSE,07,,
07483,福島県,塙町,ﾌｸｼﾏｹﾝ,ﾊﾅﾜﾏﾁ,FALSE,07,,
07484,福島県,鮫川村,ﾌｸｼﾏｹﾝ,ｻﾒｶﾞﾜﾑﾗ,FALSE,07,,
07501,福島県,石川町,ﾌｸｼﾏｹﾝ,ｲｼｶﾜﾏﾁ,FALSE,07,,
07502,福島県,玉川村,ﾌｸｼﾏｹﾝ,ﾀﾏｶﾜﾑﾗ,FALSE,07,,
07503,福島県,平田村,ﾌｸｼﾏｹﾝ,ﾋﾗﾀﾑﾗ,FALSE,07,,
07504,福島県,浅川町,ﾌｸｼﾏｹﾝ,ｱｻｶﾜﾏﾁ,FALSE,07,,
07505,福島県,古殿町,ﾌｸｼﾏｹﾝ,ﾌﾙﾄﾞﾉﾏﾁ,FALSE,07,,
07521,福島県,三春町,ﾌｸｼﾏｹﾝ,ﾐﾊﾙﾏﾁ,FALSE,07,,
07522,福島県,小野町,ﾌｸｼﾏｹﾝ,ｵﾉﾏﾁ,FALSE,07,,
07541,福島県,広野町,ﾌｸｼﾏｹﾝ,ﾋﾛﾉﾏﾁ,FALSE,07,,
07542,福島県,楢葉町,ﾌｸｼﾏｹﾝ,ﾅﾗﾊﾏﾁ,FALSE,07,,
07543,福島県,富岡町,ﾌｸｼﾏｹﾝ,ﾄﾐｵｶﾏﾁ,FALSE,07,,
07544,福島県,川内村,ﾌｸｼﾏｹﾝ,ｶﾜｳﾁﾑﾗ,FALSE,07,,
07545,福島県,大熊町,ﾌｸｼﾏｹﾝ,ｵｵｸﾏﾏﾁ,FALSE,07,,
07546,福島県,双葉町,ﾌｸｼﾏｹﾝ,ﾌﾀﾊﾞﾏﾁ,FALSE,07,,
07547,福島県,浪江町,ﾌｸｼﾏｹﾝ,ﾅﾐｴﾏﾁ,FALSE,07,,
07548,福島県,葛尾村,ﾌｸｼﾏｹﾝ,ｶﾂﾗｵﾑﾗ,FALSE,07,,
07561,福島県,新地町,ﾌｸｼﾏｹﾝ,ｼﾝﾁﾏﾁ,FALSE,07,,
07564,福島県,飯舘村,ﾌｸｼﾏｹﾝ,ｲｲﾀﾃﾑﾗ,FALSE,07,,
08000,茨城県,,ｲﾊﾞﾗｷｹﾝ,,TRUE,08,,
08201,茨城県,水戸市,ｲﾊﾞﾗｷｹﾝ,ﾐﾄｼ,FALSE,08,交通網の整備と観光地としての発信が進み、自然や歴史資源を地域の仕事と結び付けながら、現在の観光都市・観光地としての個性を育ててきた。古い町の記憶と新しい交通・産業が重なっている点が、この地域の成り立ちを理解する鍵になる。,偕楽園、弘道館、水戸納豆が代表的だ。季節ごとに景色や食の楽しみが変わり、短い滞在でも地域の個性を感じやすい組み合わせだ。地域の直売所や公園も、普段の暮らしに触れられる立ち寄り先になっている。今も地域の個性として息づく。
08202,茨城県,日立市,ｲﾊﾞﾗｷｹﾝ,ﾋﾀﾁｼ,FALSE,08,戦後の工場立地や道路・鉄道の整備を背景に産業と住宅地が広がり、働く街と暮らす街の両面を持つ現在の姿へ発展した。古い町の記憶と新しい交通・産業が重なっている点が、この地域の成り立ちを理解する鍵になる。今も地域の個性として息づく。,日立製作所ゆかりの産業都市、日立駅から望む太平洋、かみね公園が代表的だ。観光の定番と地元の暮らしに近い魅力が並び、初めて訪れる人にも特徴が伝わりやすい。地域の直売所や公園も、普段の暮らしに触れられる立ち寄り先になっている。
08203,茨城県,土浦市,ｲﾊﾞﾗｷｹﾝ,ﾂﾁｳﾗｼ,FALSE,08,戦後の道路整備や産業・農業の変化を受け、中心市街地と周辺の田園・山間部が役割を分けながら、現在の地域の暮らしと産業が形づくられた。古い町の記憶と新しい交通・産業が重なっている点が、この地域の成り立ちを理解する鍵になる。,霞ケ浦、土浦全国花火競技大会、れんこんが代表的だ。公共交通や徒歩で訪ねられる場所も多く、景観・食・文化を一度に楽しみやすい。地域の直売所や公園も、普段の暮らしに触れられる立ち寄り先になっている。今も地域の個性として息づく。
08204,茨城県,古河市,ｲﾊﾞﾗｷｹﾝ,ｺｶﾞｼ,FALSE,08,戦後の道路整備や産業・農業の変化を受け、中心市街地と周辺の田園・山間部が役割を分けながら、現在の地域の暮らしと産業が形づくられた。地域の祭りや文化施設にも、こうした変化を受け継ぐ姿が見られる。今も地域の個性として息づく。,古河公方ゆかりの城下町、古河桃まつり、渡良瀬遊水地周辺が代表的だ。名所だけでなく、食や日常の風景まで組み合わせて歩くと、この土地らしさがつかみやすい。地域の直売所や公園も、普段の暮らしに触れられる立ち寄り先になっている。
08205,茨城県,石岡市,ｲﾊﾞﾗｷｹﾝ,ｲｼｵｶｼ,FALSE,08,戦後の道路整備や産業・農業の変化を受け、中心市街地と周辺の田園・山間部が役割を分けながら、現在の地域の暮らしと産業が形づくられた。地域の祭りや文化施設にも、こうした変化を受け継ぐ姿が見られる。今も地域の個性として息づく。,常陸國總社宮例大祭、筑波山麓の里山、石岡のおまつりが代表的だ。観光の定番と地元の暮らしに近い魅力が並び、初めて訪れる人にも特徴が伝わりやすい。地域の直売所や公園も、普段の暮らしに触れられる立ち寄り先になっている。
08207,茨城県,結城市,ｲﾊﾞﾗｷｹﾝ,ﾕｳｷｼ,FALSE,08,戦後の道路整備や産業・農業の変化を受け、中心市街地と周辺の田園・山間部が役割を分けながら、現在の地域の暮らしと産業が形づくられた。古い町の記憶と新しい交通・産業が重なっている点が、この地域の成り立ちを理解する鍵になる。,結城紬、蔵のある街並み、結城家ゆかりの史跡が代表的だ。公共交通や徒歩で訪ねられる場所も多く、景観・食・文化を一度に楽しみやすい。地域の直売所や公園も、普段の暮らしに触れられる立ち寄り先になっている。今も地域の個性として息づく。
08208,茨城県,龍ケ崎市,ｲﾊﾞﾗｷｹﾝ,ﾘｭｳｶﾞｻｷｼ,FALSE,08,戦後の道路整備や産業・農業の変化を受け、中心市街地と周辺の田園・山間部が役割を分けながら、現在の地域の暮らしと産業が形づくられた。古い町の記憶と新しい交通・産業が重なっている点が、この地域の成り立ちを理解する鍵になる。,牛久沼周辺、龍ケ崎コロッケ、撞舞が代表的だ。公共交通や徒歩で訪ねられる場所も多く、景観・食・文化を一度に楽しみやすい。地域の直売所や公園も、普段の暮らしに触れられる立ち寄り先になっている。今も地域の個性として息づく。
08210,茨城県,下妻市,ｲﾊﾞﾗｷｹﾝ,ｼﾓﾂﾏｼ,FALSE,08,戦後の道路整備や産業・農業の変化を受け、中心市街地と周辺の田園・山間部が役割を分けながら、現在の地域の暮らしと産業が形づくられた。古い町の記憶と新しい交通・産業が重なっている点が、この地域の成り立ちを理解する鍵になる。,砂沼、梨などの農産物、大宝八幡宮が代表的だ。季節ごとに景色や食の楽しみが変わり、短い滞在でも地域の個性を感じやすい組み合わせだ。地域の直売所や公園も、普段の暮らしに触れられる立ち寄り先になっている。今も地域の個性として息づく。
08211,茨城県,常総市,ｲﾊﾞﾗｷｹﾝ,ｼﾞｮｳｿｳｼ,FALSE,08,戦後の道路整備や産業・農業の変化を受け、中心市街地と周辺の田園・山間部が役割を分けながら、現在の地域の暮らしと産業が形づくられた。古い町の記憶と新しい交通・産業が重なっている点が、この地域の成り立ちを理解する鍵になる。,鬼怒川、豊田城、米や野菜の農産物が代表的だ。名所だけでなく、食や日常の風景まで組み合わせて歩くと、この土地らしさがつかみやすい。地域の直売所や公園も、普段の暮らしに触れられる立ち寄り先になっている。今も地域の個性として息づく。
08212,茨城県,常陸太田市,ｲﾊﾞﾗｷｹﾝ,ﾋﾀﾁｵｵﾀｼ,FALSE,08,戦後の道路整備や産業・農業の変化を受け、中心市街地と周辺の田園・山間部が役割を分けながら、現在の地域の暮らしと産業が形づくられた。現在の景観には、以前からの集落や産業と、戦後に加わった都市機能の両方が表れている。,竜神大吊橋、常陸秋そば、西山御殿が代表的だ。公共交通や徒歩で訪ねられる場所も多く、景観・食・文化を一度に楽しみやすい。地域の直売所や公園も、普段の暮らしに触れられる立ち寄り先になっている。今も地域の個性として息づく。
08214,茨城県,高萩市,ｲﾊﾞﾗｷｹﾝ,ﾀｶﾊｷﾞｼ,FALSE,08,戦後の道路整備や産業・農業の変化を受け、中心市街地と周辺の田園・山間部が役割を分けながら、現在の地域の暮らしと産業が形づくられた。古い町の記憶と新しい交通・産業が重なっている点が、この地域の成り立ちを理解する鍵になる。,花貫渓谷、海岸景観、炭鉱の歴史を伝える地域資源が代表的だ。名所だけでなく、食や日常の風景まで組み合わせて歩くと、この土地らしさがつかみやすい。地域の直売所や公園も、普段の暮らしに触れられる立ち寄り先になっている。
08215,茨城県,北茨城市,ｲﾊﾞﾗｷｹﾝ,ｷﾀｲﾊﾞﾗｷｼ,FALSE,08,交通網の整備と観光地としての発信が進み、自然や歴史資源を地域の仕事と結び付けながら、現在の観光都市・観光地としての個性を育ててきた。古い町の記憶と新しい交通・産業が重なっている点が、この地域の成り立ちを理解する鍵になる。,五浦海岸、六角堂、あんこう料理が代表的だ。観光の定番と地元の暮らしに近い魅力が並び、初めて訪れる人にも特徴が伝わりやすい。地域の直売所や公園も、普段の暮らしに触れられる立ち寄り先になっている。今も地域の個性として息づく。
08216,茨城県,笠間市,ｲﾊﾞﾗｷｹﾝ,ｶｻﾏｼ,FALSE,08,交通網の整備と観光地としての発信が進み、自然や歴史資源を地域の仕事と結び付けながら、現在の観光都市・観光地としての個性を育ててきた。古い町の記憶と新しい交通・産業が重なっている点が、この地域の成り立ちを理解する鍵になる。,笠間焼、笠間稲荷神社、栗が代表的だ。観光の定番と地元の暮らしに近い魅力が並び、初めて訪れる人にも特徴が伝わりやすい。地域の直売所や公園も、普段の暮らしに触れられる立ち寄り先になっている。今も地域の個性として息づく。
08217,茨城県,取手市,ｲﾊﾞﾗｷｹﾝ,ﾄﾘﾃﾞｼ,FALSE,08,戦後の道路整備や産業・農業の変化を受け、中心市街地と周辺の田園・山間部が役割を分けながら、現在の地域の暮らしと産業が形づくられた。昔からの地域資源を保存するだけでなく、現代の暮らしや観光に生かす動きが続いている。,利根川、東京藝術大学取手キャンパス、取手競輪場が代表的だ。季節ごとに景色や食の楽しみが変わり、短い滞在でも地域の個性を感じやすい組み合わせだ。地域の直売所や公園も、普段の暮らしに触れられる立ち寄り先になっている。
08219,茨城県,牛久市,ｲﾊﾞﾗｷｹﾝ,ｳｼｸｼ,FALSE,08,戦後の道路整備や産業・農業の変化を受け、中心市街地と周辺の田園・山間部が役割を分けながら、現在の地域の暮らしと産業が形づくられた。昔からの地域資源を保存するだけでなく、現代の暮らしや観光に生かす動きが続いている。,牛久大仏、牛久シャトー、ワイン文化が代表的だ。公共交通や徒歩で訪ねられる場所も多く、景観・食・文化を一度に楽しみやすい。地域の直売所や公園も、普段の暮らしに触れられる立ち寄り先になっている。今も地域の個性として息づく。
08220,茨城県,つくば市,ｲﾊﾞﾗｷｹﾝ,ﾂｸﾊﾞｼ,FALSE,08,研究機関と大学が集まる筑波研究学園都市の整備で、科学技術の街という現在の個性が形づくられた。地域の祭りや文化施設にも、こうした変化を受け継ぐ姿が見られる。つくば市の歩みは、地域資源を生かしながら変化を重ねてきた。,筑波研究学園都市、筑波山、JAXA筑波宇宙センターが代表的だ。公共交通や徒歩で訪ねられる場所も多く、景観・食・文化を一度に楽しみやすい。地域の直売所や公園も、普段の暮らしに触れられる立ち寄り先になっている。
08221,茨城県,ひたちなか市,ｲﾊﾞﾗｷｹﾝ,ﾋﾀﾁﾅｶｼ,FALSE,08,戦後の道路整備や産業・農業の変化を受け、中心市街地と周辺の田園・山間部が役割を分けながら、現在の地域の暮らしと産業が形づくられた。昔からの地域資源を保存するだけでなく、現代の暮らしや観光に生かす動きが続いている。,国営ひたち海浜公園、那珂湊おさかな市場、干し芋が代表的だ。公共交通や徒歩で訪ねられる場所も多く、景観・食・文化を一度に楽しみやすい。地域の直売所や公園も、普段の暮らしに触れられる立ち寄り先になっている。
08222,茨城県,鹿嶋市,ｲﾊﾞﾗｷｹﾝ,ｶｼﾏｼ,FALSE,08,鹿島臨海工業地帯の開発とプロサッカークラブの定着が重なり、産業とスポーツの両方で知られる街になった。地域の祭りや文化施設にも、こうした変化を受け継ぐ姿が見られる。鹿嶋市の歩みは、地域資源を生かしながら変化を重ねてきた。,鹿島神宮、鹿島アントラーズ、鹿島臨海工業地帯が代表的だ。季節ごとに景色や食の楽しみが変わり、短い滞在でも地域の個性を感じやすい組み合わせだ。地域の直売所や公園も、普段の暮らしに触れられる立ち寄り先になっている。
08223,茨城県,潮来市,ｲﾊﾞﾗｷｹﾝ,ｲﾀｺｼ,FALSE,08,交通網の整備と観光地としての発信が進み、自然や歴史資源を地域の仕事と結び付けながら、現在の観光都市・観光地としての個性を育ててきた。古い町の記憶と新しい交通・産業が重なっている点が、この地域の成り立ちを理解する鍵になる。,水郷、あやめ園、十二橋めぐりが代表的だ。観光の定番と地元の暮らしに近い魅力が並び、初めて訪れる人にも特徴が伝わりやすい。地域の直売所や公園も、普段の暮らしに触れられる立ち寄り先になっている。今も地域の個性として息づく。
08224,茨城県,守谷市,ｲﾊﾞﾗｷｹﾝ,ﾓﾘﾔｼ,FALSE,08,戦後の道路整備や産業・農業の変化を受け、中心市街地と周辺の田園・山間部が役割を分けながら、現在の地域の暮らしと産業が形づくられた。昔からの地域資源を保存するだけでなく、現代の暮らしや観光に生かす動きが続いている。,つくばエクスプレス沿線の街並み、利根川・鬼怒川の水辺、守谷サービスエリアが代表的だ。観光の定番と地元の暮らしに近い魅力が並び、初めて訪れる人にも特徴が伝わりやすい。地域の直売所や公園も、普段の暮らしに触れられる立ち寄り先になっている。
08225,茨城県,常陸大宮市,ｲﾊﾞﾗｷｹﾝ,ﾋﾀﾁｵｵﾐﾔｼ,FALSE,08,平成の市町村合併で複数の地域が一つになり、旧市町村ごとの産業や祭り、生活圏を受け継ぎながら現在の自治体が形づくられた。地域の祭りや文化施設にも、こうした変化を受け継ぐ姿が見られる。常陸大宮市の歩みは、地域資源を生かしながら変化を重ねてきた。,久慈川、奥久慈の自然、道の駅常陸大宮が代表的だ。公共交通や徒歩で訪ねられる場所も多く、景観・食・文化を一度に楽しみやすい。地域の直売所や公園も、普段の暮らしに触れられる立ち寄り先になっている。今も地域の個性として息づく。
08226,茨城県,那珂市,ｲﾊﾞﾗｷｹﾝ,ﾅｶｼ,FALSE,08,戦後の道路整備や産業・農業の変化を受け、中心市街地と周辺の田園・山間部が役割を分けながら、現在の地域の暮らしと産業が形づくられた。現在の景観には、以前からの集落や産業と、戦後に加わった都市機能の両方が表れている。,静峰ふるさと公園、八重桜、額田城跡周辺が代表的だ。名所だけでなく、食や日常の風景まで組み合わせて歩くと、この土地らしさがつかみやすい。地域の直売所や公園も、普段の暮らしに触れられる立ち寄り先になっている。
08227,茨城県,筑西市,ｲﾊﾞﾗｷｹﾝ,ﾁｸｾｲｼ,FALSE,08,平成の市町村合併で複数の地域が一つになり、旧市町村ごとの産業や祭り、生活圏を受け継ぎながら現在の自治体が形づくられた。古い町の記憶と新しい交通・産業が重なっている点が、この地域の成り立ちを理解する鍵になる。,下館祇園まつり、梨やこだますいか、板谷波山記念館が代表的だ。季節ごとに景色や食の楽しみが変わり、短い滞在でも地域の個性を感じやすい組み合わせだ。地域の直売所や公園も、普段の暮らしに触れられる立ち寄り先になっている。
08228,茨城県,坂東市,ｲﾊﾞﾗｷｹﾝ,ﾊﾞﾝﾄﾞｳｼ,FALSE,08,平成の市町村合併で複数の地域が一つになり、旧市町村ごとの産業や祭り、生活圏を受け継ぎながら現在の自治体が形づくられた。地域の祭りや文化施設にも、こうした変化を受け継ぐ姿が見られる。坂東市の歩みは、地域資源を生かしながら変化を重ねてきた。,ミュージアムパーク茨城県自然博物館、平将門ゆかりの史跡、さしま茶が代表的だ。季節ごとに景色や食の楽しみが変わり、短い滞在でも地域の個性を感じやすい組み合わせだ。地域の直売所や公園も、普段の暮らしに触れられる立ち寄り先になっている。
08229,茨城県,稲敷市,ｲﾊﾞﾗｷｹﾝ,ｲﾅｼｷｼ,FALSE,08,平成の市町村合併で複数の地域が一つになり、旧市町村ごとの産業や祭り、生活圏を受け継ぎながら現在の自治体が形づくられた。古い町の記憶と新しい交通・産業が重なっている点が、この地域の成り立ちを理解する鍵になる。,霞ケ浦・利根川水系の水辺、江戸崎かぼちゃ、田園景観が代表的だ。季節ごとに景色や食の楽しみが変わり、短い滞在でも地域の個性を感じやすい組み合わせだ。地域の直売所や公園も、普段の暮らしに触れられる立ち寄り先になっている。
08230,茨城県,かすみがうら市,ｲﾊﾞﾗｷｹﾝ,ｶｽﾐｶﾞｳﾗｼ,FALSE,08,平成の市町村合併で複数の地域が一つになり、旧市町村ごとの産業や祭り、生活圏を受け継ぎながら現在の自治体が形づくられた。古い町の記憶と新しい交通・産業が重なっている点が、この地域の成り立ちを理解する鍵になる。,霞ケ浦、帆引き船、果樹園の梨や栗が代表的だ。公共交通や徒歩で訪ねられる場所も多く、景観・食・文化を一度に楽しみやすい。地域の直売所や公園も、普段の暮らしに触れられる立ち寄り先になっている。今も地域の個性として息づく。
08231,茨城県,桜川市,ｲﾊﾞﾗｷｹﾝ,ｻｸﾗｶﾞﾜｼ,FALSE,08,平成の市町村合併で複数の地域が一つになり、旧市町村ごとの産業や祭り、生活圏を受け継ぎながら現在の自治体が形づくられた。地域の祭りや文化施設にも、こうした変化を受け継ぐ姿が見られる。桜川市の歩みは、地域資源を生かしながら変化を重ねてきた。,真壁の町並み、雨引観音、石材産業が代表的だ。季節ごとに景色や食の楽しみが変わり、短い滞在でも地域の個性を感じやすい組み合わせだ。地域の直売所や公園も、普段の暮らしに触れられる立ち寄り先になっている。今も地域の個性として息づく。
08232,茨城県,神栖市,ｲﾊﾞﾗｷｹﾝ,ｶﾐｽｼ,FALSE,08,鹿島港と臨海工業地帯の整備を軸に、戦後の沿岸開発で大規模な工業都市へ姿を変えた。地域の祭りや文化施設にも、こうした変化を受け継ぐ姿が見られる。神栖市の歩みは、地域資源を生かしながら変化を重ねてきた。今も地域の個性として息づく。,鹿島臨海工業地帯、波崎海岸、ピーマンなどの農産物が代表的だ。観光の定番と地元の暮らしに近い魅力が並び、初めて訪れる人にも特徴が伝わりやすい。地域の直売所や公園も、普段の暮らしに触れられる立ち寄り先になっている。
08233,茨城県,行方市,ｲﾊﾞﾗｷｹﾝ,ﾅﾒｶﾞﾀｼ,FALSE,08,平成の市町村合併で複数の地域が一つになり、旧市町村ごとの産業や祭り、生活圏を受け継ぎながら現在の自治体が形づくられた。古い町の記憶と新しい交通・産業が重なっている点が、この地域の成り立ちを理解する鍵になる。,霞ケ浦、さつまいも、なめがたファーマーズヴィレッジが代表的だ。公共交通や徒歩で訪ねられる場所も多く、景観・食・文化を一度に楽しみやすい。地域の直売所や公園も、普段の暮らしに触れられる立ち寄り先になっている。
08234,茨城県,鉾田市,ｲﾊﾞﾗｷｹﾝ,ﾎｺﾀｼ,FALSE,08,平成の市町村合併で複数の地域が一つになり、旧市町村ごとの産業や祭り、生活圏を受け継ぎながら現在の自治体が形づくられた。地域の祭りや文化施設にも、こうした変化を受け継ぐ姿が見られる。鉾田市の歩みは、地域資源を生かしながら変化を重ねてきた。,メロン、さつまいも、鹿島灘の海岸が代表的だ。季節ごとに景色や食の楽しみが変わり、短い滞在でも地域の個性を感じやすい組み合わせだ。地域の直売所や公園も、普段の暮らしに触れられる立ち寄り先になっている。今も地域の個性として息づく。
08235,茨城県,つくばみらい市,ｲﾊﾞﾗｷｹﾝ,ﾂｸﾊﾞﾐﾗｲｼ,FALSE,08,平成の市町村合併で複数の地域が一つになり、旧市町村ごとの産業や祭り、生活圏を受け継ぎながら現在の自治体が形づくられた。現在の景観には、以前からの集落や産業と、戦後に加わった都市機能の両方が表れている。,ワープステーション江戸、田園風景、つくばエクスプレス沿線が代表的だ。観光の定番と地元の暮らしに近い魅力が並び、初めて訪れる人にも特徴が伝わりやすい。地域の直売所や公園も、普段の暮らしに触れられる立ち寄り先になっている。
08236,茨城県,小美玉市,ｲﾊﾞﾗｷｹﾝ,ｵﾐﾀﾏｼ,FALSE,08,平成の市町村合併で複数の地域が一つになり、旧市町村ごとの産業や祭り、生活圏を受け継ぎながら現在の自治体が形づくられた。現在の景観には、以前からの集落や産業と、戦後に加わった都市機能の両方が表れている。,茨城空港、航空自衛隊百里基地、乳製品や農産物が代表的だ。公共交通や徒歩で訪ねられる場所も多く、景観・食・文化を一度に楽しみやすい。地域の直売所や公園も、普段の暮らしに触れられる立ち寄り先になっている。
08302,茨城県,茨城町,ｲﾊﾞﾗｷｹﾝ,ｲﾊﾞﾗｷﾏﾁ,FALSE,08,戦後の道路整備や産業・農業の変化を受け、中心市街地と周辺の田園・山間部が役割を分けながら、現在の地域の暮らしと産業が形づくられた。地域の祭りや文化施設にも、こうした変化を受け継ぐ姿が見られる。今も地域の個性として息づく。,涸沼、しじみ、メロンなどの農産物が代表的だ。名所だけでなく、食や日常の風景まで組み合わせて歩くと、この土地らしさがつかみやすい。地域の直売所や公園も、普段の暮らしに触れられる立ち寄り先になっている。今も地域の個性として息づく。
08309,茨城県,大洗町,ｲﾊﾞﾗｷｹﾝ,ｵｵｱﾗｲﾏﾁ,FALSE,08,港町・観光地として発展し、近年は作品の舞台との結び付きも加わって、幅広い世代が訪れる街になった。地域の祭りや文化施設にも、こうした変化を受け継ぐ姿が見られる。大洗町の歩みは、地域資源を生かしながら変化を重ねてきた。,大洗磯前神社、アクアワールド茨城県大洗水族館、あんこう料理が代表的だ。名所だけでなく、食や日常の風景まで組み合わせて歩くと、この土地らしさがつかみやすい。地域の直売所や公園も、普段の暮らしに触れられる立ち寄り先になっている。
08310,茨城県,城里町,ｲﾊﾞﾗｷｹﾝ,ｼﾛｻﾄﾏﾁ,FALSE,08,戦後の道路整備や産業・農業の変化を受け、中心市街地と周辺の田園・山間部が役割を分けながら、現在の地域の暮らしと産業が形づくられた。古い町の記憶と新しい交通・産業が重なっている点が、この地域の成り立ちを理解する鍵になる。,那珂川、ホロルの湯、米や野菜の里山農業が代表的だ。観光の定番と地元の暮らしに近い魅力が並び、初めて訪れる人にも特徴が伝わりやすい。地域の直売所や公園も、普段の暮らしに触れられる立ち寄り先になっている。
08341,茨城県,東海村,ｲﾊﾞﾗｷｹﾝ,ﾄｳｶｲﾑﾗ,FALSE,08,戦後の道路整備や産業・農業の変化を受け、中心市街地と周辺の田園・山間部が役割を分けながら、現在の地域の暮らしと産業が形づくられた。昔からの地域資源を保存するだけでなく、現代の暮らしや観光に生かす動きが続いている。,原子力科学技術の研究施設、村松虚空蔵尊、海岸部の景観が代表的だ。観光の定番と地元の暮らしに近い魅力が並び、初めて訪れる人にも特徴が伝わりやすい。地域の直売所や公園も、普段の暮らしに触れられる立ち寄り先になっている。
08364,茨城県,大子町,ｲﾊﾞﾗｷｹﾝ,ﾀﾞｲｺﾞﾏﾁ,FALSE,08,交通網の整備と観光地としての発信が進み、自然や歴史資源を地域の仕事と結び付けながら、現在の観光都市・観光地としての個性を育ててきた。昔からの地域資源を保存するだけでなく、現代の暮らしや観光に生かす動きが続いている。,袋田の滝、奥久慈しゃも、りんごが代表的だ。観光の定番と地元の暮らしに近い魅力が並び、初めて訪れる人にも特徴が伝わりやすい。地域の直売所や公園も、普段の暮らしに触れられる立ち寄り先になっている。今も地域の個性として息づく。
08442,茨城県,美浦村,ｲﾊﾞﾗｷｹﾝ,ﾐﾎﾑﾗ,FALSE,08,戦後の道路整備や産業・農業の変化を受け、中心市街地と周辺の田園・山間部が役割を分けながら、現在の地域の暮らしと産業が形づくられた。昔からの地域資源を保存するだけでなく、現代の暮らしや観光に生かす動きが続いている。,JRA美浦トレーニング・センター、霞ケ浦、競走馬の調教風景が代表的だ。季節ごとに景色や食の楽しみが変わり、短い滞在でも地域の個性を感じやすい組み合わせだ。地域の直売所や公園も、普段の暮らしに触れられる立ち寄り先になっている。
08443,茨城県,阿見町,ｲﾊﾞﾗｷｹﾝ,ｱﾐﾏﾁ,FALSE,08,戦後の道路整備や産業・農業の変化を受け、中心市街地と周辺の田園・山間部が役割を分けながら、現在の地域の暮らしと産業が形づくられた。古い町の記憶と新しい交通・産業が重なっている点が、この地域の成り立ちを理解する鍵になる。,予科練平和記念館、霞ケ浦、あみプレミアム・アウトレットが代表的だ。名所だけでなく、食や日常の風景まで組み合わせて歩くと、この土地らしさがつかみやすい。地域の直売所や公園も、普段の暮らしに触れられる立ち寄り先になっている。
08447,茨城県,河内町,ｲﾊﾞﾗｷｹﾝ,ｶﾜﾁﾏﾁ,FALSE,08,戦後の道路整備や産業・農業の変化を受け、中心市街地と周辺の田園・山間部が役割を分けながら、現在の地域の暮らしと産業が形づくられた。昔からの地域資源を保存するだけでなく、現代の暮らしや観光に生かす動きが続いている。,利根川沿いの田園、水田農業、かわち夢楽など地域交流拠点が代表的だ。観光の定番と地元の暮らしに近い魅力が並び、初めて訪れる人にも特徴が伝わりやすい。地域の直売所や公園も、普段の暮らしに触れられる立ち寄り先になっている。
08521,茨城県,八千代町,ｲﾊﾞﾗｷｹﾝ,ﾔﾁﾖﾏﾁ,FALSE,08,戦後の道路整備や産業・農業の変化を受け、中心市街地と周辺の田園・山間部が役割を分けながら、現在の地域の暮らしと産業が形づくられた。地域の祭りや文化施設にも、こうした変化を受け継ぐ姿が見られる。今も地域の個性として息づく。,白菜やメロンなどの農産物、田園景観、鬼怒川流域が代表的だ。公共交通や徒歩で訪ねられる場所も多く、景観・食・文化を一度に楽しみやすい。地域の直売所や公園も、普段の暮らしに触れられる立ち寄り先になっている。
08542,茨城県,五霞町,ｲﾊﾞﾗｷｹﾝ,ｺﾞｶﾏﾁ,FALSE,08,戦後の道路整備や産業・農業の変化を受け、中心市街地と周辺の田園・山間部が役割を分けながら、現在の地域の暮らしと産業が形づくられた。地域の祭りや文化施設にも、こうした変化を受け継ぐ姿が見られる。今も地域の個性として息づく。,道の駅ごか、利根川・江戸川水系、工業団地が代表的だ。季節ごとに景色や食の楽しみが変わり、短い滞在でも地域の個性を感じやすい組み合わせだ。地域の直売所や公園も、普段の暮らしに触れられる立ち寄り先になっている。
08546,茨城県,境町,ｲﾊﾞﾗｷｹﾝ,ｻｶｲﾏﾁ,FALSE,08,戦後の道路整備や産業・農業の変化を受け、中心市街地と周辺の田園・山間部が役割を分けながら、現在の地域の暮らしと産業が形づくられた。昔からの地域資源を保存するだけでなく、現代の暮らしや観光に生かす動きが続いている。,利根川、道の駅さかい、隈研吾設計の建築群が代表的だ。名所だけでなく、食や日常の風景まで組み合わせて歩くと、この土地らしさがつかみやすい。地域の直売所や公園も、普段の暮らしに触れられる立ち寄り先になっている。
08564,茨城県,利根町,ｲﾊﾞﾗｷｹﾝ,ﾄﾈﾏﾁ,FALSE,08,戦後の道路整備や産業・農業の変化を受け、中心市街地と周辺の田園・山間部が役割を分けながら、現在の地域の暮らしと産業が形づくられた。昔からの地域資源を保存するだけでなく、現代の暮らしや観光に生かす動きが続いている。,利根川、小貝川沿いの水辺、柳田國男ゆかりの布川地区が代表的だ。公共交通や徒歩で訪ねられる場所も多く、景観・食・文化を一度に楽しみやすい。地域の直売所や公園も、普段の暮らしに触れられる立ち寄り先になっている。
09000,栃木県,,ﾄﾁｷﾞｹﾝ,,TRUE,09,,
09201,栃木県,宇都宮市,ﾄﾁｷﾞｹﾝ,ｳﾂﾉﾐﾔｼ,FALSE,09,戦後の道路整備や産業・農業の変化を受け、中心市街地と周辺の田園・山間部が役割を分けながら、現在の地域の暮らしと産業が形づくられた。昔からの地域資源を保存するだけでなく、現代の暮らしや観光に生かす動きが続いている。,宇都宮餃子、大谷資料館、ジャパンカップサイクルロードレースが代表的だ。公共交通や徒歩で訪ねられる場所も多く、景観・食・文化を一度に楽しみやすい。地域の直売所や公園も、普段の暮らしに触れられる立ち寄り先になっている。
09202,栃木県,足利市,ﾄﾁｷﾞｹﾝ,ｱｼｶｶﾞｼ,FALSE,09,交通網の整備と観光地としての発信が進み、自然や歴史資源を地域の仕事と結び付けながら、現在の観光都市・観光地としての個性を育ててきた。地域の祭りや文化施設にも、こうした変化を受け継ぐ姿が見られる。今も地域の個性として息づく。,足利学校、鑁阿寺、あしかがフラワーパークが代表的だ。名所だけでなく、食や日常の風景まで組み合わせて歩くと、この土地らしさがつかみやすい。地域の直売所や公園も、普段の暮らしに触れられる立ち寄り先になっている。
09203,栃木県,栃木市,ﾄﾁｷﾞｹﾝ,ﾄﾁｷﾞｼ,FALSE,09,戦後の道路整備や産業・農業の変化を受け、中心市街地と周辺の田園・山間部が役割を分けながら、現在の地域の暮らしと産業が形づくられた。地域の祭りや文化施設にも、こうした変化を受け継ぐ姿が見られる。今も地域の個性として息づく。,蔵の街、巴波川、太平山が代表的だ。名所だけでなく、食や日常の風景まで組み合わせて歩くと、この土地らしさがつかみやすい。地域の直売所や公園も、普段の暮らしに触れられる立ち寄り先になっている。今も地域の個性として息づく。
09204,栃木県,佐野市,ﾄﾁｷﾞｹﾝ,ｻﾉｼ,FALSE,09,戦後の道路整備や産業・農業の変化を受け、中心市街地と周辺の田園・山間部が役割を分けながら、現在の地域の暮らしと産業が形づくられた。現在の景観には、以前からの集落や産業と、戦後に加わった都市機能の両方が表れている。,佐野ラーメン、佐野厄よけ大師、いもフライが代表的だ。名所だけでなく、食や日常の風景まで組み合わせて歩くと、この土地らしさがつかみやすい。地域の直売所や公園も、普段の暮らしに触れられる立ち寄り先になっている。
09205,栃木県,鹿沼市,ﾄﾁｷﾞｹﾝ,ｶﾇﾏｼ,FALSE,09,戦後の工場立地や道路・鉄道の整備を背景に産業と住宅地が広がり、働く街と暮らす街の両面を持つ現在の姿へ発展した。古い町の記憶と新しい交通・産業が重なっている点が、この地域の成り立ちを理解する鍵になる。今も地域の個性として息づく。,鹿沼秋まつり、鹿沼組子、さつきが代表的だ。観光の定番と地元の暮らしに近い魅力が並び、初めて訪れる人にも特徴が伝わりやすい。地域の直売所や公園も、普段の暮らしに触れられる立ち寄り先になっている。今も地域の個性として息づく。
09206,栃木県,日光市,ﾄﾁｷﾞｹﾝ,ﾆｯｺｳｼ,FALSE,09,観光地として世界的に知られる一方、平成の市町村合併で日光・今市・藤原など広い地域が一つの市になった。昔からの地域資源を保存するだけでなく、現代の暮らしや観光に生かす動きが続いている。日光市の歩みは、地域資源を生かしながら変化を重ねてきた。,日光の社寺、華厳滝、中禅寺湖・鬼怒川温泉が代表的だ。観光の定番と地元の暮らしに近い魅力が並び、初めて訪れる人にも特徴が伝わりやすい。地域の直売所や公園も、普段の暮らしに触れられる立ち寄り先になっている。
09208,栃木県,小山市,ﾄﾁｷﾞｹﾝ,ｵﾔﾏｼ,FALSE,09,戦後の工場立地や道路・鉄道の整備を背景に産業と住宅地が広がり、働く街と暮らす街の両面を持つ現在の姿へ発展した。地域の祭りや文化施設にも、こうした変化を受け継ぐ姿が見られる。小山市の歩みは、地域資源を生かしながら変化を重ねてきた。,小山評定ゆかりの史跡、思川桜、結城紬文化圏が代表的だ。公共交通や徒歩で訪ねられる場所も多く、景観・食・文化を一度に楽しみやすい。地域の直売所や公園も、普段の暮らしに触れられる立ち寄り先になっている。今も地域の個性として息づく。
09209,栃木県,真岡市,ﾄﾁｷﾞｹﾝ,ﾓｵｶｼ,FALSE,09,戦後の工場立地や道路・鉄道の整備を背景に産業と住宅地が広がり、働く街と暮らす街の両面を持つ現在の姿へ発展した。古い町の記憶と新しい交通・産業が重なっている点が、この地域の成り立ちを理解する鍵になる。今も地域の個性として息づく。,SLもおか、真岡木綿、いちごが代表的だ。公共交通や徒歩で訪ねられる場所も多く、景観・食・文化を一度に楽しみやすい。地域の直売所や公園も、普段の暮らしに触れられる立ち寄り先になっている。今も地域の個性として息づく。
09210,栃木県,大田原市,ﾄﾁｷﾞｹﾝ,ｵｵﾀﾜﾗｼ,FALSE,09,戦後の道路整備や産業・農業の変化を受け、中心市街地と周辺の田園・山間部が役割を分けながら、現在の地域の暮らしと産業が形づくられた。昔からの地域資源を保存するだけでなく、現代の暮らしや観光に生かす動きが続いている。,那須与一ゆかりの地、とうがらし、那珂川沿いの自然が代表的だ。公共交通や徒歩で訪ねられる場所も多く、景観・食・文化を一度に楽しみやすい。地域の直売所や公園も、普段の暮らしに触れられる立ち寄り先になっている。
09211,栃木県,矢板市,ﾄﾁｷﾞｹﾝ,ﾔｲﾀｼ,FALSE,09,戦後の道路整備や産業・農業の変化を受け、中心市街地と周辺の田園・山間部が役割を分けながら、現在の地域の暮らしと産業が形づくられた。古い町の記憶と新しい交通・産業が重なっている点が、この地域の成り立ちを理解する鍵になる。,高原山、りんご、八方ヶ原が代表的だ。季節ごとに景色や食の楽しみが変わり、短い滞在でも地域の個性を感じやすい組み合わせだ。地域の直売所や公園も、普段の暮らしに触れられる立ち寄り先になっている。今も地域の個性として息づく。
09213,栃木県,那須塩原市,ﾄﾁｷﾞｹﾝ,ﾅｽｼｵﾊﾞﾗｼ,FALSE,09,新幹線駅を核にした都市化と酪農・温泉観光が共存し、平成の合併で現在の市域が形づくられた。現在の景観には、以前からの集落や産業と、戦後に加わった都市機能の両方が表れている。那須塩原市の歩みは、地域資源を生かしながら変化を重ねてきた。,塩原温泉郷、那須野が原、酪農・乳製品が代表的だ。季節ごとに景色や食の楽しみが変わり、短い滞在でも地域の個性を感じやすい組み合わせだ。地域の直売所や公園も、普段の暮らしに触れられる立ち寄り先になっている。
09214,栃木県,さくら市,ﾄﾁｷﾞｹﾝ,ｻｸﾗｼ,FALSE,09,戦後の道路整備や産業・農業の変化を受け、中心市街地と周辺の田園・山間部が役割を分けながら、現在の地域の暮らしと産業が形づくられた。地域の祭りや文化施設にも、こうした変化を受け継ぐ姿が見られる。今も地域の個性として息づく。,喜連川温泉、氏家雛めぐり、鬼怒川沿いの景観が代表的だ。公共交通や徒歩で訪ねられる場所も多く、景観・食・文化を一度に楽しみやすい。地域の直売所や公園も、普段の暮らしに触れられる立ち寄り先になっている。今も地域の個性として息づく。
09215,栃木県,那須烏山市,ﾄﾁｷﾞｹﾝ,ﾅｽｶﾗｽﾔﾏｼ,FALSE,09,平成の市町村合併で複数の地域が一つになり、旧市町村ごとの産業や祭り、生活圏を受け継ぎながら現在の自治体が形づくられた。地域の祭りや文化施設にも、こうした変化を受け継ぐ姿が見られる。那須烏山市の歩みは、地域資源を生かしながら変化を重ねてきた。,山あげ祭、烏山和紙、那珂川が代表的だ。季節ごとに景色や食の楽しみが変わり、短い滞在でも地域の個性を感じやすい組み合わせだ。地域の直売所や公園も、普段の暮らしに触れられる立ち寄り先になっている。今も地域の個性として息づく。
09216,栃木県,下野市,ﾄﾁｷﾞｹﾝ,ｼﾓﾂｹｼ,FALSE,09,平成の市町村合併で複数の地域が一つになり、旧市町村ごとの産業や祭り、生活圏を受け継ぎながら現在の自治体が形づくられた。昔からの地域資源を保存するだけでなく、現代の暮らしや観光に生かす動きが続いている。,薬師寺跡・国分寺跡、かんぴょう、グリムの森が代表的だ。観光の定番と地元の暮らしに近い魅力が並び、初めて訪れる人にも特徴が伝わりやすい。地域の直売所や公園も、普段の暮らしに触れられる立ち寄り先になっている。
09301,栃木県,上三川町,ﾄﾁｷﾞｹﾝ,ｶﾐﾉｶﾜﾏﾁ,FALSE,09,戦後の工場立地や道路・鉄道の整備を背景に産業と住宅地が広がり、働く街と暮らす街の両面を持つ現在の姿へ発展した。地域の祭りや文化施設にも、こうした変化を受け継ぐ姿が見られる。上三川町の歩みは、地域資源を生かしながら変化を重ねてきた。,日産自動車栃木工場、白鷺神社、農産物が代表的だ。名所だけでなく、食や日常の風景まで組み合わせて歩くと、この土地らしさがつかみやすい。地域の直売所や公園も、普段の暮らしに触れられる立ち寄り先になっている。
09342,栃木県,益子町,ﾄﾁｷﾞｹﾝ,ﾏｼｺﾏﾁ,FALSE,09,戦後の道路整備や産業・農業の変化を受け、中心市街地と周辺の田園・山間部が役割を分けながら、現在の地域の暮らしと産業が形づくられた。古い町の記憶と新しい交通・産業が重なっている点が、この地域の成り立ちを理解する鍵になる。,益子焼、陶器市、濱田庄司ゆかりの文化が代表的だ。観光の定番と地元の暮らしに近い魅力が並び、初めて訪れる人にも特徴が伝わりやすい。地域の直売所や公園も、普段の暮らしに触れられる立ち寄り先になっている。今も地域の個性として息づく。
09343,栃木県,茂木町,ﾄﾁｷﾞｹﾝ,ﾓﾃｷﾞﾏﾁ,FALSE,09,戦後の道路整備や産業・農業の変化を受け、中心市街地と周辺の田園・山間部が役割を分けながら、現在の地域の暮らしと産業が形づくられた。古い町の記憶と新しい交通・産業が重なっている点が、この地域の成り立ちを理解する鍵になる。,モビリティリゾートもてぎ、SLもおか沿線、里山が代表的だ。公共交通や徒歩で訪ねられる場所も多く、景観・食・文化を一度に楽しみやすい。地域の直売所や公園も、普段の暮らしに触れられる立ち寄り先になっている。
09344,栃木県,市貝町,ﾄﾁｷﾞｹﾝ,ｲﾁｶｲﾏﾁ,FALSE,09,戦後の道路整備や産業・農業の変化を受け、中心市街地と周辺の田園・山間部が役割を分けながら、現在の地域の暮らしと産業が形づくられた。古い町の記憶と新しい交通・産業が重なっている点が、この地域の成り立ちを理解する鍵になる。,芝ざくら公園、サシバの里、里山景観が代表的だ。季節ごとに景色や食の楽しみが変わり、短い滞在でも地域の個性を感じやすい組み合わせだ。地域の直売所や公園も、普段の暮らしに触れられる立ち寄り先になっている。
09345,栃木県,芳賀町,ﾄﾁｷﾞｹﾝ,ﾊｶﾞﾏﾁ,FALSE,09,芳賀・宇都宮LRTの開業で宇都宮方面との公共交通が大きく変わり、工業団地と生活圏の結び付きが強まった。現在の景観には、以前からの集落や産業と、戦後に加わった都市機能の両方が表れている。芳賀町の歩みは、地域資源を生かしながら変化を重ねてきた。,芳賀・宇都宮LRT、梨、工業団地が代表的だ。名所だけでなく、食や日常の風景まで組み合わせて歩くと、この土地らしさがつかみやすい。地域の直売所や公園も、普段の暮らしに触れられる立ち寄り先になっている。今も地域の個性として息づく。
09361,栃木県,壬生町,ﾄﾁｷﾞｹﾝ,ﾐﾌﾞﾏﾁ,FALSE,09,戦後の道路整備や産業・農業の変化を受け、中心市街地と周辺の田園・山間部が役割を分けながら、現在の地域の暮らしと産業が形づくられた。昔からの地域資源を保存するだけでなく、現代の暮らしや観光に生かす動きが続いている。,おもちゃのまち、壬生町おもちゃ博物館、かんぴょうが代表的だ。観光の定番と地元の暮らしに近い魅力が並び、初めて訪れる人にも特徴が伝わりやすい。地域の直売所や公園も、普段の暮らしに触れられる立ち寄り先になっている。
09364,栃木県,野木町,ﾄﾁｷﾞｹﾝ,ﾉｷﾞﾏﾁ,FALSE,09,戦後の道路整備や産業・農業の変化を受け、中心市街地と周辺の田園・山間部が役割を分けながら、現在の地域の暮らしと産業が形づくられた。現在の景観には、以前からの集落や産業と、戦後に加わった都市機能の両方が表れている。,野木町煉瓦窯、ひまわり、渡良瀬遊水地周辺が代表的だ。季節ごとに景色や食の楽しみが変わり、短い滞在でも地域の個性を感じやすい組み合わせだ。地域の直売所や公園も、普段の暮らしに触れられる立ち寄り先になっている。
09384,栃木県,塩谷町,ﾄﾁｷﾞｹﾝ,ｼｵﾔﾏﾁ,FALSE,09,戦後の道路整備や産業・農業の変化を受け、中心市街地と周辺の田園・山間部が役割を分けながら、現在の地域の暮らしと産業が形づくられた。古い町の記憶と新しい交通・産業が重なっている点が、この地域の成り立ちを理解する鍵になる。,尚仁沢湧水、高原山麓、里山と農産物が代表的だ。名所だけでなく、食や日常の風景まで組み合わせて歩くと、この土地らしさがつかみやすい。地域の直売所や公園も、普段の暮らしに触れられる立ち寄り先になっている。
09386,栃木県,高根沢町,ﾄﾁｷﾞｹﾝ,ﾀｶﾈｻﾞﾜﾏﾁ,FALSE,09,戦後の道路整備や産業・農業の変化を受け、中心市街地と周辺の田園・山間部が役割を分けながら、現在の地域の暮らしと産業が形づくられた。古い町の記憶と新しい交通・産業が重なっている点が、この地域の成り立ちを理解する鍵になる。,宝積寺駅周辺、御料牧場周辺の田園、米や麦が代表的だ。季節ごとに景色や食の楽しみが変わり、短い滞在でも地域の個性を感じやすい組み合わせだ。地域の直売所や公園も、普段の暮らしに触れられる立ち寄り先になっている。
09407,栃木県,那須町,ﾄﾁｷﾞｹﾝ,ﾅｽﾏﾁ,FALSE,09,交通網の整備と観光地としての発信が進み、自然や歴史資源を地域の仕事と結び付けながら、現在の観光都市・観光地としての個性を育ててきた。現在の景観には、以前からの集落や産業と、戦後に加わった都市機能の両方が表れている。,那須高原、那須温泉郷、殺生石が代表的だ。季節ごとに景色や食の楽しみが変わり、短い滞在でも地域の個性を感じやすい組み合わせだ。地域の直売所や公園も、普段の暮らしに触れられる立ち寄り先になっている。今も地域の個性として息づく。
09411,栃木県,那珂川町,ﾄﾁｷﾞｹﾝ,ﾅｶｶﾞﾜﾏﾁ,FALSE,09,戦後の道路整備や産業・農業の変化を受け、中心市街地と周辺の田園・山間部が役割を分けながら、現在の地域の暮らしと産業が形づくられた。現在の景観には、以前からの集落や産業と、戦後に加わった都市機能の両方が表れている。,馬頭広重美術館、那珂川、温泉と鮎が代表的だ。季節ごとに景色や食の楽しみが変わり、短い滞在でも地域の個性を感じやすい組み合わせだ。地域の直売所や公園も、普段の暮らしに触れられる立ち寄り先になっている。今も地域の個性として息づく。
10000,群馬県,,ｸﾞﾝﾏｹﾝ,,TRUE,10,,
10201,群馬県,前橋市,ｸﾞﾝﾏｹﾝ,ﾏｴﾊﾞｼｼ,FALSE,10,戦後の道路整備や産業・農業の変化を受け、中心市街地と周辺の田園・山間部が役割を分けながら、現在の地域の暮らしと産業が形づくられた。現在の景観には、以前からの集落や産業と、戦後に加わった都市機能の両方が表れている。,赤城山、前橋文学館、豚肉料理が代表的だ。名所だけでなく、食や日常の風景まで組み合わせて歩くと、この土地らしさがつかみやすい。地域の直売所や公園も、普段の暮らしに触れられる立ち寄り先になっている。今も地域の個性として息づく。
10202,群馬県,高崎市,ｸﾞﾝﾏｹﾝ,ﾀｶｻｷｼ,FALSE,10,戦後の道路整備や産業・農業の変化を受け、中心市街地と周辺の田園・山間部が役割を分けながら、現在の地域の暮らしと産業が形づくられた。古い町の記憶と新しい交通・産業が重なっている点が、この地域の成り立ちを理解する鍵になる。,高崎だるま、高崎白衣大観音、音楽文化が代表的だ。観光の定番と地元の暮らしに近い魅力が並び、初めて訪れる人にも特徴が伝わりやすい。地域の直売所や公園も、普段の暮らしに触れられる立ち寄り先になっている。今も地域の個性として息づく。
10203,群馬県,桐生市,ｸﾞﾝﾏｹﾝ,ｷﾘｭｳｼ,FALSE,10,戦後の道路整備や産業・農業の変化を受け、中心市街地と周辺の田園・山間部が役割を分けながら、現在の地域の暮らしと産業が形づくられた。地域の祭りや文化施設にも、こうした変化を受け継ぐ姿が見られる。今も地域の個性として息づく。,桐生織、近代化遺産、桐生八木節まつりが代表的だ。季節ごとに景色や食の楽しみが変わり、短い滞在でも地域の個性を感じやすい組み合わせだ。地域の直売所や公園も、普段の暮らしに触れられる立ち寄り先になっている。
10204,群馬県,伊勢崎市,ｸﾞﾝﾏｹﾝ,ｲｾｻｷｼ,FALSE,10,戦後の道路整備や産業・農業の変化を受け、中心市街地と周辺の田園・山間部が役割を分けながら、現在の地域の暮らしと産業が形づくられた。昔からの地域資源を保存するだけでなく、現代の暮らしや観光に生かす動きが続いている。,伊勢崎銘仙、華蔵寺公園、もんじゃ文化が代表的だ。季節ごとに景色や食の楽しみが変わり、短い滞在でも地域の個性を感じやすい組み合わせだ。地域の直売所や公園も、普段の暮らしに触れられる立ち寄り先になっている。
10205,群馬県,太田市,ｸﾞﾝﾏｹﾝ,ｵｵﾀｼ,FALSE,10,戦後の工場立地や道路・鉄道の整備を背景に産業と住宅地が広がり、働く街と暮らす街の両面を持つ現在の姿へ発展した。地域の祭りや文化施設にも、こうした変化を受け継ぐ姿が見られる。太田市の歩みは、地域資源を生かしながら変化を重ねてきた。,SUBARUの自動車産業、金山城跡、焼きまんじゅう文化が代表的だ。公共交通や徒歩で訪ねられる場所も多く、景観・食・文化を一度に楽しみやすい。地域の直売所や公園も、普段の暮らしに触れられる立ち寄り先になっている。
10206,群馬県,沼田市,ｸﾞﾝﾏｹﾝ,ﾇﾏﾀｼ,FALSE,10,戦後の道路整備や産業・農業の変化を受け、中心市街地と周辺の田園・山間部が役割を分けながら、現在の地域の暮らしと産業が形づくられた。地域の祭りや文化施設にも、こうした変化を受け継ぐ姿が見られる。今も地域の個性として息づく。,沼田城跡、河岸段丘、りんご・さくらんぼが代表的だ。公共交通や徒歩で訪ねられる場所も多く、景観・食・文化を一度に楽しみやすい。地域の直売所や公園も、普段の暮らしに触れられる立ち寄り先になっている。今も地域の個性として息づく。
10207,群馬県,館林市,ｸﾞﾝﾏｹﾝ,ﾀﾃﾊﾞﾔｼｼ,FALSE,10,戦後の道路整備や産業・農業の変化を受け、中心市街地と周辺の田園・山間部が役割を分けながら、現在の地域の暮らしと産業が形づくられた。地域の祭りや文化施設にも、こうした変化を受け継ぐ姿が見られる。今も地域の個性として息づく。,つつじが岡公園、分福茶釜ゆかりの茂林寺、うどんが代表的だ。季節ごとに景色や食の楽しみが変わり、短い滞在でも地域の個性を感じやすい組み合わせだ。地域の直売所や公園も、普段の暮らしに触れられる立ち寄り先になっている。
10208,群馬県,渋川市,ｸﾞﾝﾏｹﾝ,ｼﾌﾞｶﾜｼ,FALSE,10,交通網の整備と観光地としての発信が進み、自然や歴史資源を地域の仕事と結び付けながら、現在の観光都市・観光地としての個性を育ててきた。昔からの地域資源を保存するだけでなく、現代の暮らしや観光に生かす動きが続いている。,伊香保温泉、石段街、水沢うどんが代表的だ。名所だけでなく、食や日常の風景まで組み合わせて歩くと、この土地らしさがつかみやすい。地域の直売所や公園も、普段の暮らしに触れられる立ち寄り先になっている。今も地域の個性として息づく。
10209,群馬県,藤岡市,ｸﾞﾝﾏｹﾝ,ﾌｼﾞｵｶｼ,FALSE,10,戦後の道路整備や産業・農業の変化を受け、中心市街地と周辺の田園・山間部が役割を分けながら、現在の地域の暮らしと産業が形づくられた。昔からの地域資源を保存するだけでなく、現代の暮らしや観光に生かす動きが続いている。,桜山公園の冬桜、藤岡瓦、三波石峡周辺が代表的だ。観光の定番と地元の暮らしに近い魅力が並び、初めて訪れる人にも特徴が伝わりやすい。地域の直売所や公園も、普段の暮らしに触れられる立ち寄り先になっている。今も地域の個性として息づく。
10210,群馬県,富岡市,ｸﾞﾝﾏｹﾝ,ﾄﾐｵｶｼ,FALSE,10,富岡製糸場の世界遺産登録を機に近代産業史への注目が高まり、製糸の街という個性が観光にも結び付いた。古い町の記憶と新しい交通・産業が重なっている点が、この地域の成り立ちを理解する鍵になる。今も地域の個性として息づく。,富岡製糸場、妙義山、こんにゃくが代表的だ。名所だけでなく、食や日常の風景まで組み合わせて歩くと、この土地らしさがつかみやすい。地域の直売所や公園も、普段の暮らしに触れられる立ち寄り先になっている。今も地域の個性として息づく。
10211,群馬県,安中市,ｸﾞﾝﾏｹﾝ,ｱﾝﾅｶｼ,FALSE,10,戦後の道路整備や産業・農業の変化を受け、中心市街地と周辺の田園・山間部が役割を分けながら、現在の地域の暮らしと産業が形づくられた。古い町の記憶と新しい交通・産業が重なっている点が、この地域の成り立ちを理解する鍵になる。,碓氷峠、めがね橋、磯部温泉が代表的だ。公共交通や徒歩で訪ねられる場所も多く、景観・食・文化を一度に楽しみやすい。地域の直売所や公園も、普段の暮らしに触れられる立ち寄り先になっている。今も地域の個性として息づく。
10212,群馬県,みどり市,ｸﾞﾝﾏｹﾝ,ﾐﾄﾞﾘｼ,FALSE,10,平成の市町村合併で複数の地域が一つになり、旧市町村ごとの産業や祭り、生活圏を受け継ぎながら現在の自治体が形づくられた。現在の景観には、以前からの集落や産業と、戦後に加わった都市機能の両方が表れている。,わたらせ渓谷鐵道、富弘美術館、草木湖が代表的だ。名所だけでなく、食や日常の風景まで組み合わせて歩くと、この土地らしさがつかみやすい。地域の直売所や公園も、普段の暮らしに触れられる立ち寄り先になっている。
10344,群馬県,榛東村,ｸﾞﾝﾏｹﾝ,ｼﾝﾄｳﾑﾗ,FALSE,10,戦後の道路整備や産業・農業の変化を受け、中心市街地と周辺の田園・山間部が役割を分けながら、現在の地域の暮らしと産業が形づくられた。古い町の記憶と新しい交通・産業が重なっている点が、この地域の成り立ちを理解する鍵になる。,陸上自衛隊相馬原駐屯地、ぶどう、榛名山麓が代表的だ。観光の定番と地元の暮らしに近い魅力が並び、初めて訪れる人にも特徴が伝わりやすい。地域の直売所や公園も、普段の暮らしに触れられる立ち寄り先になっている。
10345,群馬県,吉岡町,ｸﾞﾝﾏｹﾝ,ﾖｼｵｶﾏﾁ,FALSE,10,戦後の道路整備や産業・農業の変化を受け、中心市街地と周辺の田園・山間部が役割を分けながら、現在の地域の暮らしと産業が形づくられた。地域の祭りや文化施設にも、こうした変化を受け継ぐ姿が見られる。今も地域の個性として息づく。,榛名山麓、道の駅よしおか温泉、船尾滝が代表的だ。名所だけでなく、食や日常の風景まで組み合わせて歩くと、この土地らしさがつかみやすい。地域の直売所や公園も、普段の暮らしに触れられる立ち寄り先になっている。
10366,群馬県,上野村,ｸﾞﾝﾏｹﾝ,ｳｴﾉﾑﾗ,FALSE,10,戦後の道路整備や産業・農業の変化を受け、中心市街地と周辺の田園・山間部が役割を分けながら、現在の地域の暮らしと産業が形づくられた。古い町の記憶と新しい交通・産業が重なっている点が、この地域の成り立ちを理解する鍵になる。,上野スカイブリッジ、神流川、森林と木工が代表的だ。公共交通や徒歩で訪ねられる場所も多く、景観・食・文化を一度に楽しみやすい。地域の直売所や公園も、普段の暮らしに触れられる立ち寄り先になっている。今も地域の個性として息づく。
10367,群馬県,神流町,ｸﾞﾝﾏｹﾝ,ｶﾝﾅﾏﾁ,FALSE,10,戦後の道路整備や産業・農業の変化を受け、中心市街地と周辺の田園・山間部が役割を分けながら、現在の地域の暮らしと産業が形づくられた。昔からの地域資源を保存するだけでなく、現代の暮らしや観光に生かす動きが続いている。,恐竜の足跡化石、神流川、鯉のぼり祭りが代表的だ。観光の定番と地元の暮らしに近い魅力が並び、初めて訪れる人にも特徴が伝わりやすい。地域の直売所や公園も、普段の暮らしに触れられる立ち寄り先になっている。今も地域の個性として息づく。
10382,群馬県,下仁田町,ｸﾞﾝﾏｹﾝ,ｼﾓﾆﾀﾏﾁ,FALSE,10,戦後の道路整備や産業・農業の変化を受け、中心市街地と周辺の田園・山間部が役割を分けながら、現在の地域の暮らしと産業が形づくられた。現在の景観には、以前からの集落や産業と、戦後に加わった都市機能の両方が表れている。,下仁田ねぎ、こんにゃく、荒船風穴が代表的だ。公共交通や徒歩で訪ねられる場所も多く、景観・食・文化を一度に楽しみやすい。地域の直売所や公園も、普段の暮らしに触れられる立ち寄り先になっている。今も地域の個性として息づく。
10383,群馬県,南牧村,ｸﾞﾝﾏｹﾝ,ﾅﾝﾓｸﾑﾗ,FALSE,10,戦後の道路整備や産業・農業の変化を受け、中心市街地と周辺の田園・山間部が役割を分けながら、現在の地域の暮らしと産業が形づくられた。昔からの地域資源を保存するだけでなく、現代の暮らしや観光に生かす動きが続いている。,石垣の集落景観、黒瀧山不動寺、山里の自然が代表的だ。季節ごとに景色や食の楽しみが変わり、短い滞在でも地域の個性を感じやすい組み合わせだ。地域の直売所や公園も、普段の暮らしに触れられる立ち寄り先になっている。
10384,群馬県,甘楽町,ｸﾞﾝﾏｹﾝ,ｶﾝﾗﾏﾁ,FALSE,10,戦後の道路整備や産業・農業の変化を受け、中心市街地と周辺の田園・山間部が役割を分けながら、現在の地域の暮らしと産業が形づくられた。古い町の記憶と新しい交通・産業が重なっている点が、この地域の成り立ちを理解する鍵になる。,楽山園、城下町小幡、こんにゃくが代表的だ。季節ごとに景色や食の楽しみが変わり、短い滞在でも地域の個性を感じやすい組み合わせだ。地域の直売所や公園も、普段の暮らしに触れられる立ち寄り先になっている。今も地域の個性として息づく。
10421,群馬県,中之条町,ｸﾞﾝﾏｹﾝ,ﾅｶﾉｼﾞﾖｳﾏﾁ,FALSE,10,交通網の整備と観光地としての発信が進み、自然や歴史資源を地域の仕事と結び付けながら、現在の観光都市・観光地としての個性を育ててきた。昔からの地域資源を保存するだけでなく、現代の暮らしや観光に生かす動きが続いている。,四万温泉、中之条ビエンナーレ、チャツボミゴケ公園が代表的だ。観光の定番と地元の暮らしに近い魅力が並び、初めて訪れる人にも特徴が伝わりやすい。地域の直売所や公園も、普段の暮らしに触れられる立ち寄り先になっている。
10424,群馬県,長野原町,ｸﾞﾝﾏｹﾝ,ﾅｶﾞﾉﾊﾗﾏﾁ,FALSE,10,戦後の道路整備や産業・農業の変化を受け、中心市街地と周辺の田園・山間部が役割を分けながら、現在の地域の暮らしと産業が形づくられた。昔からの地域資源を保存するだけでなく、現代の暮らしや観光に生かす動きが続いている。,八ッ場ダム、川原湯温泉、浅間山北麓が代表的だ。名所だけでなく、食や日常の風景まで組み合わせて歩くと、この土地らしさがつかみやすい。地域の直売所や公園も、普段の暮らしに触れられる立ち寄り先になっている。
10425,群馬県,嬬恋村,ｸﾞﾝﾏｹﾝ,ﾂﾏｺﾞｲﾑﾗ,FALSE,10,戦後の道路整備や産業・農業の変化を受け、中心市街地と周辺の田園・山間部が役割を分けながら、現在の地域の暮らしと産業が形づくられた。地域の祭りや文化施設にも、こうした変化を受け継ぐ姿が見られる。今も地域の個性として息づく。,高原キャベツ、浅間山、万座温泉が代表的だ。公共交通や徒歩で訪ねられる場所も多く、景観・食・文化を一度に楽しみやすい。地域の直売所や公園も、普段の暮らしに触れられる立ち寄り先になっている。今も地域の個性として息づく。
10426,群馬県,草津町,ｸﾞﾝﾏｹﾝ,ｸｻﾂﾏﾁ,FALSE,10,交通網の整備と観光地としての発信が進み、自然や歴史資源を地域の仕事と結び付けながら、現在の観光都市・観光地としての個性を育ててきた。昔からの地域資源を保存するだけでなく、現代の暮らしや観光に生かす動きが続いている。,草津温泉、湯畑、草津白根山周辺が代表的だ。名所だけでなく、食や日常の風景まで組み合わせて歩くと、この土地らしさがつかみやすい。地域の直売所や公園も、普段の暮らしに触れられる立ち寄り先になっている。今も地域の個性として息づく。
10428,群馬県,高山村,ｸﾞﾝﾏｹﾝ,ﾀｶﾔﾏﾑﾗ,FALSE,10,戦後の道路整備や産業・農業の変化を受け、中心市街地と周辺の田園・山間部が役割を分けながら、現在の地域の暮らしと産業が形づくられた。古い町の記憶と新しい交通・産業が重なっている点が、この地域の成り立ちを理解する鍵になる。,ロックハート城、県立ぐんま天文台、田園景観が代表的だ。公共交通や徒歩で訪ねられる場所も多く、景観・食・文化を一度に楽しみやすい。地域の直売所や公園も、普段の暮らしに触れられる立ち寄り先になっている。今も地域の個性として息づく。
10429,群馬県,東吾妻町,ｸﾞﾝﾏｹﾝ,ﾋｶﾞｼｱｶﾞﾂﾏﾏﾁ,FALSE,10,戦後の道路整備や産業・農業の変化を受け、中心市街地と周辺の田園・山間部が役割を分けながら、現在の地域の暮らしと産業が形づくられた。古い町の記憶と新しい交通・産業が重なっている点が、この地域の成り立ちを理解する鍵になる。,岩櫃山、吾妻峡、温泉が代表的だ。公共交通や徒歩で訪ねられる場所も多く、景観・食・文化を一度に楽しみやすい。地域の直売所や公園も、普段の暮らしに触れられる立ち寄り先になっている。地域の成り立ちを知ってから歩くと、見える景色にも奥行きが出る。
10443,群馬県,片品村,ｸﾞﾝﾏｹﾝ,ｶﾀｼﾅﾑﾗ,FALSE,10,戦後の道路整備や産業・農業の変化を受け、中心市街地と周辺の田園・山間部が役割を分けながら、現在の地域の暮らしと産業が形づくられた。古い町の記憶と新しい交通・産業が重なっている点が、この地域の成り立ちを理解する鍵になる。,尾瀬、丸沼高原、スキー・高原野菜が代表的だ。季節ごとに景色や食の楽しみが変わり、短い滞在でも地域の個性を感じやすい組み合わせだ。地域の直売所や公園も、普段の暮らしに触れられる立ち寄り先になっている。今も地域の個性として息づく。
10444,群馬県,川場村,ｸﾞﾝﾏｹﾝ,ｶﾜﾊﾞﾑﾗ,FALSE,10,戦後の道路整備や産業・農業の変化を受け、中心市街地と周辺の田園・山間部が役割を分けながら、現在の地域の暮らしと産業が形づくられた。古い町の記憶と新しい交通・産業が重なっている点が、この地域の成り立ちを理解する鍵になる。,道の駅川場田園プラザ、武尊山麓、米・乳製品が代表的だ。名所だけでなく、食や日常の風景まで組み合わせて歩くと、この土地らしさがつかみやすい。地域の直売所や公園も、普段の暮らしに触れられる立ち寄り先になっている。
10448,群馬県,昭和村,ｸﾞﾝﾏｹﾝ,ｼｮｳﾜﾑﾗ,FALSE,10,戦後の道路整備や産業・農業の変化を受け、中心市街地と周辺の田園・山間部が役割を分けながら、現在の地域の暮らしと産業が形づくられた。地域の祭りや文化施設にも、こうした変化を受け継ぐ姿が見られる。今も地域の個性として息づく。,高原野菜、赤城山麓、農村景観が代表的だ。季節ごとに景色や食の楽しみが変わり、短い滞在でも地域の個性を感じやすい組み合わせだ。地域の直売所や公園も、普段の暮らしに触れられる立ち寄り先になっている。今も地域の個性として息づく。
10449,群馬県,みなかみ町,ｸﾞﾝﾏｹﾝ,ﾐﾅｶﾐﾏﾁ,FALSE,10,平成の市町村合併で複数の地域が一つになり、旧市町村ごとの産業や祭り、生活圏を受け継ぎながら現在の自治体が形づくられた。古い町の記憶と新しい交通・産業が重なっている点が、この地域の成り立ちを理解する鍵になる。,谷川岳、水上温泉郷、ラフティングが代表的だ。公共交通や徒歩で訪ねられる場所も多く、景観・食・文化を一度に楽しみやすい。地域の直売所や公園も、普段の暮らしに触れられる立ち寄り先になっている。今も地域の個性として息づく。
10464,群馬県,玉村町,ｸﾞﾝﾏｹﾝ,ﾀﾏﾑﾗﾏﾁ,FALSE,10,戦後の道路整備や産業・農業の変化を受け、中心市街地と周辺の田園・山間部が役割を分けながら、現在の地域の暮らしと産業が形づくられた。昔からの地域資源を保存するだけでなく、現代の暮らしや観光に生かす動きが続いている。,玉村八幡宮、利根川・烏川、麦文化が代表的だ。公共交通や徒歩で訪ねられる場所も多く、景観・食・文化を一度に楽しみやすい。地域の直売所や公園も、普段の暮らしに触れられる立ち寄り先になっている。今も地域の個性として息づく。
10521,群馬県,板倉町,ｸﾞﾝﾏｹﾝ,ｲﾀｸﾗﾏﾁ,FALSE,10,戦後の道路整備や産業・農業の変化を受け、中心市街地と周辺の田園・山間部が役割を分けながら、現在の地域の暮らしと産業が形づくられた。昔からの地域資源を保存するだけでなく、現代の暮らしや観光に生かす動きが続いている。,渡良瀬遊水地、雷電神社、低湿地の水郷景観が代表的だ。観光の定番と地元の暮らしに近い魅力が並び、初めて訪れる人にも特徴が伝わりやすい。地域の直売所や公園も、普段の暮らしに触れられる立ち寄り先になっている。
10522,群馬県,明和町,ｸﾞﾝﾏｹﾝ,ﾒｲﾜﾏﾁ,FALSE,10,戦後の道路整備や産業・農業の変化を受け、中心市街地と周辺の田園・山間部が役割を分けながら、現在の地域の暮らしと産業が形づくられた。昔からの地域資源を保存するだけでなく、現代の暮らしや観光に生かす動きが続いている。,梨、利根川沿いの田園、工業団地が代表的だ。季節ごとに景色や食の楽しみが変わり、短い滞在でも地域の個性を感じやすい組み合わせだ。地域の直売所や公園も、普段の暮らしに触れられる立ち寄り先になっている。今も地域の個性として息づく。
10523,群馬県,千代田町,ｸﾞﾝﾏｹﾝ,ﾁﾖﾀﾞﾏﾁ,FALSE,10,戦後の道路整備や産業・農業の変化を受け、中心市街地と周辺の田園・山間部が役割を分けながら、現在の地域の暮らしと産業が形づくられた。古い町の記憶と新しい交通・産業が重なっている点が、この地域の成り立ちを理解する鍵になる。,利根川、赤岩渡船、麦・米の農業が代表的だ。公共交通や徒歩で訪ねられる場所も多く、景観・食・文化を一度に楽しみやすい。地域の直売所や公園も、普段の暮らしに触れられる立ち寄り先になっている。今も地域の個性として息づく。
10524,群馬県,大泉町,ｸﾞﾝﾏｹﾝ,ｵｵｲｽﾞﾐﾏﾁ,FALSE,10,製造業の人材受け入れを背景に外国ルーツの住民が増え、多言語・多文化が日常に根付く街として知られる。現在の景観には、以前からの集落や産業と、戦後に加わった都市機能の両方が表れている。大泉町の歩みは、地域資源を生かしながら変化を重ねてきた。,多文化共生の街、ブラジル料理、SUBARU関連産業が代表的だ。季節ごとに景色や食の楽しみが変わり、短い滞在でも地域の個性を感じやすい組み合わせだ。地域の直売所や公園も、普段の暮らしに触れられる立ち寄り先になっている。
10525,群馬県,邑楽町,ｸﾞﾝﾏｹﾝ,ｵｳﾗﾏﾁ,FALSE,10,戦後の道路整備や産業・農業の変化を受け、中心市街地と周辺の田園・山間部が役割を分けながら、現在の地域の暮らしと産業が形づくられた。現在の景観には、以前からの集落や産業と、戦後に加わった都市機能の両方が表れている。,シンボルタワー未来MiRAi、白鳥飛来地、田園景観が代表的だ。名所だけでなく、食や日常の風景まで組み合わせて歩くと、この土地らしさがつかみやすい。地域の直売所や公園も、普段の暮らしに触れられる立ち寄り先になっている。
11000,埼玉県,,ｻｲﾀﾏｹﾝ,,TRUE,11,,
11100,埼玉県,さいたま市,ｻｲﾀﾏｹﾝ,ｻｲﾀﾏｼ,FALSE,11,浦和・大宮・与野の合併と政令指定都市化を経て、県都機能、鉄道拠点、スポーツ文化が一体となる都市になった。地域の祭りや文化施設にも、こうした変化を受け継ぐ姿が見られる。さいたま市の歩みは、地域資源を生かしながら変化を重ねてきた。,大宮盆栽村、鉄道博物館、浦和レッズ・大宮アルディージャが代表的だ。公共交通や徒歩で訪ねられる場所も多く、景観・食・文化を一度に楽しみやすい。地域の直売所や公園も、普段の暮らしに触れられる立ち寄り先になっている。
11101,埼玉県,さいたま市西区,ｻｲﾀﾏｹﾝ,ｻｲﾀﾏｼﾆｼｸ,FALSE,11,戦後の人口増加と鉄道・道路整備を背景に住宅地や商業地が広がり、従来の農村・宿場・工業の記憶を残しつつ首都圏の生活都市へ発展した。現在の景観には、以前からの集落や産業と、戦後に加わった都市機能の両方が表れている。,荒川河川敷、三橋総合公園、田園景観が代表的だ。名所だけでなく、食や日常の風景まで組み合わせて歩くと、この土地らしさがつかみやすい。地域の直売所や公園も、普段の暮らしに触れられる立ち寄り先になっている。
11102,埼玉県,さいたま市北区,ｻｲﾀﾏｹﾝ,ｻｲﾀﾏｼｷﾀｸ,FALSE,11,戦後の人口増加と鉄道・道路整備を背景に住宅地や商業地が広がり、従来の農村・宿場・工業の記憶を残しつつ首都圏の生活都市へ発展した。昔からの地域資源を保存するだけでなく、現代の暮らしや観光に生かす動きが続いている。,大宮盆栽村、鉄道博物館周辺、漫画会館が代表的だ。公共交通や徒歩で訪ねられる場所も多く、景観・食・文化を一度に楽しみやすい。地域の直売所や公園も、普段の暮らしに触れられる立ち寄り先になっている。今も地域の個性として息づく。
11103,埼玉県,さいたま市大宮区,ｻｲﾀﾏｹﾝ,ｻｲﾀﾏｼｵｵﾐﾔｸ,FALSE,11,大宮駅を中心に商業・業務機能が集まり、鉄道の街として発展してきた。現在も駅周辺の再整備が続く。古い町の記憶と新しい交通・産業が重なっている点が、この地域の成り立ちを理解する鍵になる。今も地域の個性として息づく。,大宮駅、氷川神社、大宮公園が代表的だ。観光の定番と地元の暮らしに近い魅力が並び、初めて訪れる人にも特徴が伝わりやすい。地域の直売所や公園も、普段の暮らしに触れられる立ち寄り先になっている。今も地域の個性として息づく。
11104,埼玉県,さいたま市見沼区,ｻｲﾀﾏｹﾝ,ｻｲﾀﾏｼﾐﾇﾏｸ,FALSE,11,戦後の人口増加と鉄道・道路整備を背景に住宅地や商業地が広がり、従来の農村・宿場・工業の記憶を残しつつ首都圏の生活都市へ発展した。地域の祭りや文化施設にも、こうした変化を受け継ぐ姿が見られる。今も地域の個性として息づく。,見沼田んぼ、大宮公園周辺、緑地散策が代表的だ。名所だけでなく、食や日常の風景まで組み合わせて歩くと、この土地らしさがつかみやすい。地域の直売所や公園も、普段の暮らしに触れられる立ち寄り先になっている。
11105,埼玉県,さいたま市中央区,ｻｲﾀﾏｹﾝ,ｻｲﾀﾏｼﾁｭｳｵｳｸ,FALSE,11,戦後の人口増加と鉄道・道路整備を背景に住宅地や商業地が広がり、従来の農村・宿場・工業の記憶を残しつつ首都圏の生活都市へ発展した。古い町の記憶と新しい交通・産業が重なっている点が、この地域の成り立ちを理解する鍵になる。,さいたまスーパーアリーナ、彩の国さいたま芸術劇場、与野公園が代表的だ。季節ごとに景色や食の楽しみが変わり、短い滞在でも地域の個性を感じやすい組み合わせだ。地域の直売所や公園も、普段の暮らしに触れられる立ち寄り先になっている。
11106,埼玉県,さいたま市桜区,ｻｲﾀﾏｹﾝ,ｻｲﾀﾏｼｻｸﾗｸ,FALSE,11,戦後の人口増加と鉄道・道路整備を背景に住宅地や商業地が広がり、従来の農村・宿場・工業の記憶を残しつつ首都圏の生活都市へ発展した。現在の景観には、以前からの集落や産業と、戦後に加わった都市機能の両方が表れている。,荒川河川敷、秋ヶ瀬公園、田島ケ原サクラソウ自生地が代表的だ。季節ごとに景色や食の楽しみが変わり、短い滞在でも地域の個性を感じやすい組み合わせだ。地域の直売所や公園も、普段の暮らしに触れられる立ち寄り先になっている。
11107,埼玉県,さいたま市浦和区,ｻｲﾀﾏｹﾝ,ｻｲﾀﾏｼｳﾗﾜｸ,FALSE,11,県庁所在地として行政機能が集まり、文教都市の性格とサッカー文化が重なって現在の街のイメージを形づくった。現在の景観には、以前からの集落や産業と、戦後に加わった都市機能の両方が表れている。今も地域の個性として息づく。,浦和レッズ、埼玉県庁、うなぎ文化が代表的だ。公共交通や徒歩で訪ねられる場所も多く、景観・食・文化を一度に楽しみやすい。地域の直売所や公園も、普段の暮らしに触れられる立ち寄り先になっている。今も地域の個性として息づく。
11108,埼玉県,さいたま市南区,ｻｲﾀﾏｹﾝ,ｻｲﾀﾏｼﾐﾅﾐｸ,FALSE,11,戦後の人口増加と鉄道・道路整備を背景に住宅地や商業地が広がり、従来の農村・宿場・工業の記憶を残しつつ首都圏の生活都市へ発展した。昔からの地域資源を保存するだけでなく、現代の暮らしや観光に生かす動きが続いている。,武蔵浦和の都市拠点、別所沼公園、鉄道沿線の街並みが代表的だ。観光の定番と地元の暮らしに近い魅力が並び、初めて訪れる人にも特徴が伝わりやすい。地域の直売所や公園も、普段の暮らしに触れられる立ち寄り先になっている。
11109,埼玉県,さいたま市緑区,ｻｲﾀﾏｹﾝ,ｻｲﾀﾏｼﾐﾄﾞﾘｸ,FALSE,11,戦後の人口増加と鉄道・道路整備を背景に住宅地や商業地が広がり、従来の農村・宿場・工業の記憶を残しつつ首都圏の生活都市へ発展した。現在の景観には、以前からの集落や産業と、戦後に加わった都市機能の両方が表れている。,見沼田んぼ、埼玉スタジアム2002、氷川女體神社が代表的だ。観光の定番と地元の暮らしに近い魅力が並び、初めて訪れる人にも特徴が伝わりやすい。地域の直売所や公園も、普段の暮らしに触れられる立ち寄り先になっている。
11110,埼玉県,さいたま市岩槻区,ｻｲﾀﾏｹﾝ,ｻｲﾀﾏｼｲﾜﾂｷｸ,FALSE,11,戦後の人口増加と鉄道・道路整備を背景に住宅地や商業地が広がり、従来の農村・宿場・工業の記憶を残しつつ首都圏の生活都市へ発展した。現在の景観には、以前からの集落や産業と、戦後に加わった都市機能の両方が表れている。,岩槻人形、岩槻城址公園、久伊豆神社が代表的だ。観光の定番と地元の暮らしに近い魅力が並び、初めて訪れる人にも特徴が伝わりやすい。地域の直売所や公園も、普段の暮らしに触れられる立ち寄り先になっている。今も地域の個性として息づく。
11201,埼玉県,川越市,ｻｲﾀﾏｹﾝ,ｶﾜｺﾞｴｼ,FALSE,11,歴史的町並みを生かした保存と観光まちづくりが進み、東京近郊にありながら城下町・商都の景観を残す街として定着した。現在の景観には、以前からの集落や産業と、戦後に加わった都市機能の両方が表れている。今も地域の個性として息づく。,蔵造りの町並み、時の鐘、川越いもが代表的だ。公共交通や徒歩で訪ねられる場所も多く、景観・食・文化を一度に楽しみやすい。地域の直売所や公園も、普段の暮らしに触れられる立ち寄り先になっている。今も地域の個性として息づく。
11202,埼玉県,熊谷市,ｻｲﾀﾏｹﾝ,ｸﾏｶﾞﾔｼ,FALSE,11,戦後の人口増加と鉄道・道路整備を背景に住宅地や商業地が広がり、従来の農村・宿場・工業の記憶を残しつつ首都圏の生活都市へ発展した。昔からの地域資源を保存するだけでなく、現代の暮らしや観光に生かす動きが続いている。,熊谷うちわ祭、熊谷ラグビー場、妻沼聖天山が代表的だ。公共交通や徒歩で訪ねられる場所も多く、景観・食・文化を一度に楽しみやすい。地域の直売所や公園も、普段の暮らしに触れられる立ち寄り先になっている。今も地域の個性として息づく。
11203,埼玉県,川口市,ｻｲﾀﾏｹﾝ,ｶﾜｸﾞﾁｼ,FALSE,11,戦後の工場立地や道路・鉄道の整備を背景に産業と住宅地が広がり、働く街と暮らす街の両面を持つ現在の姿へ発展した。地域の祭りや文化施設にも、こうした変化を受け継ぐ姿が見られる。川口市の歩みは、地域資源を生かしながら変化を重ねてきた。,鋳物、植木・安行、SKIPシティが代表的だ。公共交通や徒歩で訪ねられる場所も多く、景観・食・文化を一度に楽しみやすい。地域の直売所や公園も、普段の暮らしに触れられる立ち寄り先になっている。今も地域の個性として息づく。
11206,埼玉県,行田市,ｻｲﾀﾏｹﾝ,ｷﾞﾖｳﾀﾞｼ,FALSE,11,戦後の人口増加と鉄道・道路整備を背景に住宅地や商業地が広がり、従来の農村・宿場・工業の記憶を残しつつ首都圏の生活都市へ発展した。古い町の記憶と新しい交通・産業が重なっている点が、この地域の成り立ちを理解する鍵になる。,忍城、埼玉古墳群、足袋が代表的だ。季節ごとに景色や食の楽しみが変わり、短い滞在でも地域の個性を感じやすい組み合わせだ。地域の直売所や公園も、普段の暮らしに触れられる立ち寄り先になっている。今も地域の個性として息づく。
11207,埼玉県,秩父市,ｻｲﾀﾏｹﾝ,ﾁﾁﾌﾞｼ,FALSE,11,交通網の整備と観光地としての発信が進み、自然や歴史資源を地域の仕事と結び付けながら、現在の観光都市・観光地としての個性を育ててきた。地域の祭りや文化施設にも、こうした変化を受け継ぐ姿が見られる。今も地域の個性として息づく。,秩父夜祭、武甲山、羊山公園が代表的だ。季節ごとに景色や食の楽しみが変わり、短い滞在でも地域の個性を感じやすい組み合わせだ。地域の直売所や公園も、普段の暮らしに触れられる立ち寄り先になっている。今も地域の個性として息づく。
11208,埼玉県,所沢市,ｻｲﾀﾏｹﾝ,ﾄｺﾛｻﾞﾜｼ,FALSE,11,鉄道沿線の住宅都市として成長し、近年は大型文化施設の開業などでアニメ・出版文化の発信地としても存在感を増した。地域の祭りや文化施設にも、こうした変化を受け継ぐ姿が見られる。所沢市の歩みは、地域資源を生かしながら変化を重ねてきた。,西武園ゆうえんち、ところざわサクラタウン、狭山茶が代表的だ。名所だけでなく、食や日常の風景まで組み合わせて歩くと、この土地らしさがつかみやすい。地域の直売所や公園も、普段の暮らしに触れられる立ち寄り先になっている。
11209,埼玉県,飯能市,ｻｲﾀﾏｹﾝ,ﾊﾝﾉｳｼ,FALSE,11,戦後の人口増加と鉄道・道路整備を背景に住宅地や商業地が広がり、従来の農村・宿場・工業の記憶を残しつつ首都圏の生活都市へ発展した。地域の祭りや文化施設にも、こうした変化を受け継ぐ姿が見られる。今も地域の個性として息づく。,ムーミンバレーパーク、天覧山、森林文化が代表的だ。公共交通や徒歩で訪ねられる場所も多く、景観・食・文化を一度に楽しみやすい。地域の直売所や公園も、普段の暮らしに触れられる立ち寄り先になっている。今も地域の個性として息づく。
11210,埼玉県,加須市,ｻｲﾀﾏｹﾝ,ｶｿﾞｼ,FALSE,11,戦後の人口増加と鉄道・道路整備を背景に住宅地や商業地が広がり、従来の農村・宿場・工業の記憶を残しつつ首都圏の生活都市へ発展した。現在の景観には、以前からの集落や産業と、戦後に加わった都市機能の両方が表れている。,こいのぼり、手打ちうどん、渡良瀬遊水地が代表的だ。観光の定番と地元の暮らしに近い魅力が並び、初めて訪れる人にも特徴が伝わりやすい。地域の直売所や公園も、普段の暮らしに触れられる立ち寄り先になっている。
11211,埼玉県,本庄市,ｻｲﾀﾏｹﾝ,ﾎﾝｼﾞﾖｳｼ,FALSE,11,戦後の人口増加と鉄道・道路整備を背景に住宅地や商業地が広がり、従来の農村・宿場・工業の記憶を残しつつ首都圏の生活都市へ発展した。地域の祭りや文化施設にも、こうした変化を受け継ぐ姿が見られる。今も地域の個性として息づく。,中山道本庄宿、競進社模範蚕室、農産物が代表的だ。季節ごとに景色や食の楽しみが変わり、短い滞在でも地域の個性を感じやすい組み合わせだ。地域の直売所や公園も、普段の暮らしに触れられる立ち寄り先になっている。
11212,埼玉県,東松山市,ｻｲﾀﾏｹﾝ,ﾋｶﾞｼﾏﾂﾔﾏｼ,FALSE,11,戦後の人口増加と鉄道・道路整備を背景に住宅地や商業地が広がり、従来の農村・宿場・工業の記憶を残しつつ首都圏の生活都市へ発展した。昔からの地域資源を保存するだけでなく、現代の暮らしや観光に生かす動きが続いている。,やきとり、箭弓稲荷神社、埼玉県こども動物自然公園が代表的だ。公共交通や徒歩で訪ねられる場所も多く、景観・食・文化を一度に楽しみやすい。地域の直売所や公園も、普段の暮らしに触れられる立ち寄り先になっている。
11214,埼玉県,春日部市,ｻｲﾀﾏｹﾝ,ｶｽｶﾍﾞｼ,FALSE,11,鉄道で東京と結ばれる住宅都市として発展し、首都圏外郭放水路や人気作品との関係も街の新しい知名度を支えている。地域の祭りや文化施設にも、こうした変化を受け継ぐ姿が見られる。春日部市の歩みは、地域資源を生かしながら変化を重ねてきた。,藤、首都圏外郭放水路、クレヨンしんちゃんゆかりが代表的だ。名所だけでなく、食や日常の風景まで組み合わせて歩くと、この土地らしさがつかみやすい。地域の直売所や公園も、普段の暮らしに触れられる立ち寄り先になっている。
11215,埼玉県,狭山市,ｻｲﾀﾏｹﾝ,ｻﾔﾏｼ,FALSE,11,戦後の工場立地や道路・鉄道の整備を背景に産業と住宅地が広がり、働く街と暮らす街の両面を持つ現在の姿へ発展した。現在の景観には、以前からの集落や産業と、戦後に加わった都市機能の両方が表れている。今も地域の個性として息づく。,狭山茶、航空自衛隊入間基地周辺、智光山公園が代表的だ。名所だけでなく、食や日常の風景まで組み合わせて歩くと、この土地らしさがつかみやすい。地域の直売所や公園も、普段の暮らしに触れられる立ち寄り先になっている。
11216,埼玉県,羽生市,ｻｲﾀﾏｹﾝ,ﾊﾆﾕｳｼ,FALSE,11,戦後の人口増加と鉄道・道路整備を背景に住宅地や商業地が広がり、従来の農村・宿場・工業の記憶を残しつつ首都圏の生活都市へ発展した。現在の景観には、以前からの集落や産業と、戦後に加わった都市機能の両方が表れている。,藍染、さいたま水族館、キャラクターイベント文化が代表的だ。季節ごとに景色や食の楽しみが変わり、短い滞在でも地域の個性を感じやすい組み合わせだ。地域の直売所や公園も、普段の暮らしに触れられる立ち寄り先になっている。
11217,埼玉県,鴻巣市,ｻｲﾀﾏｹﾝ,ｺｳﾉｽｼ,FALSE,11,戦後の人口増加と鉄道・道路整備を背景に住宅地や商業地が広がり、従来の農村・宿場・工業の記憶を残しつつ首都圏の生活都市へ発展した。昔からの地域資源を保存するだけでなく、現代の暮らしや観光に生かす動きが続いている。,ひな人形、鴻巣花火大会、ポピーが代表的だ。公共交通や徒歩で訪ねられる場所も多く、景観・食・文化を一度に楽しみやすい。地域の直売所や公園も、普段の暮らしに触れられる立ち寄り先になっている。今も地域の個性として息づく。
11218,埼玉県,深谷市,ｻｲﾀﾏｹﾝ,ﾌｶﾔｼ,FALSE,11,戦後の人口増加と鉄道・道路整備を背景に住宅地や商業地が広がり、従来の農村・宿場・工業の記憶を残しつつ首都圏の生活都市へ発展した。現在の景観には、以前からの集落や産業と、戦後に加わった都市機能の両方が表れている。,深谷ねぎ、渋沢栄一ゆかりの地、レンガ建築が代表的だ。公共交通や徒歩で訪ねられる場所も多く、景観・食・文化を一度に楽しみやすい。地域の直売所や公園も、普段の暮らしに触れられる立ち寄り先になっている。今も地域の個性として息づく。
11219,埼玉県,上尾市,ｻｲﾀﾏｹﾝ,ｱｹﾞｵｼ,FALSE,11,戦後の人口増加と鉄道・道路整備を背景に住宅地や商業地が広がり、従来の農村・宿場・工業の記憶を残しつつ首都圏の生活都市へ発展した。地域の祭りや文化施設にも、こうした変化を受け継ぐ姿が見られる。今も地域の個性として息づく。,上尾丸山公園、平方祇園祭、都市近郊農業が代表的だ。観光の定番と地元の暮らしに近い魅力が並び、初めて訪れる人にも特徴が伝わりやすい。地域の直売所や公園も、普段の暮らしに触れられる立ち寄り先になっている。
11221,埼玉県,草加市,ｻｲﾀﾏｹﾝ,ｿｳｶｼ,FALSE,11,戦後の人口増加と鉄道・道路整備を背景に住宅地や商業地が広がり、従来の農村・宿場・工業の記憶を残しつつ首都圏の生活都市へ発展した。昔からの地域資源を保存するだけでなく、現代の暮らしや観光に生かす動きが続いている。,草加せんべい、松並木、草加宿が代表的だ。観光の定番と地元の暮らしに近い魅力が並び、初めて訪れる人にも特徴が伝わりやすい。地域の直売所や公園も、普段の暮らしに触れられる立ち寄り先になっている。今も地域の個性として息づく。
11222,埼玉県,越谷市,ｻｲﾀﾏｹﾝ,ｺｼｶﾞﾔｼ,FALSE,11,武蔵野線や東武線沿線の都市化に加え、大規模商業施設と調整池を組み合わせた越谷レイクタウンの整備で街の姿が大きく変わった。現在の景観には、以前からの集落や産業と、戦後に加わった都市機能の両方が表れている。,越谷レイクタウン、越谷だるま、久伊豆神社が代表的だ。公共交通や徒歩で訪ねられる場所も多く、景観・食・文化を一度に楽しみやすい。地域の直売所や公園も、普段の暮らしに触れられる立ち寄り先になっている。今も地域の個性として息づく。
11223,埼玉県,蕨市,ｻｲﾀﾏｹﾝ,ﾜﾗﾋﾞｼ,FALSE,11,戦後の人口増加と鉄道・道路整備を背景に住宅地や商業地が広がり、従来の農村・宿場・工業の記憶を残しつつ首都圏の生活都市へ発展した。現在の景観には、以前からの集落や産業と、戦後に加わった都市機能の両方が表れている。,中山道蕨宿、成年式発祥の地としての記念文化、コンパクトな市街地が代表的だ。観光の定番と地元の暮らしに近い魅力が並び、初めて訪れる人にも特徴が伝わりやすい。地域の直売所や公園も、普段の暮らしに触れられる立ち寄り先になっている。
11224,埼玉県,戸田市,ｻｲﾀﾏｹﾝ,ﾄﾀﾞｼ,FALSE,11,戦後の工場立地や道路・鉄道の整備を背景に産業と住宅地が広がり、働く街と暮らす街の両面を持つ現在の姿へ発展した。古い町の記憶と新しい交通・産業が重なっている点が、この地域の成り立ちを理解する鍵になる。今も地域の個性として息づく。,戸田ボートコース、彩湖・道満グリーンパーク、荒川の水辺が代表的だ。名所だけでなく、食や日常の風景まで組み合わせて歩くと、この土地らしさがつかみやすい。地域の直売所や公園も、普段の暮らしに触れられる立ち寄り先になっている。
11225,埼玉県,入間市,ｻｲﾀﾏｹﾝ,ｲﾙﾏｼ,FALSE,11,戦後の人口増加と鉄道・道路整備を背景に住宅地や商業地が広がり、従来の農村・宿場・工業の記憶を残しつつ首都圏の生活都市へ発展した。地域の祭りや文化施設にも、こうした変化を受け継ぐ姿が見られる。今も地域の個性として息づく。,狭山茶、ジョンソンタウン、入間航空祭が代表的だ。名所だけでなく、食や日常の風景まで組み合わせて歩くと、この土地らしさがつかみやすい。地域の直売所や公園も、普段の暮らしに触れられる立ち寄り先になっている。
11227,埼玉県,朝霞市,ｻｲﾀﾏｹﾝ,ｱｻｶｼ,FALSE,11,戦後の人口増加と鉄道・道路整備を背景に住宅地や商業地が広がり、従来の農村・宿場・工業の記憶を残しつつ首都圏の生活都市へ発展した。現在の景観には、以前からの集落や産業と、戦後に加わった都市機能の両方が表れている。,彩夏祭、黒目川、陸上自衛隊朝霞駐屯地周辺が代表的だ。公共交通や徒歩で訪ねられる場所も多く、景観・食・文化を一度に楽しみやすい。地域の直売所や公園も、普段の暮らしに触れられる立ち寄り先になっている。今も地域の個性として息づく。
11228,埼玉県,志木市,ｻｲﾀﾏｹﾝ,ｼｷｼ,FALSE,11,戦後の人口増加と鉄道・道路整備を背景に住宅地や商業地が広がり、従来の農村・宿場・工業の記憶を残しつつ首都圏の生活都市へ発展した。現在の景観には、以前からの集落や産業と、戦後に加わった都市機能の両方が表れている。,新河岸川、河童伝承、いろは親水公園が代表的だ。公共交通や徒歩で訪ねられる場所も多く、景観・食・文化を一度に楽しみやすい。地域の直売所や公園も、普段の暮らしに触れられる立ち寄り先になっている。今も地域の個性として息づく。
11229,埼玉県,和光市,ｻｲﾀﾏｹﾝ,ﾜｺｳｼ,FALSE,11,東京近郊の住宅都市として成長する一方、国の研究機関や企業研究所が集まり、研究開発都市としての顔も持つようになった。現在の景観には、以前からの集落や産業と、戦後に加わった都市機能の両方が表れている。今も地域の個性として息づく。,理化学研究所、本田技研工業の研究拠点、和光樹林公園が代表的だ。公共交通や徒歩で訪ねられる場所も多く、景観・食・文化を一度に楽しみやすい。地域の直売所や公園も、普段の暮らしに触れられる立ち寄り先になっている。
11230,埼玉県,新座市,ｻｲﾀﾏｹﾝ,ﾆｲｻﾞｼ,FALSE,11,戦後の人口増加と鉄道・道路整備を背景に住宅地や商業地が広がり、従来の農村・宿場・工業の記憶を残しつつ首都圏の生活都市へ発展した。昔からの地域資源を保存するだけでなく、現代の暮らしや観光に生かす動きが続いている。,平林寺、野火止用水、漫画・アニメ関連スタジオが代表的だ。季節ごとに景色や食の楽しみが変わり、短い滞在でも地域の個性を感じやすい組み合わせだ。地域の直売所や公園も、普段の暮らしに触れられる立ち寄り先になっている。
11231,埼玉県,桶川市,ｻｲﾀﾏｹﾝ,ｵｹｶﾞﾜｼ,FALSE,11,戦後の人口増加と鉄道・道路整備を背景に住宅地や商業地が広がり、従来の農村・宿場・工業の記憶を残しつつ首都圏の生活都市へ発展した。地域の祭りや文化施設にも、こうした変化を受け継ぐ姿が見られる。今も地域の個性として息づく。,中山道桶川宿、べに花、航空学校跡地ゆかりの記憶が代表的だ。季節ごとに景色や食の楽しみが変わり、短い滞在でも地域の個性を感じやすい組み合わせだ。地域の直売所や公園も、普段の暮らしに触れられる立ち寄り先になっている。
11232,埼玉県,久喜市,ｻｲﾀﾏｹﾝ,ｸｷｼ,FALSE,11,鉄道交通の結節点として発展し、平成の合併で久喜・菖蒲・栗橋・鷲宮の地域が一つの市となって現在の市域ができた。昔からの地域資源を保存するだけでなく、現代の暮らしや観光に生かす動きが続いている。今も地域の個性として息づく。,鷲宮神社、久喜提燈祭り、菖蒲地区のラベンダーが代表的だ。公共交通や徒歩で訪ねられる場所も多く、景観・食・文化を一度に楽しみやすい。地域の直売所や公園も、普段の暮らしに触れられる立ち寄り先になっている。
11233,埼玉県,北本市,ｻｲﾀﾏｹﾝ,ｷﾀﾓﾄｼ,FALSE,11,戦後の人口増加と鉄道・道路整備を背景に住宅地や商業地が広がり、従来の農村・宿場・工業の記憶を残しつつ首都圏の生活都市へ発展した。昔からの地域資源を保存するだけでなく、現代の暮らしや観光に生かす動きが続いている。,北本トマトカレー、石戸蒲ザクラ、雑木林が代表的だ。名所だけでなく、食や日常の風景まで組み合わせて歩くと、この土地らしさがつかみやすい。地域の直売所や公園も、普段の暮らしに触れられる立ち寄り先になっている。
11234,埼玉県,八潮市,ｻｲﾀﾏｹﾝ,ﾔｼｵｼ,FALSE,11,戦後の工場立地や道路・鉄道の整備を背景に産業と住宅地が広がり、働く街と暮らす街の両面を持つ現在の姿へ発展した。古い町の記憶と新しい交通・産業が重なっている点が、この地域の成り立ちを理解する鍵になる。今も地域の個性として息づく。,枝豆、小松菜、中川・綾瀬川沿いの街並みが代表的だ。公共交通や徒歩で訪ねられる場所も多く、景観・食・文化を一度に楽しみやすい。地域の直売所や公園も、普段の暮らしに触れられる立ち寄り先になっている。今も地域の個性として息づく。
11235,埼玉県,富士見市,ｻｲﾀﾏｹﾝ,ﾌｼﾞﾐｼ,FALSE,11,戦後の人口増加と鉄道・道路整備を背景に住宅地や商業地が広がり、従来の農村・宿場・工業の記憶を残しつつ首都圏の生活都市へ発展した。地域の祭りや文化施設にも、こうした変化を受け継ぐ姿が見られる。今も地域の個性として息づく。,富士見市びん沼自然公園、難波田城公園、富士山を望む景観が代表的だ。観光の定番と地元の暮らしに近い魅力が並び、初めて訪れる人にも特徴が伝わりやすい。地域の直売所や公園も、普段の暮らしに触れられる立ち寄り先になっている。
11237,埼玉県,三郷市,ｻｲﾀﾏｹﾝ,ﾐｻﾄｼ,FALSE,11,戦後の工場立地や道路・鉄道の整備を背景に産業と住宅地が広がり、働く街と暮らす街の両面を持つ現在の姿へ発展した。古い町の記憶と新しい交通・産業が重なっている点が、この地域の成り立ちを理解する鍵になる。今も地域の個性として息づく。,江戸川、中川、みさと公園、大型商業施設が代表的だ。季節ごとに景色や食の楽しみが変わり、短い滞在でも地域の個性を感じやすい組み合わせだ。地域の直売所や公園も、普段の暮らしに触れられる立ち寄り先になっている。
11238,埼玉県,蓮田市,ｻｲﾀﾏｹﾝ,ﾊｽﾀﾞｼ,FALSE,11,戦後の人口増加と鉄道・道路整備を背景に住宅地や商業地が広がり、従来の農村・宿場・工業の記憶を残しつつ首都圏の生活都市へ発展した。昔からの地域資源を保存するだけでなく、現代の暮らしや観光に生かす動きが続いている。,黒浜貝塚、梨、元荒川沿いの自然が代表的だ。公共交通や徒歩で訪ねられる場所も多く、景観・食・文化を一度に楽しみやすい。地域の直売所や公園も、普段の暮らしに触れられる立ち寄り先になっている。今も地域の個性として息づく。
11239,埼玉県,坂戸市,ｻｲﾀﾏｹﾝ,ｻｶﾄﾞｼ,FALSE,11,戦後の人口増加と鉄道・道路整備を背景に住宅地や商業地が広がり、従来の農村・宿場・工業の記憶を残しつつ首都圏の生活都市へ発展した。現在の景観には、以前からの集落や産業と、戦後に加わった都市機能の両方が表れている。,坂戸よさこい、聖天宮、高麗川沿いが代表的だ。観光の定番と地元の暮らしに近い魅力が並び、初めて訪れる人にも特徴が伝わりやすい。地域の直売所や公園も、普段の暮らしに触れられる立ち寄り先になっている。今も地域の個性として息づく。
11240,埼玉県,幸手市,ｻｲﾀﾏｹﾝ,ｻｯﾃｼ,FALSE,11,戦後の人口増加と鉄道・道路整備を背景に住宅地や商業地が広がり、従来の農村・宿場・工業の記憶を残しつつ首都圏の生活都市へ発展した。古い町の記憶と新しい交通・産業が重なっている点が、この地域の成り立ちを理解する鍵になる。,権現堂桜堤、菜の花、中川沿いの景観が代表的だ。名所だけでなく、食や日常の風景まで組み合わせて歩くと、この土地らしさがつかみやすい。地域の直売所や公園も、普段の暮らしに触れられる立ち寄り先になっている。
11241,埼玉県,鶴ヶ島市,ｻｲﾀﾏｹﾝ,ﾂﾙｶﾞｼﾏｼ,FALSE,11,戦後の人口増加と鉄道・道路整備を背景に住宅地や商業地が広がり、従来の農村・宿場・工業の記憶を残しつつ首都圏の生活都市へ発展した。現在の景観には、以前からの集落や産業と、戦後に加わった都市機能の両方が表れている。,脚折雨乞、鶴ヶ島運動公園、都市近郊農業が代表的だ。季節ごとに景色や食の楽しみが変わり、短い滞在でも地域の個性を感じやすい組み合わせだ。地域の直売所や公園も、普段の暮らしに触れられる立ち寄り先になっている。
11242,埼玉県,日高市,ｻｲﾀﾏｹﾝ,ﾋﾀﾞｶｼ,FALSE,11,戦後の人口増加と鉄道・道路整備を背景に住宅地や商業地が広がり、従来の農村・宿場・工業の記憶を残しつつ首都圏の生活都市へ発展した。地域の祭りや文化施設にも、こうした変化を受け継ぐ姿が見られる。今も地域の個性として息づく。,巾着田、高麗神社、曼珠沙華が代表的だ。名所だけでなく、食や日常の風景まで組み合わせて歩くと、この土地らしさがつかみやすい。地域の直売所や公園も、普段の暮らしに触れられる立ち寄り先になっている。今も地域の個性として息づく。
11243,埼玉県,吉川市,ｻｲﾀﾏｹﾝ,ﾖｼｶﾜｼ,FALSE,11,戦後の人口増加と鉄道・道路整備を背景に住宅地や商業地が広がり、従来の農村・宿場・工業の記憶を残しつつ首都圏の生活都市へ発展した。地域の祭りや文化施設にも、こうした変化を受け継ぐ姿が見られる。今も地域の個性として息づく。,なまず料理、江戸川・中川、水辺の田園景観が代表的だ。名所だけでなく、食や日常の風景まで組み合わせて歩くと、この土地らしさがつかみやすい。地域の直売所や公園も、普段の暮らしに触れられる立ち寄り先になっている。
11245,埼玉県,ふじみ野市,ｻｲﾀﾏｹﾝ,ﾌｼﾞﾐﾉｼ,FALSE,11,平成の市町村合併で複数の地域が一つになり、旧市町村ごとの産業や祭り、生活圏を受け継ぎながら現在の自治体が形づくられた。現在の景観には、以前からの集落や産業と、戦後に加わった都市機能の両方が表れている。,上福岡七夕まつり、福岡河岸記念館、都市公園が代表的だ。名所だけでなく、食や日常の風景まで組み合わせて歩くと、この土地らしさがつかみやすい。地域の直売所や公園も、普段の暮らしに触れられる立ち寄り先になっている。
11246,埼玉県,白岡市,ｻｲﾀﾏｹﾝ,ｼﾗｵｶｼ,FALSE,11,戦後の人口増加と鉄道・道路整備を背景に住宅地や商業地が広がり、従来の農村・宿場・工業の記憶を残しつつ首都圏の生活都市へ発展した。地域の祭りや文化施設にも、こうした変化を受け継ぐ姿が見られる。今も地域の個性として息づく。,梨、柴山沼、田園と住宅地の景観が代表的だ。公共交通や徒歩で訪ねられる場所も多く、景観・食・文化を一度に楽しみやすい。地域の直売所や公園も、普段の暮らしに触れられる立ち寄り先になっている。今も地域の個性として息づく。
11301,埼玉県,伊奈町,ｻｲﾀﾏｹﾝ,ｲﾅﾏﾁ,FALSE,11,戦後の人口増加と鉄道・道路整備を背景に住宅地や商業地が広がり、従来の農村・宿場・工業の記憶を残しつつ首都圏の生活都市へ発展した。昔からの地域資源を保存するだけでなく、現代の暮らしや観光に生かす動きが続いている。,バラ園、ニューシャトル、県民活動総合センターが代表的だ。季節ごとに景色や食の楽しみが変わり、短い滞在でも地域の個性を感じやすい組み合わせだ。地域の直売所や公園も、普段の暮らしに触れられる立ち寄り先になっている。
11324,埼玉県,三芳町,ｻｲﾀﾏｹﾝ,ﾐﾖｼﾏﾁ,FALSE,11,戦後の人口増加と鉄道・道路整備を背景に住宅地や商業地が広がり、従来の農村・宿場・工業の記憶を残しつつ首都圏の生活都市へ発展した。古い町の記憶と新しい交通・産業が重なっている点が、この地域の成り立ちを理解する鍵になる。,三富新田、さつまいも、竹間沢こぶしの里が代表的だ。名所だけでなく、食や日常の風景まで組み合わせて歩くと、この土地らしさがつかみやすい。地域の直売所や公園も、普段の暮らしに触れられる立ち寄り先になっている。
11326,埼玉県,毛呂山町,ｻｲﾀﾏｹﾝ,ﾓﾛﾔﾏﾏﾁ,FALSE,11,戦後の人口増加と鉄道・道路整備を背景に住宅地や商業地が広がり、従来の農村・宿場・工業の記憶を残しつつ首都圏の生活都市へ発展した。現在の景観には、以前からの集落や産業と、戦後に加わった都市機能の両方が表れている。,鎌北湖、桂木観音、ゆずが代表的だ。観光の定番と地元の暮らしに近い魅力が並び、初めて訪れる人にも特徴が伝わりやすい。地域の直売所や公園も、普段の暮らしに触れられる立ち寄り先になっている。今も地域の個性として息づく。
11327,埼玉県,越生町,ｻｲﾀﾏｹﾝ,ｵｺﾞｾﾏﾁ,FALSE,11,戦後の人口増加と鉄道・道路整備を背景に住宅地や商業地が広がり、従来の農村・宿場・工業の記憶を残しつつ首都圏の生活都市へ発展した。古い町の記憶と新しい交通・産業が重なっている点が、この地域の成り立ちを理解する鍵になる。,越生梅林、黒山三滝、ハイキングが代表的だ。名所だけでなく、食や日常の風景まで組み合わせて歩くと、この土地らしさがつかみやすい。地域の直売所や公園も、普段の暮らしに触れられる立ち寄り先になっている。今も地域の個性として息づく。
11341,埼玉県,滑川町,ｻｲﾀﾏｹﾝ,ﾅﾒｶﾞﾜﾏﾁ,FALSE,11,戦後の人口増加と鉄道・道路整備を背景に住宅地や商業地が広がり、従来の農村・宿場・工業の記憶を残しつつ首都圏の生活都市へ発展した。古い町の記憶と新しい交通・産業が重なっている点が、この地域の成り立ちを理解する鍵になる。,国営武蔵丘陵森林公園、谷津の里山、農産物が代表的だ。名所だけでなく、食や日常の風景まで組み合わせて歩くと、この土地らしさがつかみやすい。地域の直売所や公園も、普段の暮らしに触れられる立ち寄り先になっている。
11342,埼玉県,嵐山町,ｻｲﾀﾏｹﾝ,ﾗﾝｻﾞﾝﾏﾁ,FALSE,11,戦後の人口増加と鉄道・道路整備を背景に住宅地や商業地が広がり、従来の農村・宿場・工業の記憶を残しつつ首都圏の生活都市へ発展した。現在の景観には、以前からの集落や産業と、戦後に加わった都市機能の両方が表れている。,嵐山渓谷、菅谷館跡、ラベンダーが代表的だ。公共交通や徒歩で訪ねられる場所も多く、景観・食・文化を一度に楽しみやすい。地域の直売所や公園も、普段の暮らしに触れられる立ち寄り先になっている。今も地域の個性として息づく。
11343,埼玉県,小川町,ｻｲﾀﾏｹﾝ,ｵｶﾞﾜﾏﾁ,FALSE,11,戦後の人口増加と鉄道・道路整備を背景に住宅地や商業地が広がり、従来の農村・宿場・工業の記憶を残しつつ首都圏の生活都市へ発展した。現在の景観には、以前からの集落や産業と、戦後に加わった都市機能の両方が表れている。,小川和紙、酒蔵、有機農業が代表的だ。公共交通や徒歩で訪ねられる場所も多く、景観・食・文化を一度に楽しみやすい。地域の直売所や公園も、普段の暮らしに触れられる立ち寄り先になっている。今も地域の個性として息づく。
11346,埼玉県,川島町,ｻｲﾀﾏｹﾝ,ｶﾜｼﾞﾏﾏﾁ,FALSE,11,戦後の人口増加と鉄道・道路整備を背景に住宅地や商業地が広がり、従来の農村・宿場・工業の記憶を残しつつ首都圏の生活都市へ発展した。昔からの地域資源を保存するだけでなく、現代の暮らしや観光に生かす動きが続いている。,平成の森公園、いちじく、荒川・入間川の水辺が代表的だ。名所だけでなく、食や日常の風景まで組み合わせて歩くと、この土地らしさがつかみやすい。地域の直売所や公園も、普段の暮らしに触れられる立ち寄り先になっている。
11347,埼玉県,吉見町,ｻｲﾀﾏｹﾝ,ﾖｼﾐﾏﾁ,FALSE,11,戦後の人口増加と鉄道・道路整備を背景に住宅地や商業地が広がり、従来の農村・宿場・工業の記憶を残しつつ首都圏の生活都市へ発展した。古い町の記憶と新しい交通・産業が重なっている点が、この地域の成り立ちを理解する鍵になる。,吉見百穴、いちご、八丁湖が代表的だ。季節ごとに景色や食の楽しみが変わり、短い滞在でも地域の個性を感じやすい組み合わせだ。地域の直売所や公園も、普段の暮らしに触れられる立ち寄り先になっている。今も地域の個性として息づく。
11348,埼玉県,鳩山町,ｻｲﾀﾏｹﾝ,ﾊﾄﾔﾏﾏﾁ,FALSE,11,戦後の人口増加と鉄道・道路整備を背景に住宅地や商業地が広がり、従来の農村・宿場・工業の記憶を残しつつ首都圏の生活都市へ発展した。古い町の記憶と新しい交通・産業が重なっている点が、この地域の成り立ちを理解する鍵になる。,宇宙航空研究開発機構地球観測センター、里山、ニュータウンが代表的だ。観光の定番と地元の暮らしに近い魅力が並び、初めて訪れる人にも特徴が伝わりやすい。地域の直売所や公園も、普段の暮らしに触れられる立ち寄り先になっている。
11349,埼玉県,ときがわ町,ｻｲﾀﾏｹﾝ,ﾄｷｶﾞﾜﾏﾁ,FALSE,11,戦後の人口増加と鉄道・道路整備を背景に住宅地や商業地が広がり、従来の農村・宿場・工業の記憶を残しつつ首都圏の生活都市へ発展した。地域の祭りや文化施設にも、こうした変化を受け継ぐ姿が見られる。今も地域の個性として息づく。,都幾川、木工・建具、温泉が代表的だ。季節ごとに景色や食の楽しみが変わり、短い滞在でも地域の個性を感じやすい組み合わせだ。地域の直売所や公園も、普段の暮らしに触れられる立ち寄り先になっている。今も地域の個性として息づく。
11361,埼玉県,横瀬町,ｻｲﾀﾏｹﾝ,ﾖｺｾﾞﾏﾁ,FALSE,11,戦後の人口増加と鉄道・道路整備を背景に住宅地や商業地が広がり、従来の農村・宿場・工業の記憶を残しつつ首都圏の生活都市へ発展した。地域の祭りや文化施設にも、こうした変化を受け継ぐ姿が見られる。今も地域の個性として息づく。,武甲山、寺坂棚田、あしがくぼの氷柱が代表的だ。季節ごとに景色や食の楽しみが変わり、短い滞在でも地域の個性を感じやすい組み合わせだ。地域の直売所や公園も、普段の暮らしに触れられる立ち寄り先になっている。
11362,埼玉県,皆野町,ｻｲﾀﾏｹﾝ,ﾐﾅﾉﾏﾁ,FALSE,11,戦後の人口増加と鉄道・道路整備を背景に住宅地や商業地が広がり、従来の農村・宿場・工業の記憶を残しつつ首都圏の生活都市へ発展した。地域の祭りや文化施設にも、こうした変化を受け継ぐ姿が見られる。今も地域の個性として息づく。,美の山公園、秩父音頭、荒川が代表的だ。名所だけでなく、食や日常の風景まで組み合わせて歩くと、この土地らしさがつかみやすい。地域の直売所や公園も、普段の暮らしに触れられる立ち寄り先になっている。今も地域の個性として息づく。
11363,埼玉県,長瀞町,ｻｲﾀﾏｹﾝ,ﾅｶﾞﾄﾛﾏﾁ,FALSE,11,交通網の整備と観光地としての発信が進み、自然や歴史資源を地域の仕事と結び付けながら、現在の観光都市・観光地としての個性を育ててきた。現在の景観には、以前からの集落や産業と、戦後に加わった都市機能の両方が表れている。,長瀞岩畳、ラインくだり、宝登山が代表的だ。季節ごとに景色や食の楽しみが変わり、短い滞在でも地域の個性を感じやすい組み合わせだ。地域の直売所や公園も、普段の暮らしに触れられる立ち寄り先になっている。今も地域の個性として息づく。
11365,埼玉県,小鹿野町,ｻｲﾀﾏｹﾝ,ｵｶﾞﾉﾏﾁ,FALSE,11,戦後の人口増加と鉄道・道路整備を背景に住宅地や商業地が広がり、従来の農村・宿場・工業の記憶を残しつつ首都圏の生活都市へ発展した。現在の景観には、以前からの集落や産業と、戦後に加わった都市機能の両方が表れている。,小鹿野歌舞伎、両神山、わらじかつが代表的だ。公共交通や徒歩で訪ねられる場所も多く、景観・食・文化を一度に楽しみやすい。地域の直売所や公園も、普段の暮らしに触れられる立ち寄り先になっている。今も地域の個性として息づく。
11369,埼玉県,東秩父村,ｻｲﾀﾏｹﾝ,ﾋｶﾞｼﾁﾁﾌﾞﾑﾗ,FALSE,11,戦後の人口増加と鉄道・道路整備を背景に住宅地や商業地が広がり、従来の農村・宿場・工業の記憶を残しつつ首都圏の生活都市へ発展した。古い町の記憶と新しい交通・産業が重なっている点が、この地域の成り立ちを理解する鍵になる。,細川紙、和紙の里、山里景観が代表的だ。名所だけでなく、食や日常の風景まで組み合わせて歩くと、この土地らしさがつかみやすい。地域の直売所や公園も、普段の暮らしに触れられる立ち寄り先になっている。今も地域の個性として息づく。
11381,埼玉県,美里町,ｻｲﾀﾏｹﾝ,ﾐｻﾄﾏﾁ,FALSE,11,戦後の人口増加と鉄道・道路整備を背景に住宅地や商業地が広がり、従来の農村・宿場・工業の記憶を残しつつ首都圏の生活都市へ発展した。現在の景観には、以前からの集落や産業と、戦後に加わった都市機能の両方が表れている。,ブルーベリー、猪俣の百八燈、田園景観が代表的だ。季節ごとに景色や食の楽しみが変わり、短い滞在でも地域の個性を感じやすい組み合わせだ。地域の直売所や公園も、普段の暮らしに触れられる立ち寄り先になっている。
11383,埼玉県,神川町,ｻｲﾀﾏｹﾝ,ｶﾐｶﾜﾏﾁ,FALSE,11,戦後の人口増加と鉄道・道路整備を背景に住宅地や商業地が広がり、従来の農村・宿場・工業の記憶を残しつつ首都圏の生活都市へ発展した。地域の祭りや文化施設にも、こうした変化を受け継ぐ姿が見られる。今も地域の個性として息づく。,三波石峡、冬桜、城峯公園が代表的だ。公共交通や徒歩で訪ねられる場所も多く、景観・食・文化を一度に楽しみやすい。地域の直売所や公園も、普段の暮らしに触れられる立ち寄り先になっている。今も地域の個性として息づく。
11385,埼玉県,上里町,ｻｲﾀﾏｹﾝ,ｶﾐｻﾄﾏﾁ,FALSE,11,戦後の人口増加と鉄道・道路整備を背景に住宅地や商業地が広がり、従来の農村・宿場・工業の記憶を残しつつ首都圏の生活都市へ発展した。地域の祭りや文化施設にも、こうした変化を受け継ぐ姿が見られる。今も地域の個性として息づく。,上里サービスエリア周辺、梨などの農産物、神流川が代表的だ。観光の定番と地元の暮らしに近い魅力が並び、初めて訪れる人にも特徴が伝わりやすい。地域の直売所や公園も、普段の暮らしに触れられる立ち寄り先になっている。
11408,埼玉県,寄居町,ｻｲﾀﾏｹﾝ,ﾖﾘｲﾏﾁ,FALSE,11,戦後の人口増加と鉄道・道路整備を背景に住宅地や商業地が広がり、従来の農村・宿場・工業の記憶を残しつつ首都圏の生活都市へ発展した。現在の景観には、以前からの集落や産業と、戦後に加わった都市機能の両方が表れている。,鉢形城跡、荒川、玉淀河原が代表的だ。公共交通や徒歩で訪ねられる場所も多く、景観・食・文化を一度に楽しみやすい。地域の直売所や公園も、普段の暮らしに触れられる立ち寄り先になっている。今も地域の個性として息づく。
11442,埼玉県,宮代町,ｻｲﾀﾏｹﾝ,ﾐﾔｼﾛﾏﾁ,FALSE,11,戦後の人口増加と鉄道・道路整備を背景に住宅地や商業地が広がり、従来の農村・宿場・工業の記憶を残しつつ首都圏の生活都市へ発展した。現在の景観には、以前からの集落や産業と、戦後に加わった都市機能の両方が表れている。,東武動物公園、新しい村、笠原小学校の建築が代表的だ。公共交通や徒歩で訪ねられる場所も多く、景観・食・文化を一度に楽しみやすい。地域の直売所や公園も、普段の暮らしに触れられる立ち寄り先になっている。今も地域の個性として息づく。
11464,埼玉県,杉戸町,ｻｲﾀﾏｹﾝ,ｽｷﾞﾄﾏﾁ,FALSE,11,戦後の人口増加と鉄道・道路整備を背景に住宅地や商業地が広がり、従来の農村・宿場・工業の記憶を残しつつ首都圏の生活都市へ発展した。地域の祭りや文化施設にも、こうした変化を受け継ぐ姿が見られる。今も地域の個性として息づく。,日光街道杉戸宿、古利根川、アグリパークゆめすぎとが代表的だ。観光の定番と地元の暮らしに近い魅力が並び、初めて訪れる人にも特徴が伝わりやすい。地域の直売所や公園も、普段の暮らしに触れられる立ち寄り先になっている。
11465,埼玉県,松伏町,ｻｲﾀﾏｹﾝ,ﾏﾂﾌﾞｼﾏﾁ,FALSE,11,戦後の人口増加と鉄道・道路整備を背景に住宅地や商業地が広がり、従来の農村・宿場・工業の記憶を残しつつ首都圏の生活都市へ発展した。地域の祭りや文化施設にも、こうした変化を受け継ぐ姿が見られる。今も地域の個性として息づく。,まつぶし緑の丘公園、古利根川、田園景観が代表的だ。観光の定番と地元の暮らしに近い魅力が並び、初めて訪れる人にも特徴が伝わりやすい。地域の直売所や公園も、普段の暮らしに触れられる立ち寄り先になっている。
12000,千葉県,,ﾁﾊﾞｹﾝ,,TRUE,12,,
12100,千葉県,千葉市,ﾁﾊﾞｹﾝ,ﾁﾊﾞｼ,FALSE,12,戦後の人口増加と鉄道・道路整備を背景に住宅地や商業地が広がり、従来の農村・宿場・工業の記憶を残しつつ首都圏の生活都市へ発展した。古い町の記憶と新しい交通・産業が重なっている点が、この地域の成り立ちを理解する鍵になる。,千葉都市モノレール、千葉城、幕張新都心が代表的だ。季節ごとに景色や食の楽しみが変わり、短い滞在でも地域の個性を感じやすい組み合わせだ。地域の直売所や公園も、普段の暮らしに触れられる立ち寄り先になっている。
12101,千葉県,千葉市中央区,ﾁﾊﾞｹﾝ,ﾁﾊﾞｼﾁｭｳｵｳｸ,FALSE,12,戦後の人口増加と鉄道・道路整備を背景に住宅地や商業地が広がり、従来の農村・宿場・工業の記憶を残しつつ首都圏の生活都市へ発展した。昔からの地域資源を保存するだけでなく、現代の暮らしや観光に生かす動きが続いている。,千葉ポートタワー、千葉神社、千葉城が代表的だ。名所だけでなく、食や日常の風景まで組み合わせて歩くと、この土地らしさがつかみやすい。地域の直売所や公園も、普段の暮らしに触れられる立ち寄り先になっている。
12102,千葉県,千葉市花見川区,ﾁﾊﾞｹﾝ,ﾁﾊﾞｼﾊﾅﾐｶﾞﾜｸ,FALSE,12,戦後の人口増加と鉄道・道路整備を背景に住宅地や商業地が広がり、従来の農村・宿場・工業の記憶を残しつつ首都圏の生活都市へ発展した。古い町の記憶と新しい交通・産業が重なっている点が、この地域の成り立ちを理解する鍵になる。,花見川サイクリングコース、花島公園、住宅地と水辺が代表的だ。観光の定番と地元の暮らしに近い魅力が並び、初めて訪れる人にも特徴が伝わりやすい。地域の直売所や公園も、普段の暮らしに触れられる立ち寄り先になっている。
12103,千葉県,千葉市稲毛区,ﾁﾊﾞｹﾝ,ﾁﾊﾞｼｲﾅｹﾞｸ,FALSE,12,戦後の人口増加と鉄道・道路整備を背景に住宅地や商業地が広がり、従来の農村・宿場・工業の記憶を残しつつ首都圏の生活都市へ発展した。現在の景観には、以前からの集落や産業と、戦後に加わった都市機能の両方が表れている。,稲毛浅間神社、千葉大学、稲毛の海辺文化の記憶が代表的だ。季節ごとに景色や食の楽しみが変わり、短い滞在でも地域の個性を感じやすい組み合わせだ。地域の直売所や公園も、普段の暮らしに触れられる立ち寄り先になっている。
12104,千葉県,千葉市若葉区,ﾁﾊﾞｹﾝ,ﾁﾊﾞｼﾜｶﾊﾞｸ,FALSE,12,戦後の人口増加と鉄道・道路整備を背景に住宅地や商業地が広がり、従来の農村・宿場・工業の記憶を残しつつ首都圏の生活都市へ発展した。古い町の記憶と新しい交通・産業が重なっている点が、この地域の成り立ちを理解する鍵になる。,千葉市動物公園、泉自然公園、加曽利貝塚周辺が代表的だ。公共交通や徒歩で訪ねられる場所も多く、景観・食・文化を一度に楽しみやすい。地域の直売所や公園も、普段の暮らしに触れられる立ち寄り先になっている。今も地域の個性として息づく。
12105,千葉県,千葉市緑区,ﾁﾊﾞｹﾝ,ﾁﾊﾞｼﾐﾄﾞﾘｸ,FALSE,12,戦後の人口増加と鉄道・道路整備を背景に住宅地や商業地が広がり、従来の農村・宿場・工業の記憶を残しつつ首都圏の生活都市へ発展した。現在の景観には、以前からの集落や産業と、戦後に加わった都市機能の両方が表れている。,昭和の森、土気の森、あすみが丘の街並みが代表的だ。公共交通や徒歩で訪ねられる場所も多く、景観・食・文化を一度に楽しみやすい。地域の直売所や公園も、普段の暮らしに触れられる立ち寄り先になっている。今も地域の個性として息づく。
12106,千葉県,千葉市美浜区,ﾁﾊﾞｹﾝ,ﾁﾊﾞｼﾐﾊﾏｸ,FALSE,12,戦後の工場立地や道路・鉄道の整備を背景に産業と住宅地が広がり、働く街と暮らす街の両面を持つ現在の姿へ発展した。古い町の記憶と新しい交通・産業が重なっている点が、この地域の成り立ちを理解する鍵になる。今も地域の個性として息づく。,幕張メッセ、ZOZOマリンスタジアム、幕張の浜が代表的だ。観光の定番と地元の暮らしに近い魅力が並び、初めて訪れる人にも特徴が伝わりやすい。地域の直売所や公園も、普段の暮らしに触れられる立ち寄り先になっている。
12202,千葉県,銚子市,ﾁﾊﾞｹﾝ,ﾁｮｳｼｼ,FALSE,12,戦後の人口増加と鉄道・道路整備を背景に住宅地や商業地が広がり、従来の農村・宿場・工業の記憶を残しつつ首都圏の生活都市へ発展した。現在の景観には、以前からの集落や産業と、戦後に加わった都市機能の両方が表れている。,犬吠埼、銚子電鉄、しょうゆ・水産業が代表的だ。季節ごとに景色や食の楽しみが変わり、短い滞在でも地域の個性を感じやすい組み合わせだ。地域の直売所や公園も、普段の暮らしに触れられる立ち寄り先になっている。
12203,千葉県,市川市,ﾁﾊﾞｹﾝ,ｲﾁｶﾜｼ,FALSE,12,戦後の人口増加と鉄道・道路整備を背景に住宅地や商業地が広がり、従来の農村・宿場・工業の記憶を残しつつ首都圏の生活都市へ発展した。地域の祭りや文化施設にも、こうした変化を受け継ぐ姿が見られる。今も地域の個性として息づく。,中山法華経寺、文学ゆかりの真間・八幡、梨が代表的だ。公共交通や徒歩で訪ねられる場所も多く、景観・食・文化を一度に楽しみやすい。地域の直売所や公園も、普段の暮らしに触れられる立ち寄り先になっている。今も地域の個性として息づく。
12204,千葉県,船橋市,ﾁﾊﾞｹﾝ,ﾌﾅﾊﾞｼｼ,FALSE,12,戦後の人口増加と鉄道・道路整備を背景に住宅地や商業地が広がり、従来の農村・宿場・工業の記憶を残しつつ首都圏の生活都市へ発展した。古い町の記憶と新しい交通・産業が重なっている点が、この地域の成り立ちを理解する鍵になる。,ふなばしアンデルセン公園、海苔・ホンビノス貝、船橋大神宮が代表的だ。公共交通や徒歩で訪ねられる場所も多く、景観・食・文化を一度に楽しみやすい。地域の直売所や公園も、普段の暮らしに触れられる立ち寄り先になっている。
12205,千葉県,館山市,ﾁﾊﾞｹﾝ,ﾀﾃﾔﾏｼ,FALSE,12,交通網の整備と観光地としての発信が進み、自然や歴史資源を地域の仕事と結び付けながら、現在の観光都市・観光地としての個性を育ててきた。古い町の記憶と新しい交通・産業が重なっている点が、この地域の成り立ちを理解する鍵になる。,館山城、沖ノ島、房州うちわが代表的だ。名所だけでなく、食や日常の風景まで組み合わせて歩くと、この土地らしさがつかみやすい。地域の直売所や公園も、普段の暮らしに触れられる立ち寄り先になっている。今も地域の個性として息づく。
12206,千葉県,木更津市,ﾁﾊﾞｹﾝ,ｷｻﾗﾂﾞｼ,FALSE,12,戦後の人口増加と鉄道・道路整備を背景に住宅地や商業地が広がり、従来の農村・宿場・工業の記憶を残しつつ首都圏の生活都市へ発展した。地域の祭りや文化施設にも、こうした変化を受け継ぐ姿が見られる。今も地域の個性として息づく。,東京湾アクアライン、證誠寺、潮干狩りが代表的だ。公共交通や徒歩で訪ねられる場所も多く、景観・食・文化を一度に楽しみやすい。地域の直売所や公園も、普段の暮らしに触れられる立ち寄り先になっている。今も地域の個性として息づく。
12207,千葉県,松戸市,ﾁﾊﾞｹﾝ,ﾏﾂﾄﾞｼ,FALSE,12,戦後の人口増加と鉄道・道路整備を背景に住宅地や商業地が広がり、従来の農村・宿場・工業の記憶を残しつつ首都圏の生活都市へ発展した。地域の祭りや文化施設にも、こうした変化を受け継ぐ姿が見られる。今も地域の個性として息づく。,戸定邸、矢切の渡し、梨が代表的だ。観光の定番と地元の暮らしに近い魅力が並び、初めて訪れる人にも特徴が伝わりやすい。地域の直売所や公園も、普段の暮らしに触れられる立ち寄り先になっている。今も地域の個性として息づく。
12208,千葉県,野田市,ﾁﾊﾞｹﾝ,ﾉﾀﾞｼ,FALSE,12,戦後の人口増加と鉄道・道路整備を背景に住宅地や商業地が広がり、従来の農村・宿場・工業の記憶を残しつつ首都圏の生活都市へ発展した。古い町の記憶と新しい交通・産業が重なっている点が、この地域の成り立ちを理解する鍵になる。,しょうゆ醸造、清水公園、関宿城博物館が代表的だ。季節ごとに景色や食の楽しみが変わり、短い滞在でも地域の個性を感じやすい組み合わせだ。地域の直売所や公園も、普段の暮らしに触れられる立ち寄り先になっている。
12210,千葉県,茂原市,ﾁﾊﾞｹﾝ,ﾓﾊﾞﾗｼ,FALSE,12,戦後の人口増加と鉄道・道路整備を背景に住宅地や商業地が広がり、従来の農村・宿場・工業の記憶を残しつつ首都圏の生活都市へ発展した。地域の祭りや文化施設にも、こうした変化を受け継ぐ姿が見られる。今も地域の個性として息づく。,茂原七夕まつり、天然ガス、服部農園あじさい屋敷周辺が代表的だ。公共交通や徒歩で訪ねられる場所も多く、景観・食・文化を一度に楽しみやすい。地域の直売所や公園も、普段の暮らしに触れられる立ち寄り先になっている。
12211,千葉県,成田市,ﾁﾊﾞｹﾝ,ﾅﾘﾀｼ,FALSE,12,成田国際空港の開港によって国際交通の玄関口となり、成田山の門前町という歴史に空港都市の性格が加わった。地域の祭りや文化施設にも、こうした変化を受け継ぐ姿が見られる。成田市の歩みは、地域資源を生かしながら変化を重ねてきた。,成田山新勝寺、成田国際空港、うなぎ料理が代表的だ。名所だけでなく、食や日常の風景まで組み合わせて歩くと、この土地らしさがつかみやすい。地域の直売所や公園も、普段の暮らしに触れられる立ち寄り先になっている。
12212,千葉県,佐倉市,ﾁﾊﾞｹﾝ,ｻｸﾗｼ,FALSE,12,戦後の人口増加と鉄道・道路整備を背景に住宅地や商業地が広がり、従来の農村・宿場・工業の記憶を残しつつ首都圏の生活都市へ発展した。古い町の記憶と新しい交通・産業が重なっている点が、この地域の成り立ちを理解する鍵になる。,国立歴史民俗博物館、佐倉城址公園、武家屋敷が代表的だ。公共交通や徒歩で訪ねられる場所も多く、景観・食・文化を一度に楽しみやすい。地域の直売所や公園も、普段の暮らしに触れられる立ち寄り先になっている。今も地域の個性として息づく。
12213,千葉県,東金市,ﾁﾊﾞｹﾝ,ﾄｳｶﾞﾈｼ,FALSE,12,戦後の人口増加と鉄道・道路整備を背景に住宅地や商業地が広がり、従来の農村・宿場・工業の記憶を残しつつ首都圏の生活都市へ発展した。古い町の記憶と新しい交通・産業が重なっている点が、この地域の成り立ちを理解する鍵になる。,八鶴湖、東金ぶどう郷、桜の景観が代表的だ。公共交通や徒歩で訪ねられる場所も多く、景観・食・文化を一度に楽しみやすい。地域の直売所や公園も、普段の暮らしに触れられる立ち寄り先になっている。今も地域の個性として息づく。
12215,千葉県,旭市,ﾁﾊﾞｹﾝ,ｱｻﾋｼ,FALSE,12,戦後の人口増加と鉄道・道路整備を背景に住宅地や商業地が広がり、従来の農村・宿場・工業の記憶を残しつつ首都圏の生活都市へ発展した。現在の景観には、以前からの集落や産業と、戦後に加わった都市機能の両方が表れている。,飯岡刑部岬、九十九里浜、農畜産物が代表的だ。季節ごとに景色や食の楽しみが変わり、短い滞在でも地域の個性を感じやすい組み合わせだ。地域の直売所や公園も、普段の暮らしに触れられる立ち寄り先になっている。今も地域の個性として息づく。
12216,千葉県,習志野市,ﾁﾊﾞｹﾝ,ﾅﾗｼﾉｼ,FALSE,12,戦後の人口増加と鉄道・道路整備を背景に住宅地や商業地が広がり、従来の農村・宿場・工業の記憶を残しつつ首都圏の生活都市へ発展した。古い町の記憶と新しい交通・産業が重なっている点が、この地域の成り立ちを理解する鍵になる。,谷津干潟、習志野文化ホール周辺の音楽文化、ラムサール条約の自然が代表的だ。名所だけでなく、食や日常の風景まで組み合わせて歩くと、この土地らしさがつかみやすい。地域の直売所や公園も、普段の暮らしに触れられる立ち寄り先になっている。
12217,千葉県,柏市,ﾁﾊﾞｹﾝ,ｶｼﾜｼ,FALSE,12,戦後の人口増加と鉄道・道路整備を背景に住宅地や商業地が広がり、従来の農村・宿場・工業の記憶を残しつつ首都圏の生活都市へ発展した。昔からの地域資源を保存するだけでなく、現代の暮らしや観光に生かす動きが続いている。,柏レイソル、柏の葉スマートシティ、手賀沼周辺が代表的だ。季節ごとに景色や食の楽しみが変わり、短い滞在でも地域の個性を感じやすい組み合わせだ。地域の直売所や公園も、普段の暮らしに触れられる立ち寄り先になっている。
12218,千葉県,勝浦市,ﾁﾊﾞｹﾝ,ｶﾂｳﾗｼ,FALSE,12,交通網の整備と観光地としての発信が進み、自然や歴史資源を地域の仕事と結び付けながら、現在の観光都市・観光地としての個性を育ててきた。古い町の記憶と新しい交通・産業が重なっている点が、この地域の成り立ちを理解する鍵になる。,勝浦朝市、かつうら海中公園、勝浦タンタンメンが代表的だ。名所だけでなく、食や日常の風景まで組み合わせて歩くと、この土地らしさがつかみやすい。地域の直売所や公園も、普段の暮らしに触れられる立ち寄り先になっている。
12219,千葉県,市原市,ﾁﾊﾞｹﾝ,ｲﾁﾊﾗｼ,FALSE,12,戦後の工場立地や道路・鉄道の整備を背景に産業と住宅地が広がり、働く街と暮らす街の両面を持つ現在の姿へ発展した。現在の景観には、以前からの集落や産業と、戦後に加わった都市機能の両方が表れている。今も地域の個性として息づく。,養老渓谷、小湊鐵道、市原ぞうの国が代表的だ。公共交通や徒歩で訪ねられる場所も多く、景観・食・文化を一度に楽しみやすい。地域の直売所や公園も、普段の暮らしに触れられる立ち寄り先になっている。今も地域の個性として息づく。
12220,千葉県,流山市,ﾁﾊﾞｹﾝ,ﾅｶﾞﾚﾔﾏｼ,FALSE,12,つくばエクスプレス開業後に駅周辺の住宅開発が進み、子育て世代の流入で首都圏の新しい住宅都市として注目された。現在の景観には、以前からの集落や産業と、戦後に加わった都市機能の両方が表れている。今も地域の個性として息づく。,流山本町、みりん、つくばエクスプレス沿線の街並みが代表的だ。公共交通や徒歩で訪ねられる場所も多く、景観・食・文化を一度に楽しみやすい。地域の直売所や公園も、普段の暮らしに触れられる立ち寄り先になっている。
12221,千葉県,八千代市,ﾁﾊﾞｹﾝ,ﾔﾁﾖｼ,FALSE,12,戦後の人口増加と鉄道・道路整備を背景に住宅地や商業地が広がり、従来の農村・宿場・工業の記憶を残しつつ首都圏の生活都市へ発展した。昔からの地域資源を保存するだけでなく、現代の暮らしや観光に生かす動きが続いている。,京成バラ園、新川、梨が代表的だ。観光の定番と地元の暮らしに近い魅力が並び、初めて訪れる人にも特徴が伝わりやすい。地域の直売所や公園も、普段の暮らしに触れられる立ち寄り先になっている。今も地域の個性として息づく。
12222,千葉県,我孫子市,ﾁﾊﾞｹﾝ,ｱﾋﾞｺｼ,FALSE,12,戦後の人口増加と鉄道・道路整備を背景に住宅地や商業地が広がり、従来の農村・宿場・工業の記憶を残しつつ首都圏の生活都市へ発展した。現在の景観には、以前からの集落や産業と、戦後に加わった都市機能の両方が表れている。,手賀沼、白樺文学館、鳥の博物館が代表的だ。公共交通や徒歩で訪ねられる場所も多く、景観・食・文化を一度に楽しみやすい。地域の直売所や公園も、普段の暮らしに触れられる立ち寄り先になっている。今も地域の個性として息づく。
12223,千葉県,鴨川市,ﾁﾊﾞｹﾝ,ｶﾓｶﾞﾜｼ,FALSE,12,交通網の整備と観光地としての発信が進み、自然や歴史資源を地域の仕事と結び付けながら、現在の観光都市・観光地としての個性を育ててきた。昔からの地域資源を保存するだけでなく、現代の暮らしや観光に生かす動きが続いている。,鴨川シーワールド、棚田の大山千枚田、海産物が代表的だ。公共交通や徒歩で訪ねられる場所も多く、景観・食・文化を一度に楽しみやすい。地域の直売所や公園も、普段の暮らしに触れられる立ち寄り先になっている。今も地域の個性として息づく。
12224,千葉県,鎌ケ谷市,ﾁﾊﾞｹﾝ,ｶﾏｶﾞﾔｼ,FALSE,12,戦後の人口増加と鉄道・道路整備を背景に住宅地や商業地が広がり、従来の農村・宿場・工業の記憶を残しつつ首都圏の生活都市へ発展した。現在の景観には、以前からの集落や産業と、戦後に加わった都市機能の両方が表れている。,梨、ファイターズ鎌ケ谷スタジアム、鎌ケ谷大仏が代表的だ。名所だけでなく、食や日常の風景まで組み合わせて歩くと、この土地らしさがつかみやすい。地域の直売所や公園も、普段の暮らしに触れられる立ち寄り先になっている。
12225,千葉県,君津市,ﾁﾊﾞｹﾝ,ｷﾐﾂｼ,FALSE,12,戦後の人口増加と鉄道・道路整備を背景に住宅地や商業地が広がり、従来の農村・宿場・工業の記憶を残しつつ首都圏の生活都市へ発展した。昔からの地域資源を保存するだけでなく、現代の暮らしや観光に生かす動きが続いている。,亀山湖、濃溝の滝・亀岩の洞窟、工業地帯が代表的だ。季節ごとに景色や食の楽しみが変わり、短い滞在でも地域の個性を感じやすい組み合わせだ。地域の直売所や公園も、普段の暮らしに触れられる立ち寄り先になっている。
12226,千葉県,富津市,ﾁﾊﾞｹﾝ,ﾌｯﾂｼ,FALSE,12,戦後の人口増加と鉄道・道路整備を背景に住宅地や商業地が広がり、従来の農村・宿場・工業の記憶を残しつつ首都圏の生活都市へ発展した。昔からの地域資源を保存するだけでなく、現代の暮らしや観光に生かす動きが続いている。,鋸山、富津岬、潮干狩りが代表的だ。季節ごとに景色や食の楽しみが変わり、短い滞在でも地域の個性を感じやすい組み合わせだ。地域の直売所や公園も、普段の暮らしに触れられる立ち寄り先になっている。今も地域の個性として息づく。
12227,千葉県,浦安市,ﾁﾊﾞｹﾝ,ｳﾗﾔｽｼ,FALSE,12,東京湾岸の埋め立てと鉄道整備で急速に都市化し、大型テーマパークの開業後は国際的な観光都市としても知られるようになった。古い町の記憶と新しい交通・産業が重なっている点が、この地域の成り立ちを理解する鍵になる。,東京ディズニーリゾート、舞浜、新浦安の湾岸景観が代表的だ。季節ごとに景色や食の楽しみが変わり、短い滞在でも地域の個性を感じやすい組み合わせだ。地域の直売所や公園も、普段の暮らしに触れられる立ち寄り先になっている。
12228,千葉県,四街道市,ﾁﾊﾞｹﾝ,ﾖﾂｶｲﾄﾞｳｼ,FALSE,12,戦後の人口増加と鉄道・道路整備を背景に住宅地や商業地が広がり、従来の農村・宿場・工業の記憶を残しつつ首都圏の生活都市へ発展した。昔からの地域資源を保存するだけでなく、現代の暮らしや観光に生かす動きが続いている。,鹿放ケ丘開拓の記憶、総合公園、都市近郊農業が代表的だ。名所だけでなく、食や日常の風景まで組み合わせて歩くと、この土地らしさがつかみやすい。地域の直売所や公園も、普段の暮らしに触れられる立ち寄り先になっている。
12229,千葉県,袖ケ浦市,ﾁﾊﾞｹﾝ,ｿﾃﾞｶﾞｳﾗｼ,FALSE,12,戦後の工場立地や道路・鉄道の整備を背景に産業と住宅地が広がり、働く街と暮らす街の両面を持つ現在の姿へ発展した。昔からの地域資源を保存するだけでなく、現代の暮らしや観光に生かす動きが続いている。今も地域の個性として息づく。,東京ドイツ村、袖ケ浦海浜公園、臨海工業地帯が代表的だ。季節ごとに景色や食の楽しみが変わり、短い滞在でも地域の個性を感じやすい組み合わせだ。地域の直売所や公園も、普段の暮らしに触れられる立ち寄り先になっている。
12230,千葉県,八街市,ﾁﾊﾞｹﾝ,ﾔﾁﾏﾀｼ,FALSE,12,戦後の人口増加と鉄道・道路整備を背景に住宅地や商業地が広がり、従来の農村・宿場・工業の記憶を残しつつ首都圏の生活都市へ発展した。現在の景観には、以前からの集落や産業と、戦後に加わった都市機能の両方が表れている。,落花生、畑作景観、八街駅周辺の街並みが代表的だ。季節ごとに景色や食の楽しみが変わり、短い滞在でも地域の個性を感じやすい組み合わせだ。地域の直売所や公園も、普段の暮らしに触れられる立ち寄り先になっている。
12231,千葉県,印西市,ﾁﾊﾞｹﾝ,ｲﾝｻﾞｲｼ,FALSE,12,千葉ニュータウンの造成と北総線沿線の開発で人口が増え、近年はデータセンターなど新しい産業集積も進んでいる。地域の祭りや文化施設にも、こうした変化を受け継ぐ姿が見られる。印西市の歩みは、地域資源を生かしながら変化を重ねてきた。,千葉ニュータウン、北総線、印旛沼周辺の自然が代表的だ。観光の定番と地元の暮らしに近い魅力が並び、初めて訪れる人にも特徴が伝わりやすい。地域の直売所や公園も、普段の暮らしに触れられる立ち寄り先になっている。
12232,千葉県,白井市,ﾁﾊﾞｹﾝ,ｼﾛｲｼ,FALSE,12,戦後の人口増加と鉄道・道路整備を背景に住宅地や商業地が広がり、従来の農村・宿場・工業の記憶を残しつつ首都圏の生活都市へ発展した。昔からの地域資源を保存するだけでなく、現代の暮らしや観光に生かす動きが続いている。,梨、北総線沿線、田園とニュータウンが代表的だ。公共交通や徒歩で訪ねられる場所も多く、景観・食・文化を一度に楽しみやすい。地域の直売所や公園も、普段の暮らしに触れられる立ち寄り先になっている。今も地域の個性として息づく。
12233,千葉県,富里市,ﾁﾊﾞｹﾝ,ﾄﾐｻﾄｼ,FALSE,12,戦後の人口増加と鉄道・道路整備を背景に住宅地や商業地が広がり、従来の農村・宿場・工業の記憶を残しつつ首都圏の生活都市へ発展した。昔からの地域資源を保存するだけでなく、現代の暮らしや観光に生かす動きが続いている。,すいか、成田空港周辺の立地、馬文化が代表的だ。名所だけでなく、食や日常の風景まで組み合わせて歩くと、この土地らしさがつかみやすい。地域の直売所や公園も、普段の暮らしに触れられる立ち寄り先になっている。
12234,千葉県,南房総市,ﾁﾊﾞｹﾝ,ﾐﾅﾐﾎﾞｳｿｳｼ,FALSE,12,平成の市町村合併で複数の地域が一つになり、旧市町村ごとの産業や祭り、生活圏を受け継ぎながら現在の自治体が形づくられた。現在の景観には、以前からの集落や産業と、戦後に加わった都市機能の両方が表れている。,花畑、びわ、野島崎が代表的だ。観光の定番と地元の暮らしに近い魅力が並び、初めて訪れる人にも特徴が伝わりやすい。地域の直売所や公園も、普段の暮らしに触れられる立ち寄り先になっている。今も地域の個性として息づく。
12235,千葉県,匝瑳市,ﾁﾊﾞｹﾝ,ｿｳｻｼ,FALSE,12,平成の市町村合併で複数の地域が一つになり、旧市町村ごとの産業や祭り、生活圏を受け継ぎながら現在の自治体が形づくられた。古い町の記憶と新しい交通・産業が重なっている点が、この地域の成り立ちを理解する鍵になる。,植木、飯高寺、九十九里浜が代表的だ。名所だけでなく、食や日常の風景まで組み合わせて歩くと、この土地らしさがつかみやすい。地域の直売所や公園も、普段の暮らしに触れられる立ち寄り先になっている。今も地域の個性として息づく。
12236,千葉県,香取市,ﾁﾊﾞｹﾝ,ｶﾄﾘｼ,FALSE,12,平成の市町村合併で複数の地域が一つになり、旧市町村ごとの産業や祭り、生活圏を受け継ぎながら現在の自治体が形づくられた。現在の景観には、以前からの集落や産業と、戦後に加わった都市機能の両方が表れている。,佐原の町並み、香取神宮、佐原の大祭が代表的だ。名所だけでなく、食や日常の風景まで組み合わせて歩くと、この土地らしさがつかみやすい。地域の直売所や公園も、普段の暮らしに触れられる立ち寄り先になっている。
12237,千葉県,山武市,ﾁﾊﾞｹﾝ,ｻﾝﾑｼ,FALSE,12,平成の市町村合併で複数の地域が一つになり、旧市町村ごとの産業や祭り、生活圏を受け継ぎながら現在の自治体が形づくられた。昔からの地域資源を保存するだけでなく、現代の暮らしや観光に生かす動きが続いている。,山武杉、いちご、九十九里浜が代表的だ。公共交通や徒歩で訪ねられる場所も多く、景観・食・文化を一度に楽しみやすい。地域の直売所や公園も、普段の暮らしに触れられる立ち寄り先になっている。今も地域の個性として息づく。
12238,千葉県,いすみ市,ﾁﾊﾞｹﾝ,ｲｽﾐｼ,FALSE,12,平成の市町村合併で複数の地域が一つになり、旧市町村ごとの産業や祭り、生活圏を受け継ぎながら現在の自治体が形づくられた。現在の景観には、以前からの集落や産業と、戦後に加わった都市機能の両方が表れている。,いすみ鉄道、大原はだか祭り、伊勢えびが代表的だ。季節ごとに景色や食の楽しみが変わり、短い滞在でも地域の個性を感じやすい組み合わせだ。地域の直売所や公園も、普段の暮らしに触れられる立ち寄り先になっている。
12239,千葉県,大網白里市,ﾁﾊﾞｹﾝ,ｵｵｱﾐｼﾗｻﾄｼ,FALSE,12,戦後の人口増加と鉄道・道路整備を背景に住宅地や商業地が広がり、従来の農村・宿場・工業の記憶を残しつつ首都圏の生活都市へ発展した。地域の祭りや文化施設にも、こうした変化を受け継ぐ姿が見られる。今も地域の個性として息づく。,九十九里浜、白里海岸、いちご・農産物が代表的だ。名所だけでなく、食や日常の風景まで組み合わせて歩くと、この土地らしさがつかみやすい。地域の直売所や公園も、普段の暮らしに触れられる立ち寄り先になっている。
12322,千葉県,酒々井町,ﾁﾊﾞｹﾝ,ｼｽｲﾏﾁ,FALSE,12,戦後の人口増加と鉄道・道路整備を背景に住宅地や商業地が広がり、従来の農村・宿場・工業の記憶を残しつつ首都圏の生活都市へ発展した。現在の景観には、以前からの集落や産業と、戦後に加わった都市機能の両方が表れている。,酒々井プレミアム・アウトレット、本佐倉城跡、酒々井新酒祭が代表的だ。名所だけでなく、食や日常の風景まで組み合わせて歩くと、この土地らしさがつかみやすい。地域の直売所や公園も、普段の暮らしに触れられる立ち寄り先になっている。
12329,千葉県,栄町,ﾁﾊﾞｹﾝ,ｻｶｴﾏﾁ,FALSE,12,戦後の人口増加と鉄道・道路整備を背景に住宅地や商業地が広がり、従来の農村・宿場・工業の記憶を残しつつ首都圏の生活都市へ発展した。現在の景観には、以前からの集落や産業と、戦後に加わった都市機能の両方が表れている。,房総のむら、利根川、龍角寺古墳群が代表的だ。季節ごとに景色や食の楽しみが変わり、短い滞在でも地域の個性を感じやすい組み合わせだ。地域の直売所や公園も、普段の暮らしに触れられる立ち寄り先になっている。今も地域の個性として息づく。
12342,千葉県,神崎町,ﾁﾊﾞｹﾝ,ｺｳｻﾞｷﾏﾁ,FALSE,12,戦後の人口増加と鉄道・道路整備を背景に住宅地や商業地が広がり、従来の農村・宿場・工業の記憶を残しつつ首都圏の生活都市へ発展した。現在の景観には、以前からの集落や産業と、戦後に加わった都市機能の両方が表れている。,発酵の里こうざき、酒蔵、利根川が代表的だ。名所だけでなく、食や日常の風景まで組み合わせて歩くと、この土地らしさがつかみやすい。地域の直売所や公園も、普段の暮らしに触れられる立ち寄り先になっている。今も地域の個性として息づく。
12347,千葉県,多古町,ﾁﾊﾞｹﾝ,ﾀｺﾏﾁ,FALSE,12,戦後の人口増加と鉄道・道路整備を背景に住宅地や商業地が広がり、従来の農村・宿場・工業の記憶を残しつつ首都圏の生活都市へ発展した。昔からの地域資源を保存するだけでなく、現代の暮らしや観光に生かす動きが続いている。,多古米、あじさい、栗山川が代表的だ。季節ごとに景色や食の楽しみが変わり、短い滞在でも地域の個性を感じやすい組み合わせだ。地域の直売所や公園も、普段の暮らしに触れられる立ち寄り先になっている。今も地域の個性として息づく。
12349,千葉県,東庄町,ﾁﾊﾞｹﾝ,ﾄｳﾉｼｮｳﾏﾁ,FALSE,12,戦後の人口増加と鉄道・道路整備を背景に住宅地や商業地が広がり、従来の農村・宿場・工業の記憶を残しつつ首都圏の生活都市へ発展した。古い町の記憶と新しい交通・産業が重なっている点が、この地域の成り立ちを理解する鍵になる。,東庄町観光いちご組合のいちご、利根川、雲井岬つつじ公園が代表的だ。観光の定番と地元の暮らしに近い魅力が並び、初めて訪れる人にも特徴が伝わりやすい。地域の直売所や公園も、普段の暮らしに触れられる立ち寄り先になっている。
12403,千葉県,九十九里町,ﾁﾊﾞｹﾝ,ｸｼﾞﾕｳｸﾘﾏﾁ,FALSE,12,戦後の人口増加と鉄道・道路整備を背景に住宅地や商業地が広がり、従来の農村・宿場・工業の記憶を残しつつ首都圏の生活都市へ発展した。昔からの地域資源を保存するだけでなく、現代の暮らしや観光に生かす動きが続いている。,九十九里浜、いわし文化、海水浴が代表的だ。公共交通や徒歩で訪ねられる場所も多く、景観・食・文化を一度に楽しみやすい。地域の直売所や公園も、普段の暮らしに触れられる立ち寄り先になっている。今も地域の個性として息づく。
12409,千葉県,芝山町,ﾁﾊﾞｹﾝ,ｼﾊﾞﾔﾏﾏﾁ,FALSE,12,戦後の人口増加と鉄道・道路整備を背景に住宅地や商業地が広がり、従来の農村・宿場・工業の記憶を残しつつ首都圏の生活都市へ発展した。昔からの地域資源を保存するだけでなく、現代の暮らしや観光に生かす動きが続いている。,航空科学博物館、芝山古墳・はにわ博物館、成田空港周辺が代表的だ。季節ごとに景色や食の楽しみが変わり、短い滞在でも地域の個性を感じやすい組み合わせだ。地域の直売所や公園も、普段の暮らしに触れられる立ち寄り先になっている。
12410,千葉県,横芝光町,ﾁﾊﾞｹﾝ,ﾖｺｼﾊﾞﾋｶﾘﾏﾁ,FALSE,12,戦後の人口増加と鉄道・道路整備を背景に住宅地や商業地が広がり、従来の農村・宿場・工業の記憶を残しつつ首都圏の生活都市へ発展した。昔からの地域資源を保存するだけでなく、現代の暮らしや観光に生かす動きが続いている。,栗山川、坂田城跡の梅、九十九里浜が代表的だ。観光の定番と地元の暮らしに近い魅力が並び、初めて訪れる人にも特徴が伝わりやすい。地域の直売所や公園も、普段の暮らしに触れられる立ち寄り先になっている。今も地域の個性として息づく。
12421,千葉県,一宮町,ﾁﾊﾞｹﾝ,ｲﾁﾉﾐﾔﾏﾁ,FALSE,12,戦後の人口増加と鉄道・道路整備を背景に住宅地や商業地が広がり、従来の農村・宿場・工業の記憶を残しつつ首都圏の生活都市へ発展した。地域の祭りや文化施設にも、こうした変化を受け継ぐ姿が見られる。今も地域の個性として息づく。,釣ヶ崎海岸のサーフィン、玉前神社、梨が代表的だ。公共交通や徒歩で訪ねられる場所も多く、景観・食・文化を一度に楽しみやすい。地域の直売所や公園も、普段の暮らしに触れられる立ち寄り先になっている。今も地域の個性として息づく。
12422,千葉県,睦沢町,ﾁﾊﾞｹﾝ,ﾑﾂｻﾞﾜﾏﾁ,FALSE,12,戦後の人口増加と鉄道・道路整備を背景に住宅地や商業地が広がり、従来の農村・宿場・工業の記憶を残しつつ首都圏の生活都市へ発展した。古い町の記憶と新しい交通・産業が重なっている点が、この地域の成り立ちを理解する鍵になる。,道の駅むつざわ、里山、米や野菜が代表的だ。公共交通や徒歩で訪ねられる場所も多く、景観・食・文化を一度に楽しみやすい。地域の直売所や公園も、普段の暮らしに触れられる立ち寄り先になっている。今も地域の個性として息づく。
12423,千葉県,長生村,ﾁﾊﾞｹﾝ,ﾁｮｳｾｲﾑﾗ,FALSE,12,戦後の人口増加と鉄道・道路整備を背景に住宅地や商業地が広がり、従来の農村・宿場・工業の記憶を残しつつ首都圏の生活都市へ発展した。地域の祭りや文化施設にも、こうした変化を受け継ぐ姿が見られる。今も地域の個性として息づく。,九十九里浜、アイガモ農法などの米づくり、海岸景観が代表的だ。名所だけでなく、食や日常の風景まで組み合わせて歩くと、この土地らしさがつかみやすい。地域の直売所や公園も、普段の暮らしに触れられる立ち寄り先になっている。
12424,千葉県,白子町,ﾁﾊﾞｹﾝ,ｼﾗｺﾏﾁ,FALSE,12,戦後の人口増加と鉄道・道路整備を背景に住宅地や商業地が広がり、従来の農村・宿場・工業の記憶を残しつつ首都圏の生活都市へ発展した。地域の祭りや文化施設にも、こうした変化を受け継ぐ姿が見られる。今も地域の個性として息づく。,白子温泉、テニス、たまねぎが代表的だ。季節ごとに景色や食の楽しみが変わり、短い滞在でも地域の個性を感じやすい組み合わせだ。地域の直売所や公園も、普段の暮らしに触れられる立ち寄り先になっている。今も地域の個性として息づく。
12426,千葉県,長柄町,ﾁﾊﾞｹﾝ,ﾅｶﾞﾗﾏﾁ,FALSE,12,戦後の人口増加と鉄道・道路整備を背景に住宅地や商業地が広がり、従来の農村・宿場・工業の記憶を残しつつ首都圏の生活都市へ発展した。昔からの地域資源を保存するだけでなく、現代の暮らしや観光に生かす動きが続いている。,長柄ダム、ロングウッドステーション周辺、里山が代表的だ。観光の定番と地元の暮らしに近い魅力が並び、初めて訪れる人にも特徴が伝わりやすい。地域の直売所や公園も、普段の暮らしに触れられる立ち寄り先になっている。
12427,千葉県,長南町,ﾁﾊﾞｹﾝ,ﾁｮｳﾅﾝﾏﾁ,FALSE,12,戦後の人口増加と鉄道・道路整備を背景に住宅地や商業地が広がり、従来の農村・宿場・工業の記憶を残しつつ首都圏の生活都市へ発展した。現在の景観には、以前からの集落や産業と、戦後に加わった都市機能の両方が表れている。,笠森観音、田園、ホタルが代表的だ。季節ごとに景色や食の楽しみが変わり、短い滞在でも地域の個性を感じやすい組み合わせだ。地域の直売所や公園も、普段の暮らしに触れられる立ち寄り先になっている。今も地域の個性として息づく。
12441,千葉県,大多喜町,ﾁﾊﾞｹﾝ,ｵｵﾀｷﾏﾁ,FALSE,12,交通網の整備と観光地としての発信が進み、自然や歴史資源を地域の仕事と結び付けながら、現在の観光都市・観光地としての個性を育ててきた。昔からの地域資源を保存するだけでなく、現代の暮らしや観光に生かす動きが続いている。,大多喜城、養老渓谷、たけのこが代表的だ。名所だけでなく、食や日常の風景まで組み合わせて歩くと、この土地らしさがつかみやすい。地域の直売所や公園も、普段の暮らしに触れられる立ち寄り先になっている。今も地域の個性として息づく。
12443,千葉県,御宿町,ﾁﾊﾞｹﾝ,ｵﾝｼﾞﾕｸﾏﾁ,FALSE,12,交通網の整備と観光地としての発信が進み、自然や歴史資源を地域の仕事と結び付けながら、現在の観光都市・観光地としての個性を育ててきた。古い町の記憶と新しい交通・産業が重なっている点が、この地域の成り立ちを理解する鍵になる。,月の沙漠記念像、御宿海岸、伊勢えびが代表的だ。名所だけでなく、食や日常の風景まで組み合わせて歩くと、この土地らしさがつかみやすい。地域の直売所や公園も、普段の暮らしに触れられる立ち寄り先になっている。
12463,千葉県,鋸南町,ﾁﾊﾞｹﾝ,ｷﾖﾅﾝﾏﾁ,FALSE,12,交通網の整備と観光地としての発信が進み、自然や歴史資源を地域の仕事と結び付けながら、現在の観光都市・観光地としての個性を育ててきた。昔からの地域資源を保存するだけでなく、現代の暮らしや観光に生かす動きが続いている。,鋸山、日本寺、保田小学校を活用した道の駅が代表的だ。観光の定番と地元の暮らしに近い魅力が並び、初めて訪れる人にも特徴が伝わりやすい。地域の直売所や公園も、普段の暮らしに触れられる立ち寄り先になっている。
13000,東京都,,ﾄｳｷｮｳﾄ,,TRUE,13,,
13101,東京都,千代田区,ﾄｳｷｮｳﾄ,ﾁﾖﾀﾞｸ,FALSE,13,丸の内・大手町の再開発が続き、日本の政治・経済の中枢という性格を保ちながら、都心の働き方や街並みも更新されている。古い町の記憶と新しい交通・産業が重なっている点が、この地域の成り立ちを理解する鍵になる。,皇居、秋葉原、丸の内・大手町が代表的だ。名所だけでなく、食や日常の風景まで組み合わせて歩くと、この土地らしさがつかみやすい。地域の直売所や公園も、普段の暮らしに触れられる立ち寄り先になっている。今も地域の個性として息づく。
13102,東京都,中央区,ﾄｳｷｮｳﾄ,ﾁｭｳｵｳｸ,FALSE,13,日本橋や銀座の商業地を基盤に、湾岸部では高層住宅や再開発が進み、老舗文化と新しい都心生活が同居する街になった。古い町の記憶と新しい交通・産業が重なっている点が、この地域の成り立ちを理解する鍵になる。今も地域の個性として息づく。,銀座、日本橋、築地場外市場が代表的だ。季節ごとに景色や食の楽しみが変わり、短い滞在でも地域の個性を感じやすい組み合わせだ。地域の直売所や公園も、普段の暮らしに触れられる立ち寄り先になっている。今も地域の個性として息づく。
13103,東京都,港区,ﾄｳｷｮｳﾄ,ﾐﾅﾄｸ,FALSE,13,六本木や虎ノ門、品川周辺で大規模再開発が続き、国際企業や大使館が集まる都心として現在の姿を更新し続けている。現在の景観には、以前からの集落や産業と、戦後に加わった都市機能の両方が表れている。今も地域の個性として息づく。,東京タワー、六本木、お台場が代表的だ。公共交通や徒歩で訪ねられる場所も多く、景観・食・文化を一度に楽しみやすい。地域の直売所や公園も、普段の暮らしに触れられる立ち寄り先になっている。今も地域の個性として息づく。
13104,東京都,新宿区,ﾄｳｷｮｳﾄ,ｼﾝｼﾞｭｸｸ,FALSE,13,戦後に新宿駅周辺が巨大な繁華街へ成長し、西新宿の副都心開発で超高層ビル群と行政機能を備える都市になった。地域の祭りや文化施設にも、こうした変化を受け継ぐ姿が見られる。新宿区の歩みは、地域資源を生かしながら変化を重ねてきた。,新宿副都心、新宿御苑、神楽坂が代表的だ。名所だけでなく、食や日常の風景まで組み合わせて歩くと、この土地らしさがつかみやすい。地域の直売所や公園も、普段の暮らしに触れられる立ち寄り先になっている。今も地域の個性として息づく。
13105,東京都,文京区,ﾄｳｷｮｳﾄ,ﾌﾞﾝｷｮｳｸ,FALSE,13,戦後の人口増加と鉄道・道路整備を背景に住宅地や商業地が広がり、従来の農村・宿場・工業の記憶を残しつつ首都圏の生活都市へ発展した。現在の景観には、以前からの集落や産業と、戦後に加わった都市機能の両方が表れている。,東京大学、六義園、東京ドームが代表的だ。季節ごとに景色や食の楽しみが変わり、短い滞在でも地域の個性を感じやすい組み合わせだ。地域の直売所や公園も、普段の暮らしに触れられる立ち寄り先になっている。今も地域の個性として息づく。
13106,東京都,台東区,ﾄｳｷｮｳﾄ,ﾀｲﾄｳｸ,FALSE,13,戦後の人口増加と鉄道・道路整備を背景に住宅地や商業地が広がり、従来の農村・宿場・工業の記憶を残しつつ首都圏の生活都市へ発展した。古い町の記憶と新しい交通・産業が重なっている点が、この地域の成り立ちを理解する鍵になる。,浅草寺、上野恩賜公園、かっぱ橋道具街が代表的だ。観光の定番と地元の暮らしに近い魅力が並び、初めて訪れる人にも特徴が伝わりやすい。地域の直売所や公園も、普段の暮らしに触れられる立ち寄り先になっている。今も地域の個性として息づく。
13107,東京都,墨田区,ﾄｳｷｮｳﾄ,ｽﾐﾀﾞｸ,FALSE,13,戦後の人口増加と鉄道・道路整備を背景に住宅地や商業地が広がり、従来の農村・宿場・工業の記憶を残しつつ首都圏の生活都市へ発展した。地域の祭りや文化施設にも、こうした変化を受け継ぐ姿が見られる。今も地域の個性として息づく。,東京スカイツリー、両国国技館、隅田川花火大会が代表的だ。名所だけでなく、食や日常の風景まで組み合わせて歩くと、この土地らしさがつかみやすい。地域の直売所や公園も、普段の暮らしに触れられる立ち寄り先になっている。
13108,東京都,江東区,ﾄｳｷｮｳﾄ,ｺｳﾄｳｸ,FALSE,13,戦後の工場立地や道路・鉄道の整備を背景に産業と住宅地が広がり、働く街と暮らす街の両面を持つ現在の姿へ発展した。古い町の記憶と新しい交通・産業が重なっている点が、この地域の成り立ちを理解する鍵になる。今も地域の個性として息づく。,豊洲市場、清澄庭園、臨海部の大型施設が代表的だ。公共交通や徒歩で訪ねられる場所も多く、景観・食・文化を一度に楽しみやすい。地域の直売所や公園も、普段の暮らしに触れられる立ち寄り先になっている。今も地域の個性として息づく。
13109,東京都,品川区,ﾄｳｷｮｳﾄ,ｼﾅｶﾞﾜｸ,FALSE,13,戦後の工場立地や道路・鉄道の整備を背景に産業と住宅地が広がり、働く街と暮らす街の両面を持つ現在の姿へ発展した。地域の祭りや文化施設にも、こうした変化を受け継ぐ姿が見られる。品川区の歩みは、地域資源を生かしながら変化を重ねてきた。,天王洲アイル、しながわ水族館、旧東海道品川宿が代表的だ。名所だけでなく、食や日常の風景まで組み合わせて歩くと、この土地らしさがつかみやすい。地域の直売所や公園も、普段の暮らしに触れられる立ち寄り先になっている。
13110,東京都,目黒区,ﾄｳｷｮｳﾄ,ﾒｸﾞﾛｸ,FALSE,13,戦後の人口増加と鉄道・道路整備を背景に住宅地や商業地が広がり、従来の農村・宿場・工業の記憶を残しつつ首都圏の生活都市へ発展した。昔からの地域資源を保存するだけでなく、現代の暮らしや観光に生かす動きが続いている。,目黒川、中目黒、東京都写真美術館周辺が代表的だ。観光の定番と地元の暮らしに近い魅力が並び、初めて訪れる人にも特徴が伝わりやすい。地域の直売所や公園も、普段の暮らしに触れられる立ち寄り先になっている。今も地域の個性として息づく。
13111,東京都,大田区,ﾄｳｷｮｳﾄ,ｵｵﾀｸ,FALSE,13,戦後の工場立地や道路・鉄道の整備を背景に産業と住宅地が広がり、働く街と暮らす街の両面を持つ現在の姿へ発展した。昔からの地域資源を保存するだけでなく、現代の暮らしや観光に生かす動きが続いている。今も地域の個性として息づく。,羽田空港、町工場、池上本門寺が代表的だ。公共交通や徒歩で訪ねられる場所も多く、景観・食・文化を一度に楽しみやすい。地域の直売所や公園も、普段の暮らしに触れられる立ち寄り先になっている。今も地域の個性として息づく。
13112,東京都,世田谷区,ﾄｳｷｮｳﾄ,ｾﾀｶﾞﾔｸ,FALSE,13,戦後の人口増加と鉄道・道路整備を背景に住宅地や商業地が広がり、従来の農村・宿場・工業の記憶を残しつつ首都圏の生活都市へ発展した。古い町の記憶と新しい交通・産業が重なっている点が、この地域の成り立ちを理解する鍵になる。,等々力渓谷、豪徳寺、二子玉川が代表的だ。観光の定番と地元の暮らしに近い魅力が並び、初めて訪れる人にも特徴が伝わりやすい。地域の直売所や公園も、普段の暮らしに触れられる立ち寄り先になっている。今も地域の個性として息づく。
13113,東京都,渋谷区,ﾄｳｷｮｳﾄ,ｼﾌﾞﾔｸ,FALSE,13,渋谷駅周辺の大規模再開発が続き、若者文化やIT企業の集積に加えて、都心の交通拠点としての機能も大きく更新されている。現在の景観には、以前からの集落や産業と、戦後に加わった都市機能の両方が表れている。今も地域の個性として息づく。,渋谷スクランブル交差点、明治神宮、代官山・原宿が代表的だ。公共交通や徒歩で訪ねられる場所も多く、景観・食・文化を一度に楽しみやすい。地域の直売所や公園も、普段の暮らしに触れられる立ち寄り先になっている。
13114,東京都,中野区,ﾄｳｷｮｳﾄ,ﾅｶﾉｸ,FALSE,13,中野駅周辺の再開発が進み、サブカルチャーの集積で知られる街に、オフィス・大学・住宅の新しい機能が加わっている。昔からの地域資源を保存するだけでなく、現代の暮らしや観光に生かす動きが続いている。今も地域の個性として息づく。,中野ブロードウェイ、中野サンプラザ跡地周辺の再開発、哲学堂公園が代表的だ。名所だけでなく、食や日常の風景まで組み合わせて歩くと、この土地らしさがつかみやすい。地域の直売所や公園も、普段の暮らしに触れられる立ち寄り先になっている。
13115,東京都,杉並区,ﾄｳｷｮｳﾄ,ｽｷﾞﾅﾐｸ,FALSE,13,鉄道沿線の住宅地として発展し、アニメ制作会社の集積や地域の祭りが加わって、生活文化と創作文化が共存する街になった。古い町の記憶と新しい交通・産業が重なっている点が、この地域の成り立ちを理解する鍵になる。,高円寺阿波おどり、荻窪・西荻窪の文化、アニメ制作会社集積が代表的だ。観光の定番と地元の暮らしに近い魅力が並び、初めて訪れる人にも特徴が伝わりやすい。地域の直売所や公園も、普段の暮らしに触れられる立ち寄り先になっている。
13116,東京都,豊島区,ﾄｳｷｮｳﾄ,ﾄｼﾏｸ,FALSE,13,池袋駅を中心に商業・文化機能が集中し、近年は公園や劇場を軸にした再整備で「文化の街」としての発信を強めている。地域の祭りや文化施設にも、こうした変化を受け継ぐ姿が見られる。豊島区の歩みは、地域資源を生かしながら変化を重ねてきた。,池袋、トキワ荘マンガミュージアム、サンシャインシティが代表的だ。季節ごとに景色や食の楽しみが変わり、短い滞在でも地域の個性を感じやすい組み合わせだ。地域の直売所や公園も、普段の暮らしに触れられる立ち寄り先になっている。
13117,東京都,北区,ﾄｳｷｮｳﾄ,ｷﾀｸ,FALSE,13,戦後の人口増加と鉄道・道路整備を背景に住宅地や商業地が広がり、従来の農村・宿場・工業の記憶を残しつつ首都圏の生活都市へ発展した。昔からの地域資源を保存するだけでなく、現代の暮らしや観光に生かす動きが続いている。,飛鳥山公園、旧古河庭園、赤羽の街並みが代表的だ。季節ごとに景色や食の楽しみが変わり、短い滞在でも地域の個性を感じやすい組み合わせだ。地域の直売所や公園も、普段の暮らしに触れられる立ち寄り先になっている。
13118,東京都,荒川区,ﾄｳｷｮｳﾄ,ｱﾗｶﾜｸ,FALSE,13,戦後の人口増加と鉄道・道路整備を背景に住宅地や商業地が広がり、従来の農村・宿場・工業の記憶を残しつつ首都圏の生活都市へ発展した。昔からの地域資源を保存するだけでなく、現代の暮らしや観光に生かす動きが続いている。,都電荒川線、日暮里繊維街、あらかわ遊園が代表的だ。季節ごとに景色や食の楽しみが変わり、短い滞在でも地域の個性を感じやすい組み合わせだ。地域の直売所や公園も、普段の暮らしに触れられる立ち寄り先になっている。
13119,東京都,板橋区,ﾄｳｷｮｳﾄ,ｲﾀﾊﾞｼｸ,FALSE,13,戦後の人口増加と鉄道・道路整備を背景に住宅地や商業地が広がり、従来の農村・宿場・工業の記憶を残しつつ首都圏の生活都市へ発展した。昔からの地域資源を保存するだけでなく、現代の暮らしや観光に生かす動きが続いている。,板橋宿、赤塚植物園、区立美術館が代表的だ。観光の定番と地元の暮らしに近い魅力が並び、初めて訪れる人にも特徴が伝わりやすい。地域の直売所や公園も、普段の暮らしに触れられる立ち寄り先になっている。今も地域の個性として息づく。
13120,東京都,練馬区,ﾄｳｷｮｳﾄ,ﾈﾘﾏｸ,FALSE,13,日本の商業アニメーション黎明期を支えた制作拠点が集まり、住宅都市として成長しながら映像文化の街という個性を育ててきた。昔からの地域資源を保存するだけでなく、現代の暮らしや観光に生かす動きが続いている。,アニメ産業、石神井公園、としまえん跡地のハリー・ポッター施設が代表的だ。名所だけでなく、食や日常の風景まで組み合わせて歩くと、この土地らしさがつかみやすい。地域の直売所や公園も、普段の暮らしに触れられる立ち寄り先になっている。
13121,東京都,足立区,ﾄｳｷｮｳﾄ,ｱﾀﾞﾁｸ,FALSE,13,戦後の人口増加と鉄道・道路整備を背景に住宅地や商業地が広がり、従来の農村・宿場・工業の記憶を残しつつ首都圏の生活都市へ発展した。昔からの地域資源を保存するだけでなく、現代の暮らしや観光に生かす動きが続いている。,西新井大師、舎人公園、北千住が代表的だ。季節ごとに景色や食の楽しみが変わり、短い滞在でも地域の個性を感じやすい組み合わせだ。地域の直売所や公園も、普段の暮らしに触れられる立ち寄り先になっている。今も地域の個性として息づく。
13122,東京都,葛飾区,ﾄｳｷｮｳﾄ,ｶﾂｼｶｸ,FALSE,13,戦後の人口増加と鉄道・道路整備を背景に住宅地や商業地が広がり、従来の農村・宿場・工業の記憶を残しつつ首都圏の生活都市へ発展した。昔からの地域資源を保存するだけでなく、現代の暮らしや観光に生かす動きが続いている。,柴又帝釈天、堀切菖蒲園、こち亀ゆかりの亀有が代表的だ。季節ごとに景色や食の楽しみが変わり、短い滞在でも地域の個性を感じやすい組み合わせだ。地域の直売所や公園も、普段の暮らしに触れられる立ち寄り先になっている。
13123,東京都,江戸川区,ﾄｳｷｮｳﾄ,ｴﾄﾞｶﾞﾜｸ,FALSE,13,戦後の人口増加と鉄道・道路整備を背景に住宅地や商業地が広がり、従来の農村・宿場・工業の記憶を残しつつ首都圏の生活都市へ発展した。古い町の記憶と新しい交通・産業が重なっている点が、この地域の成り立ちを理解する鍵になる。,葛西臨海公園、江戸川花火大会、小松菜が代表的だ。名所だけでなく、食や日常の風景まで組み合わせて歩くと、この土地らしさがつかみやすい。地域の直売所や公園も、普段の暮らしに触れられる立ち寄り先になっている。
13201,東京都,八王子市,ﾄｳｷｮｳﾄ,ﾊﾁｵｳｼﾞｼ,FALSE,13,鉄道・道路の結節点として多摩地域の中心都市へ発展し、大学や研究施設の集積で学園都市としての性格も強まった。昔からの地域資源を保存するだけでなく、現代の暮らしや観光に生かす動きが続いている。今も地域の個性として息づく。,高尾山、八王子まつり、織物文化が代表的だ。季節ごとに景色や食の楽しみが変わり、短い滞在でも地域の個性を感じやすい組み合わせだ。地域の直売所や公園も、普段の暮らしに触れられる立ち寄り先になっている。今も地域の個性として息づく。
13202,東京都,立川市,ﾄｳｷｮｳﾄ,ﾀﾁｶﾜｼ,FALSE,13,基地跡地の再開発と国営昭和記念公園の整備を経て、多摩地域の商業・業務・防災拠点として街の役割が大きく変わった。現在の景観には、以前からの集落や産業と、戦後に加わった都市機能の両方が表れている。今も地域の個性として息づく。,国営昭和記念公園、立川駅周辺、GREEN SPRINGSが代表的だ。季節ごとに景色や食の楽しみが変わり、短い滞在でも地域の個性を感じやすい組み合わせだ。地域の直売所や公園も、普段の暮らしに触れられる立ち寄り先になっている。
13203,東京都,武蔵野市,ﾄｳｷｮｳﾄ,ﾑｻｼﾉｼ,FALSE,13,戦後の人口増加と鉄道・道路整備を背景に住宅地や商業地が広がり、従来の農村・宿場・工業の記憶を残しつつ首都圏の生活都市へ発展した。古い町の記憶と新しい交通・産業が重なっている点が、この地域の成り立ちを理解する鍵になる。,吉祥寺、井の頭恩賜公園、武蔵野プレイスが代表的だ。季節ごとに景色や食の楽しみが変わり、短い滞在でも地域の個性を感じやすい組み合わせだ。地域の直売所や公園も、普段の暮らしに触れられる立ち寄り先になっている。
13204,東京都,三鷹市,ﾄｳｷｮｳﾄ,ﾐﾀｶｼ,FALSE,13,戦後の人口増加と鉄道・道路整備を背景に住宅地や商業地が広がり、従来の農村・宿場・工業の記憶を残しつつ首都圏の生活都市へ発展した。昔からの地域資源を保存するだけでなく、現代の暮らしや観光に生かす動きが続いている。,三鷹の森ジブリ美術館、国立天文台、太宰治ゆかりが代表的だ。名所だけでなく、食や日常の風景まで組み合わせて歩くと、この土地らしさがつかみやすい。地域の直売所や公園も、普段の暮らしに触れられる立ち寄り先になっている。
13205,東京都,青梅市,ﾄｳｷｮｳﾄ,ｵｳﾒｼ,FALSE,13,交通網の整備と観光地としての発信が進み、自然や歴史資源を地域の仕事と結び付けながら、現在の観光都市・観光地としての個性を育ててきた。現在の景観には、以前からの集落や産業と、戦後に加わった都市機能の両方が表れている。,御岳山、多摩川、昭和レトロな街並みが代表的だ。公共交通や徒歩で訪ねられる場所も多く、景観・食・文化を一度に楽しみやすい。地域の直売所や公園も、普段の暮らしに触れられる立ち寄り先になっている。今も地域の個性として息づく。
13206,東京都,府中市,ﾄｳｷｮｳﾄ,ﾌﾁｭｳｼ,FALSE,13,戦後の人口増加と鉄道・道路整備を背景に住宅地や商業地が広がり、従来の農村・宿場・工業の記憶を残しつつ首都圏の生活都市へ発展した。昔からの地域資源を保存するだけでなく、現代の暮らしや観光に生かす動きが続いている。,大國魂神社、東京競馬場、府中の森公園が代表的だ。季節ごとに景色や食の楽しみが変わり、短い滞在でも地域の個性を感じやすい組み合わせだ。地域の直売所や公園も、普段の暮らしに触れられる立ち寄り先になっている。
13207,東京都,昭島市,ﾄｳｷｮｳﾄ,ｱｷｼﾏｼ,FALSE,13,戦後の人口増加と鉄道・道路整備を背景に住宅地や商業地が広がり、従来の農村・宿場・工業の記憶を残しつつ首都圏の生活都市へ発展した。古い町の記憶と新しい交通・産業が重なっている点が、この地域の成り立ちを理解する鍵になる。,昭和記念公園周辺、地下水、水辺の自然が代表的だ。季節ごとに景色や食の楽しみが変わり、短い滞在でも地域の個性を感じやすい組み合わせだ。地域の直売所や公園も、普段の暮らしに触れられる立ち寄り先になっている。
13208,東京都,調布市,ﾄｳｷｮｳﾄ,ﾁｮｳﾌｼ,FALSE,13,戦後の人口増加と鉄道・道路整備を背景に住宅地や商業地が広がり、従来の農村・宿場・工業の記憶を残しつつ首都圏の生活都市へ発展した。地域の祭りや文化施設にも、こうした変化を受け継ぐ姿が見られる。今も地域の個性として息づく。,深大寺、神代植物公園、映画・映像産業が代表的だ。名所だけでなく、食や日常の風景まで組み合わせて歩くと、この土地らしさがつかみやすい。地域の直売所や公園も、普段の暮らしに触れられる立ち寄り先になっている。
13209,東京都,町田市,ﾄｳｷｮｳﾄ,ﾏﾁﾀﾞｼ,FALSE,13,戦後の人口増加と鉄道・道路整備を背景に住宅地や商業地が広がり、従来の農村・宿場・工業の記憶を残しつつ首都圏の生活都市へ発展した。地域の祭りや文化施設にも、こうした変化を受け継ぐ姿が見られる。今も地域の個性として息づく。,薬師池公園、町田リス園、版画美術館が代表的だ。季節ごとに景色や食の楽しみが変わり、短い滞在でも地域の個性を感じやすい組み合わせだ。地域の直売所や公園も、普段の暮らしに触れられる立ち寄り先になっている。
13210,東京都,小金井市,ﾄｳｷｮｳﾄ,ｺｶﾞﾈｲｼ,FALSE,13,戦後の人口増加と鉄道・道路整備を背景に住宅地や商業地が広がり、従来の農村・宿場・工業の記憶を残しつつ首都圏の生活都市へ発展した。古い町の記憶と新しい交通・産業が重なっている点が、この地域の成り立ちを理解する鍵になる。,小金井公園、江戸東京たてもの園、はけの道が代表的だ。季節ごとに景色や食の楽しみが変わり、短い滞在でも地域の個性を感じやすい組み合わせだ。地域の直売所や公園も、普段の暮らしに触れられる立ち寄り先になっている。
13211,東京都,小平市,ﾄｳｷｮｳﾄ,ｺﾀﾞｲﾗｼ,FALSE,13,戦後の人口増加と鉄道・道路整備を背景に住宅地や商業地が広がり、従来の農村・宿場・工業の記憶を残しつつ首都圏の生活都市へ発展した。古い町の記憶と新しい交通・産業が重なっている点が、この地域の成り立ちを理解する鍵になる。,玉川上水、小平ふるさと村、ブルーベリーが代表的だ。公共交通や徒歩で訪ねられる場所も多く、景観・食・文化を一度に楽しみやすい。地域の直売所や公園も、普段の暮らしに触れられる立ち寄り先になっている。今も地域の個性として息づく。
13212,東京都,日野市,ﾄｳｷｮｳﾄ,ﾋﾉｼ,FALSE,13,戦後の人口増加と鉄道・道路整備を背景に住宅地や商業地が広がり、従来の農村・宿場・工業の記憶を残しつつ首都圏の生活都市へ発展した。現在の景観には、以前からの集落や産業と、戦後に加わった都市機能の両方が表れている。,多摩動物公園、新選組ゆかりの地、高幡不動尊が代表的だ。公共交通や徒歩で訪ねられる場所も多く、景観・食・文化を一度に楽しみやすい。地域の直売所や公園も、普段の暮らしに触れられる立ち寄り先になっている。今も地域の個性として息づく。
13213,東京都,東村山市,ﾄｳｷｮｳﾄ,ﾋｶﾞｼﾑﾗﾔﾏｼ,FALSE,13,戦後の人口増加と鉄道・道路整備を背景に住宅地や商業地が広がり、従来の農村・宿場・工業の記憶を残しつつ首都圏の生活都市へ発展した。昔からの地域資源を保存するだけでなく、現代の暮らしや観光に生かす動きが続いている。,八国山緑地、北山公園、志村けんゆかりの街が代表的だ。観光の定番と地元の暮らしに近い魅力が並び、初めて訪れる人にも特徴が伝わりやすい。地域の直売所や公園も、普段の暮らしに触れられる立ち寄り先になっている。
13214,東京都,国分寺市,ﾄｳｷｮｳﾄ,ｺｸﾌﾞﾝｼﾞｼ,FALSE,13,戦後の人口増加と鉄道・道路整備を背景に住宅地や商業地が広がり、従来の農村・宿場・工業の記憶を残しつつ首都圏の生活都市へ発展した。昔からの地域資源を保存するだけでなく、現代の暮らしや観光に生かす動きが続いている。,武蔵国分寺跡、殿ヶ谷戸庭園、湧水が代表的だ。公共交通や徒歩で訪ねられる場所も多く、景観・食・文化を一度に楽しみやすい。地域の直売所や公園も、普段の暮らしに触れられる立ち寄り先になっている。今も地域の個性として息づく。
13215,東京都,国立市,ﾄｳｷｮｳﾄ,ｸﾆﾀﾁｼ,FALSE,13,戦後の人口増加と鉄道・道路整備を背景に住宅地や商業地が広がり、従来の農村・宿場・工業の記憶を残しつつ首都圏の生活都市へ発展した。地域の祭りや文化施設にも、こうした変化を受け継ぐ姿が見られる。今も地域の個性として息づく。,大学通り、一橋大学、谷保天満宮が代表的だ。観光の定番と地元の暮らしに近い魅力が並び、初めて訪れる人にも特徴が伝わりやすい。地域の直売所や公園も、普段の暮らしに触れられる立ち寄り先になっている。今も地域の個性として息づく。
13218,東京都,福生市,ﾄｳｷｮｳﾄ,ﾌｯｻｼ,FALSE,13,戦後の人口増加と鉄道・道路整備を背景に住宅地や商業地が広がり、従来の農村・宿場・工業の記憶を残しつつ首都圏の生活都市へ発展した。現在の景観には、以前からの集落や産業と、戦後に加わった都市機能の両方が表れている。,横田基地沿いの国道16号、福生ベースサイドストリート、多摩川が代表的だ。公共交通や徒歩で訪ねられる場所も多く、景観・食・文化を一度に楽しみやすい。地域の直売所や公園も、普段の暮らしに触れられる立ち寄り先になっている。
13219,東京都,狛江市,ﾄｳｷｮｳﾄ,ｺﾏｴｼ,FALSE,13,戦後の人口増加と鉄道・道路整備を背景に住宅地や商業地が広がり、従来の農村・宿場・工業の記憶を残しつつ首都圏の生活都市へ発展した。現在の景観には、以前からの集落や産業と、戦後に加わった都市機能の両方が表れている。,多摩川、古墳、絵手紙文化が代表的だ。公共交通や徒歩で訪ねられる場所も多く、景観・食・文化を一度に楽しみやすい。地域の直売所や公園も、普段の暮らしに触れられる立ち寄り先になっている。今も地域の個性として息づく。
13220,東京都,東大和市,ﾄｳｷｮｳﾄ,ﾋｶﾞｼﾔﾏﾄｼ,FALSE,13,戦後の人口増加と鉄道・道路整備を背景に住宅地や商業地が広がり、従来の農村・宿場・工業の記憶を残しつつ首都圏の生活都市へ発展した。地域の祭りや文化施設にも、こうした変化を受け継ぐ姿が見られる。今も地域の個性として息づく。,多摩湖、旧日立航空機立川工場変電所、狭山丘陵が代表的だ。公共交通や徒歩で訪ねられる場所も多く、景観・食・文化を一度に楽しみやすい。地域の直売所や公園も、普段の暮らしに触れられる立ち寄り先になっている。
13221,東京都,清瀬市,ﾄｳｷｮｳﾄ,ｷﾖｾｼ,FALSE,13,戦後の人口増加と鉄道・道路整備を背景に住宅地や商業地が広がり、従来の農村・宿場・工業の記憶を残しつつ首都圏の生活都市へ発展した。昔からの地域資源を保存するだけでなく、現代の暮らしや観光に生かす動きが続いている。,清瀬ひまわり、結核療養所の歴史、柳瀬川が代表的だ。公共交通や徒歩で訪ねられる場所も多く、景観・食・文化を一度に楽しみやすい。地域の直売所や公園も、普段の暮らしに触れられる立ち寄り先になっている。今も地域の個性として息づく。
13222,東京都,東久留米市,ﾄｳｷｮｳﾄ,ﾋｶﾞｼｸﾙﾒｼ,FALSE,13,戦後の人口増加と鉄道・道路整備を背景に住宅地や商業地が広がり、従来の農村・宿場・工業の記憶を残しつつ首都圏の生活都市へ発展した。現在の景観には、以前からの集落や産業と、戦後に加わった都市機能の両方が表れている。,落合川・南沢湧水群、竹林公園、湧水のある街が代表的だ。観光の定番と地元の暮らしに近い魅力が並び、初めて訪れる人にも特徴が伝わりやすい。地域の直売所や公園も、普段の暮らしに触れられる立ち寄り先になっている。
13223,東京都,武蔵村山市,ﾄｳｷｮｳﾄ,ﾑｻｼﾑﾗﾔﾏｼ,FALSE,13,戦後の人口増加と鉄道・道路整備を背景に住宅地や商業地が広がり、従来の農村・宿場・工業の記憶を残しつつ首都圏の生活都市へ発展した。現在の景観には、以前からの集落や産業と、戦後に加わった都市機能の両方が表れている。,村山かてうどん、野山北・六道山公園、狭山丘陵が代表的だ。公共交通や徒歩で訪ねられる場所も多く、景観・食・文化を一度に楽しみやすい。地域の直売所や公園も、普段の暮らしに触れられる立ち寄り先になっている。
13224,東京都,多摩市,ﾄｳｷｮｳﾄ,ﾀﾏｼ,FALSE,13,高度成長期以降の多摩ニュータウン建設で大規模な住宅都市となり、現在は成熟した街の再生や駅周辺更新が進められている。現在の景観には、以前からの集落や産業と、戦後に加わった都市機能の両方が表れている。今も地域の個性として息づく。,多摩ニュータウン、サンリオピューロランド、多摩中央公園が代表的だ。名所だけでなく、食や日常の風景まで組み合わせて歩くと、この土地らしさがつかみやすい。地域の直売所や公園も、普段の暮らしに触れられる立ち寄り先になっている。
13225,東京都,稲城市,ﾄｳｷｮｳﾄ,ｲﾅｷﾞｼ,FALSE,13,戦後の人口増加と鉄道・道路整備を背景に住宅地や商業地が広がり、従来の農村・宿場・工業の記憶を残しつつ首都圏の生活都市へ発展した。地域の祭りや文化施設にも、こうした変化を受け継ぐ姿が見られる。今も地域の個性として息づく。,よみうりランド、稲城なし、稲城長沼駅周辺のメカニックデザインが代表的だ。観光の定番と地元の暮らしに近い魅力が並び、初めて訪れる人にも特徴が伝わりやすい。地域の直売所や公園も、普段の暮らしに触れられる立ち寄り先になっている。
13227,東京都,羽村市,ﾄｳｷｮｳﾄ,ﾊﾑﾗｼ,FALSE,13,戦後の人口増加と鉄道・道路整備を背景に住宅地や商業地が広がり、従来の農村・宿場・工業の記憶を残しつつ首都圏の生活都市へ発展した。昔からの地域資源を保存するだけでなく、現代の暮らしや観光に生かす動きが続いている。,羽村取水堰、チューリップ畑、多摩川が代表的だ。公共交通や徒歩で訪ねられる場所も多く、景観・食・文化を一度に楽しみやすい。地域の直売所や公園も、普段の暮らしに触れられる立ち寄り先になっている。今も地域の個性として息づく。
13228,東京都,あきる野市,ﾄｳｷｮｳﾄ,ｱｷﾙﾉｼ,FALSE,13,戦後の人口増加と鉄道・道路整備を背景に住宅地や商業地が広がり、従来の農村・宿場・工業の記憶を残しつつ首都圏の生活都市へ発展した。古い町の記憶と新しい交通・産業が重なっている点が、この地域の成り立ちを理解する鍵になる。,秋川渓谷、東京サマーランド、五日市の市街地が代表的だ。観光の定番と地元の暮らしに近い魅力が並び、初めて訪れる人にも特徴が伝わりやすい。地域の直売所や公園も、普段の暮らしに触れられる立ち寄り先になっている。
13229,東京都,西東京市,ﾄｳｷｮｳﾄ,ﾆｼﾄｳｷｮｳｼ,FALSE,13,戦後の人口増加と鉄道・道路整備を背景に住宅地や商業地が広がり、従来の農村・宿場・工業の記憶を残しつつ首都圏の生活都市へ発展した。古い町の記憶と新しい交通・産業が重なっている点が、この地域の成り立ちを理解する鍵になる。,多摩六都科学館、田無神社、東伏見稲荷神社が代表的だ。名所だけでなく、食や日常の風景まで組み合わせて歩くと、この土地らしさがつかみやすい。地域の直売所や公園も、普段の暮らしに触れられる立ち寄り先になっている。
13303,東京都,瑞穂町,ﾄｳｷｮｳﾄ,ﾐｽﾞﾎﾏﾁ,FALSE,13,戦後の人口増加と鉄道・道路整備を背景に住宅地や商業地が広がり、従来の農村・宿場・工業の記憶を残しつつ首都圏の生活都市へ発展した。現在の景観には、以前からの集落や産業と、戦後に加わった都市機能の両方が表れている。,六道山公園、狭山茶、箱根ケ崎の旧道景観が代表的だ。名所だけでなく、食や日常の風景まで組み合わせて歩くと、この土地らしさがつかみやすい。地域の直売所や公園も、普段の暮らしに触れられる立ち寄り先になっている。
13305,東京都,日の出町,ﾄｳｷｮｳﾄ,ﾋﾉﾃﾞﾏﾁ,FALSE,13,戦後の人口増加と鉄道・道路整備を背景に住宅地や商業地が広がり、従来の農村・宿場・工業の記憶を残しつつ首都圏の生活都市へ発展した。古い町の記憶と新しい交通・産業が重なっている点が、この地域の成り立ちを理解する鍵になる。,つるつる温泉、日の出山、里山が代表的だ。季節ごとに景色や食の楽しみが変わり、短い滞在でも地域の個性を感じやすい組み合わせだ。地域の直売所や公園も、普段の暮らしに触れられる立ち寄り先になっている。今も地域の個性として息づく。
13307,東京都,檜原村,ﾄｳｷｮｳﾄ,ﾋﾉﾊﾗﾑﾗ,FALSE,13,交通網の整備と観光地としての発信が進み、自然や歴史資源を地域の仕事と結び付けながら、現在の観光都市・観光地としての個性を育ててきた。現在の景観には、以前からの集落や産業と、戦後に加わった都市機能の両方が表れている。,払沢の滝、都民の森、山里の景観が代表的だ。観光の定番と地元の暮らしに近い魅力が並び、初めて訪れる人にも特徴が伝わりやすい。地域の直売所や公園も、普段の暮らしに触れられる立ち寄り先になっている。今も地域の個性として息づく。
13308,東京都,奥多摩町,ﾄｳｷｮｳﾄ,ｵｸﾀﾏﾏﾁ,FALSE,13,交通網の整備と観光地としての発信が進み、自然や歴史資源を地域の仕事と結び付けながら、現在の観光都市・観光地としての個性を育ててきた。古い町の記憶と新しい交通・産業が重なっている点が、この地域の成り立ちを理解する鍵になる。,奥多摩湖、日原鍾乳洞、雲取山周辺が代表的だ。季節ごとに景色や食の楽しみが変わり、短い滞在でも地域の個性を感じやすい組み合わせだ。地域の直売所や公園も、普段の暮らしに触れられる立ち寄り先になっている。今も地域の個性として息づく。
13361,東京都,大島町,ﾄｳｷｮｳﾄ,ｵｵｼﾏﾏﾁ,FALSE,13,交通網の整備と観光地としての発信が進み、自然や歴史資源を地域の仕事と結び付けながら、現在の観光都市・観光地としての個性を育ててきた。昔からの地域資源を保存するだけでなく、現代の暮らしや観光に生かす動きが続いている。,三原山、椿、裏砂漠が代表的だ。季節ごとに景色や食の楽しみが変わり、短い滞在でも地域の個性を感じやすい組み合わせだ。地域の直売所や公園も、普段の暮らしに触れられる立ち寄り先になっている。今も地域の個性として息づく。
13362,東京都,利島村,ﾄｳｷｮｳﾄ,ﾄｼﾏﾑﾗ,FALSE,13,戦後の人口増加と鉄道・道路整備を背景に住宅地や商業地が広がり、従来の農村・宿場・工業の記憶を残しつつ首都圏の生活都市へ発展した。現在の景観には、以前からの集落や産業と、戦後に加わった都市機能の両方が表れている。,椿油、断崖に囲まれた島景観、海鳥が代表的だ。名所だけでなく、食や日常の風景まで組み合わせて歩くと、この土地らしさがつかみやすい。地域の直売所や公園も、普段の暮らしに触れられる立ち寄り先になっている。今も地域の個性として息づく。
13363,東京都,新島村,ﾄｳｷｮｳﾄ,ﾆｲｼﾞﾏﾑﾗ,FALSE,13,交通網の整備と観光地としての発信が進み、自然や歴史資源を地域の仕事と結び付けながら、現在の観光都市・観光地としての個性を育ててきた。昔からの地域資源を保存するだけでなく、現代の暮らしや観光に生かす動きが続いている。,羽伏浦海岸、コーガ石、ガラスアートが代表的だ。名所だけでなく、食や日常の風景まで組み合わせて歩くと、この土地らしさがつかみやすい。地域の直売所や公園も、普段の暮らしに触れられる立ち寄り先になっている。
13364,東京都,神津島村,ﾄｳｷｮｳﾄ,ｺｳﾂﾞｼﾏﾑﾗ,FALSE,13,交通網の整備と観光地としての発信が進み、自然や歴史資源を地域の仕事と結び付けながら、現在の観光都市・観光地としての個性を育ててきた。昔からの地域資源を保存するだけでなく、現代の暮らしや観光に生かす動きが続いている。,天上山、赤崎遊歩道、星空が代表的だ。名所だけでなく、食や日常の風景まで組み合わせて歩くと、この土地らしさがつかみやすい。地域の直売所や公園も、普段の暮らしに触れられる立ち寄り先になっている。今も地域の個性として息づく。
13381,東京都,三宅村,ﾄｳｷｮｳﾄ,ﾐﾔｹﾑﾗ,FALSE,13,戦後の人口増加と鉄道・道路整備を背景に住宅地や商業地が広がり、従来の農村・宿場・工業の記憶を残しつつ首都圏の生活都市へ発展した。現在の景観には、以前からの集落や産業と、戦後に加わった都市機能の両方が表れている。,雄山、火山景観、バードアイランドの自然が代表的だ。名所だけでなく、食や日常の風景まで組み合わせて歩くと、この土地らしさがつかみやすい。地域の直売所や公園も、普段の暮らしに触れられる立ち寄り先になっている。
13382,東京都,御蔵島村,ﾄｳｷｮｳﾄ,ﾐｸﾗｼﾞﾏﾑﾗ,FALSE,13,戦後の人口増加と鉄道・道路整備を背景に住宅地や商業地が広がり、従来の農村・宿場・工業の記憶を残しつつ首都圏の生活都市へ発展した。古い町の記憶と新しい交通・産業が重なっている点が、この地域の成り立ちを理解する鍵になる。,野生のミナミハンドウイルカ、巨樹の森、御蔵島の断崖が代表的だ。観光の定番と地元の暮らしに近い魅力が並び、初めて訪れる人にも特徴が伝わりやすい。地域の直売所や公園も、普段の暮らしに触れられる立ち寄り先になっている。
13401,東京都,八丈町,ﾄｳｷｮｳﾄ,ﾊﾁｼﾞｮｳﾏﾁ,FALSE,13,交通網の整備と観光地としての発信が進み、自然や歴史資源を地域の仕事と結び付けながら、現在の観光都市・観光地としての個性を育ててきた。現在の景観には、以前からの集落や産業と、戦後に加わった都市機能の両方が表れている。,八丈富士、島寿司、黄八丈が代表的だ。季節ごとに景色や食の楽しみが変わり、短い滞在でも地域の個性を感じやすい組み合わせだ。地域の直売所や公園も、普段の暮らしに触れられる立ち寄り先になっている。今も地域の個性として息づく。
13402,東京都,青ヶ島村,ﾄｳｷｮｳﾄ,ｱｵｶﾞｼﾏﾑﾗ,FALSE,13,戦後の人口増加と鉄道・道路整備を背景に住宅地や商業地が広がり、従来の農村・宿場・工業の記憶を残しつつ首都圏の生活都市へ発展した。昔からの地域資源を保存するだけでなく、現代の暮らしや観光に生かす動きが続いている。,二重カルデラ、地熱蒸気のひんぎゃ、星空が代表的だ。観光の定番と地元の暮らしに近い魅力が並び、初めて訪れる人にも特徴が伝わりやすい。地域の直売所や公園も、普段の暮らしに触れられる立ち寄り先になっている。
13421,東京都,小笠原村,ﾄｳｷｮｳﾄ,ｵｶﾞｻﾜﾗﾑﾗ,FALSE,13,返還後に日本の行政と暮らしが再構築され、世界自然遺産登録を機に固有の生態系を守る島として国内外の関心を集めている。古い町の記憶と新しい交通・産業が重なっている点が、この地域の成り立ちを理解する鍵になる。,父島・母島の固有生態系、南島、ホエールウォッチングが代表的だ。名所だけでなく、食や日常の風景まで組み合わせて歩くと、この土地らしさがつかみやすい。地域の直売所や公園も、普段の暮らしに触れられる立ち寄り先になっている。
14000,神奈川県,,ｶﾅｶﾞﾜｹﾝ,,TRUE,14,,
14100,神奈川県,横浜市,ｶﾅｶﾞﾜｹﾝ,ﾖｺﾊﾏｼ,FALSE,14,みなとみらいをはじめ湾岸部の再開発が続き、開港以来の港町文化に、国際会議・観光・ビジネス都市の機能が重なっている。古い町の記憶と新しい交通・産業が重なっている点が、この地域の成り立ちを理解する鍵になる。,みなとみらい、横浜中華街、山下公園が代表的だ。名所だけでなく、食や日常の風景まで組み合わせて歩くと、この土地らしさがつかみやすい。地域の直売所や公園も、普段の暮らしに触れられる立ち寄り先になっている。
14101,神奈川県,横浜市鶴見区,ｶﾅｶﾞﾜｹﾝ,ﾖｺﾊﾏｼﾂﾙﾐｸ,FALSE,14,戦後の工場立地や道路・鉄道の整備を背景に産業と住宅地が広がり、働く街と暮らす街の両面を持つ現在の姿へ発展した。地域の祭りや文化施設にも、こうした変化を受け継ぐ姿が見られる。横浜市鶴見区の歩みは、地域資源を生かしながら変化を重ねてきた。,總持寺、京浜工業地帯、鶴見川が代表的だ。観光の定番と地元の暮らしに近い魅力が並び、初めて訪れる人にも特徴が伝わりやすい。地域の直売所や公園も、普段の暮らしに触れられる立ち寄り先になっている。今も地域の個性として息づく。
14102,神奈川県,横浜市神奈川区,ｶﾅｶﾞﾜｹﾝ,ﾖｺﾊﾏｼｶﾅｶﾞﾜｸ,FALSE,14,戦後の人口増加と鉄道・道路整備を背景に住宅地や商業地が広がり、従来の農村・宿場・工業の記憶を残しつつ首都圏の生活都市へ発展した。古い町の記憶と新しい交通・産業が重なっている点が、この地域の成り立ちを理解する鍵になる。,旧東海道神奈川宿、横浜中央卸売市場、ポートサイド地区が代表的だ。公共交通や徒歩で訪ねられる場所も多く、景観・食・文化を一度に楽しみやすい。地域の直売所や公園も、普段の暮らしに触れられる立ち寄り先になっている。
14103,神奈川県,横浜市西区,ｶﾅｶﾞﾜｹﾝ,ﾖｺﾊﾏｼﾆｼｸ,FALSE,14,みなとみらい21の開発で造船所跡地が大規模な都心へ変わり、横浜駅と並ぶ商業・観光・業務の中心地になった。地域の祭りや文化施設にも、こうした変化を受け継ぐ姿が見られる。横浜市西区の歩みは、地域資源を生かしながら変化を重ねてきた。,みなとみらい、横浜ランドマークタワー、横浜駅が代表的だ。名所だけでなく、食や日常の風景まで組み合わせて歩くと、この土地らしさがつかみやすい。地域の直売所や公園も、普段の暮らしに触れられる立ち寄り先になっている。
14104,神奈川県,横浜市中区,ｶﾅｶﾞﾜｹﾝ,ﾖｺﾊﾏｼﾅｶｸ,FALSE,14,関内・山下町の歴史的市街地を基盤に、港湾施設の再活用や再開発が進み、横浜らしい観光・文化の中心地であり続けている。地域の祭りや文化施設にも、こうした変化を受け継ぐ姿が見られる。横浜市中区の歩みは、地域資源を生かしながら変化を重ねてきた。,横浜中華街、山下公園、赤レンガ倉庫が代表的だ。観光の定番と地元の暮らしに近い魅力が並び、初めて訪れる人にも特徴が伝わりやすい。地域の直売所や公園も、普段の暮らしに触れられる立ち寄り先になっている。今も地域の個性として息づく。
14105,神奈川県,横浜市南区,ｶﾅｶﾞﾜｹﾝ,ﾖｺﾊﾏｼﾐﾅﾐｸ,FALSE,14,戦後の人口増加と鉄道・道路整備を背景に住宅地や商業地が広がり、従来の農村・宿場・工業の記憶を残しつつ首都圏の生活都市へ発展した。昔からの地域資源を保存するだけでなく、現代の暮らしや観光に生かす動きが続いている。,大岡川の桜、弘明寺、横浜橋通商店街が代表的だ。季節ごとに景色や食の楽しみが変わり、短い滞在でも地域の個性を感じやすい組み合わせだ。地域の直売所や公園も、普段の暮らしに触れられる立ち寄り先になっている。
14106,神奈川県,横浜市保土ケ谷区,ｶﾅｶﾞﾜｹﾝ,ﾖｺﾊﾏｼﾎﾄﾞｶﾞﾔｸ,FALSE,14,戦後の人口増加と鉄道・道路整備を背景に住宅地や商業地が広がり、従来の農村・宿場・工業の記憶を残しつつ首都圏の生活都市へ発展した。現在の景観には、以前からの集落や産業と、戦後に加わった都市機能の両方が表れている。,旧東海道保土ケ谷宿、県立保土ケ谷公園、陣ケ下渓谷が代表的だ。季節ごとに景色や食の楽しみが変わり、短い滞在でも地域の個性を感じやすい組み合わせだ。地域の直売所や公園も、普段の暮らしに触れられる立ち寄り先になっている。
14107,神奈川県,横浜市磯子区,ｶﾅｶﾞﾜｹﾝ,ﾖｺﾊﾏｼｲｿｺﾞｸ,FALSE,14,戦後の工場立地や道路・鉄道の整備を背景に産業と住宅地が広がり、働く街と暮らす街の両面を持つ現在の姿へ発展した。現在の景観には、以前からの集落や産業と、戦後に加わった都市機能の両方が表れている。今も地域の個性として息づく。,根岸湾の工業地帯、久良岐公園、横浜市電保存館が代表的だ。公共交通や徒歩で訪ねられる場所も多く、景観・食・文化を一度に楽しみやすい。地域の直売所や公園も、普段の暮らしに触れられる立ち寄り先になっている。
14108,神奈川県,横浜市金沢区,ｶﾅｶﾞﾜｹﾝ,ﾖｺﾊﾏｼｶﾅｻﾞﾜｸ,FALSE,14,戦後の人口増加と鉄道・道路整備を背景に住宅地や商業地が広がり、従来の農村・宿場・工業の記憶を残しつつ首都圏の生活都市へ発展した。地域の祭りや文化施設にも、こうした変化を受け継ぐ姿が見られる。今も地域の個性として息づく。,八景島シーパラダイス、称名寺、金沢自然公園が代表的だ。季節ごとに景色や食の楽しみが変わり、短い滞在でも地域の個性を感じやすい組み合わせだ。地域の直売所や公園も、普段の暮らしに触れられる立ち寄り先になっている。
14109,神奈川県,横浜市港北区,ｶﾅｶﾞﾜｹﾝ,ﾖｺﾊﾏｼｺｳﾎｸｸ,FALSE,14,戦後の人口増加と鉄道・道路整備を背景に住宅地や商業地が広がり、従来の農村・宿場・工業の記憶を残しつつ首都圏の生活都市へ発展した。現在の景観には、以前からの集落や産業と、戦後に加わった都市機能の両方が表れている。,新横浜ラーメン博物館、日産スタジアム、大倉山公園が代表的だ。公共交通や徒歩で訪ねられる場所も多く、景観・食・文化を一度に楽しみやすい。地域の直売所や公園も、普段の暮らしに触れられる立ち寄り先になっている。
14110,神奈川県,横浜市戸塚区,ｶﾅｶﾞﾜｹﾝ,ﾖｺﾊﾏｼﾄﾂｶｸ,FALSE,14,戦後の人口増加と鉄道・道路整備を背景に住宅地や商業地が広がり、従来の農村・宿場・工業の記憶を残しつつ首都圏の生活都市へ発展した。昔からの地域資源を保存するだけでなく、現代の暮らしや観光に生かす動きが続いている。,旧東海道戸塚宿、柏尾川、舞岡公園が代表的だ。季節ごとに景色や食の楽しみが変わり、短い滞在でも地域の個性を感じやすい組み合わせだ。地域の直売所や公園も、普段の暮らしに触れられる立ち寄り先になっている。今も地域の個性として息づく。
14111,神奈川県,横浜市港南区,ｶﾅｶﾞﾜｹﾝ,ﾖｺﾊﾏｼｺｳﾅﾝｸ,FALSE,14,戦後の人口増加と鉄道・道路整備を背景に住宅地や商業地が広がり、従来の農村・宿場・工業の記憶を残しつつ首都圏の生活都市へ発展した。古い町の記憶と新しい交通・産業が重なっている点が、この地域の成り立ちを理解する鍵になる。,久良岐公園周辺、上大岡の商業地、日野川の水辺が代表的だ。観光の定番と地元の暮らしに近い魅力が並び、初めて訪れる人にも特徴が伝わりやすい。地域の直売所や公園も、普段の暮らしに触れられる立ち寄り先になっている。
14112,神奈川県,横浜市旭区,ｶﾅｶﾞﾜｹﾝ,ﾖｺﾊﾏｼｱｻﾋｸ,FALSE,14,戦後の人口増加と鉄道・道路整備を背景に住宅地や商業地が広がり、従来の農村・宿場・工業の記憶を残しつつ首都圏の生活都市へ発展した。古い町の記憶と新しい交通・産業が重なっている点が、この地域の成り立ちを理解する鍵になる。,よこはま動物園ズーラシア、こども自然公園、帷子川が代表的だ。観光の定番と地元の暮らしに近い魅力が並び、初めて訪れる人にも特徴が伝わりやすい。地域の直売所や公園も、普段の暮らしに触れられる立ち寄り先になっている。
14113,神奈川県,横浜市緑区,ｶﾅｶﾞﾜｹﾝ,ﾖｺﾊﾏｼﾐﾄﾞﾘｸ,FALSE,14,戦後の人口増加と鉄道・道路整備を背景に住宅地や商業地が広がり、従来の農村・宿場・工業の記憶を残しつつ首都圏の生活都市へ発展した。昔からの地域資源を保存するだけでなく、現代の暮らしや観光に生かす動きが続いている。,四季の森公園、長津田の街並み、恩田川が代表的だ。季節ごとに景色や食の楽しみが変わり、短い滞在でも地域の個性を感じやすい組み合わせだ。地域の直売所や公園も、普段の暮らしに触れられる立ち寄り先になっている。
14114,神奈川県,横浜市瀬谷区,ｶﾅｶﾞﾜｹﾝ,ﾖｺﾊﾏｼｾﾔｸ,FALSE,14,旧上瀬谷通信施設跡地を巡る大規模なまちづくりが進み、長く残った広い土地の使い方が地域の将来像を左右している。地域の祭りや文化施設にも、こうした変化を受け継ぐ姿が見られる。横浜市瀬谷区の歩みは、地域資源を生かしながら変化を重ねてきた。,旧上瀬谷通信施設跡地のまちづくり、海軍道路の桜、境川が代表的だ。公共交通や徒歩で訪ねられる場所も多く、景観・食・文化を一度に楽しみやすい。地域の直売所や公園も、普段の暮らしに触れられる立ち寄り先になっている。
14115,神奈川県,横浜市栄区,ｶﾅｶﾞﾜｹﾝ,ﾖｺﾊﾏｼｻｶｴｸ,FALSE,14,戦後の人口増加と鉄道・道路整備を背景に住宅地や商業地が広がり、従来の農村・宿場・工業の記憶を残しつつ首都圏の生活都市へ発展した。地域の祭りや文化施設にも、こうした変化を受け継ぐ姿が見られる。今も地域の個性として息づく。,いたち川、横浜自然観察の森、田谷の洞窟が代表的だ。観光の定番と地元の暮らしに近い魅力が並び、初めて訪れる人にも特徴が伝わりやすい。地域の直売所や公園も、普段の暮らしに触れられる立ち寄り先になっている。
14116,神奈川県,横浜市泉区,ｶﾅｶﾞﾜｹﾝ,ﾖｺﾊﾏｼｲｽﾞﾐｸ,FALSE,14,戦後の人口増加と鉄道・道路整備を背景に住宅地や商業地が広がり、従来の農村・宿場・工業の記憶を残しつつ首都圏の生活都市へ発展した。現在の景観には、以前からの集落や産業と、戦後に加わった都市機能の両方が表れている。,境川・和泉川、天王森泉公園、農のある景観が代表的だ。観光の定番と地元の暮らしに近い魅力が並び、初めて訪れる人にも特徴が伝わりやすい。地域の直売所や公園も、普段の暮らしに触れられる立ち寄り先になっている。
14117,神奈川県,横浜市青葉区,ｶﾅｶﾞﾜｹﾝ,ﾖｺﾊﾏｼｱｵﾊﾞｸ,FALSE,14,戦後の人口増加と鉄道・道路整備を背景に住宅地や商業地が広がり、従来の農村・宿場・工業の記憶を残しつつ首都圏の生活都市へ発展した。古い町の記憶と新しい交通・産業が重なっている点が、この地域の成り立ちを理解する鍵になる。,こどもの国、寺家ふるさと村、田園都市線沿線が代表的だ。名所だけでなく、食や日常の風景まで組み合わせて歩くと、この土地らしさがつかみやすい。地域の直売所や公園も、普段の暮らしに触れられる立ち寄り先になっている。
14118,神奈川県,横浜市都筑区,ｶﾅｶﾞﾜｹﾝ,ﾖｺﾊﾏｼﾂﾂﾞｷｸ,FALSE,14,戦後の人口増加と鉄道・道路整備を背景に住宅地や商業地が広がり、従来の農村・宿場・工業の記憶を残しつつ首都圏の生活都市へ発展した。地域の祭りや文化施設にも、こうした変化を受け継ぐ姿が見られる。今も地域の個性として息づく。,港北ニュータウン、センター北・南、緑道が代表的だ。観光の定番と地元の暮らしに近い魅力が並び、初めて訪れる人にも特徴が伝わりやすい。地域の直売所や公園も、普段の暮らしに触れられる立ち寄り先になっている。
14130,神奈川県,川崎市,ｶﾅｶﾞﾜｹﾝ,ｶﾜｻｷｼ,FALSE,14,京浜工業地帯の中核として発展し、近年は臨海部の研究開発や駅周辺再開発が進んで、産業都市の姿を更新し続けている。地域の祭りや文化施設にも、こうした変化を受け継ぐ姿が見られる。川崎市の歩みは、地域資源を生かしながら変化を重ねてきた。,川崎大師、工場夜景、藤子・F・不二雄ミュージアムが代表的だ。観光の定番と地元の暮らしに近い魅力が並び、初めて訪れる人にも特徴が伝わりやすい。地域の直売所や公園も、普段の暮らしに触れられる立ち寄り先になっている。
14131,神奈川県,川崎市川崎区,ｶﾅｶﾞﾜｹﾝ,ｶﾜｻｷｼｶﾜｻｷｸ,FALSE,14,戦後の工場立地や道路・鉄道の整備を背景に産業と住宅地が広がり、働く街と暮らす街の両面を持つ現在の姿へ発展した。地域の祭りや文化施設にも、こうした変化を受け継ぐ姿が見られる。川崎市川崎区の歩みは、地域資源を生かしながら変化を重ねてきた。,川崎大師、京浜工業地帯、工場夜景が代表的だ。観光の定番と地元の暮らしに近い魅力が並び、初めて訪れる人にも特徴が伝わりやすい。地域の直売所や公園も、普段の暮らしに触れられる立ち寄り先になっている。今も地域の個性として息づく。
14132,神奈川県,川崎市幸区,ｶﾅｶﾞﾜｹﾝ,ｶﾜｻｷｼｻｲﾜｲｸ,FALSE,14,戦後の人口増加と鉄道・道路整備を背景に住宅地や商業地が広がり、従来の農村・宿場・工業の記憶を残しつつ首都圏の生活都市へ発展した。地域の祭りや文化施設にも、こうした変化を受け継ぐ姿が見られる。今も地域の個性として息づく。,夢見ヶ崎動物公園、ミューザ川崎周辺、商業・研究開発拠点が代表的だ。観光の定番と地元の暮らしに近い魅力が並び、初めて訪れる人にも特徴が伝わりやすい。地域の直売所や公園も、普段の暮らしに触れられる立ち寄り先になっている。
14133,神奈川県,川崎市中原区,ｶﾅｶﾞﾜｹﾝ,ｶﾜｻｷｼﾅｶﾊﾗｸ,FALSE,14,武蔵小杉駅周辺の再開発で高層住宅と商業施設が集まり、工業地帯の周辺から首都圏有数の住宅・業務拠点へ姿を変えた。昔からの地域資源を保存するだけでなく、現代の暮らしや観光に生かす動きが続いている。今も地域の個性として息づく。,武蔵小杉、等々力緑地、川崎フロンターレが代表的だ。名所だけでなく、食や日常の風景まで組み合わせて歩くと、この土地らしさがつかみやすい。地域の直売所や公園も、普段の暮らしに触れられる立ち寄り先になっている。
14134,神奈川県,川崎市高津区,ｶﾅｶﾞﾜｹﾝ,ｶﾜｻｷｼﾀｶﾂｸ,FALSE,14,戦後の人口増加と鉄道・道路整備を背景に住宅地や商業地が広がり、従来の農村・宿場・工業の記憶を残しつつ首都圏の生活都市へ発展した。現在の景観には、以前からの集落や産業と、戦後に加わった都市機能の両方が表れている。,二ヶ領用水、溝の口、岡本太郎ゆかりの地が代表的だ。季節ごとに景色や食の楽しみが変わり、短い滞在でも地域の個性を感じやすい組み合わせだ。地域の直売所や公園も、普段の暮らしに触れられる立ち寄り先になっている。
14135,神奈川県,川崎市多摩区,ｶﾅｶﾞﾜｹﾝ,ｶﾜｻｷｼﾀﾏｸ,FALSE,14,戦後の人口増加と鉄道・道路整備を背景に住宅地や商業地が広がり、従来の農村・宿場・工業の記憶を残しつつ首都圏の生活都市へ発展した。地域の祭りや文化施設にも、こうした変化を受け継ぐ姿が見られる。今も地域の個性として息づく。,生田緑地、藤子・F・不二雄ミュージアム、日本民家園が代表的だ。公共交通や徒歩で訪ねられる場所も多く、景観・食・文化を一度に楽しみやすい。地域の直売所や公園も、普段の暮らしに触れられる立ち寄り先になっている。
14136,神奈川県,川崎市宮前区,ｶﾅｶﾞﾜｹﾝ,ｶﾜｻｷｼﾐﾔﾏｴｸ,FALSE,14,戦後の人口増加と鉄道・道路整備を背景に住宅地や商業地が広がり、従来の農村・宿場・工業の記憶を残しつつ首都圏の生活都市へ発展した。現在の景観には、以前からの集落や産業と、戦後に加わった都市機能の両方が表れている。,東高根森林公園、川崎市中央卸売市場北部市場、田園都市線沿線が代表的だ。公共交通や徒歩で訪ねられる場所も多く、景観・食・文化を一度に楽しみやすい。地域の直売所や公園も、普段の暮らしに触れられる立ち寄り先になっている。
14137,神奈川県,川崎市麻生区,ｶﾅｶﾞﾜｹﾝ,ｶﾜｻｷｼｱｻｵｸ,FALSE,14,戦後の人口増加と鉄道・道路整備を背景に住宅地や商業地が広がり、従来の農村・宿場・工業の記憶を残しつつ首都圏の生活都市へ発展した。古い町の記憶と新しい交通・産業が重なっている点が、この地域の成り立ちを理解する鍵になる。,新百合ヶ丘、芸術文化施設、王禅寺ふるさと公園が代表的だ。公共交通や徒歩で訪ねられる場所も多く、景観・食・文化を一度に楽しみやすい。地域の直売所や公園も、普段の暮らしに触れられる立ち寄り先になっている。
14150,神奈川県,相模原市,ｶﾅｶﾞﾜｹﾝ,ｻｶﾞﾐﾊﾗｼ,FALSE,14,政令指定都市化と広域合併を経て、都市部から相模湖・丹沢周辺までを含む大きな市域となり、研究開発拠点も集まる。昔からの地域資源を保存するだけでなく、現代の暮らしや観光に生かす動きが続いている。今も地域の個性として息づく。,相模湖、JAXA相模原キャンパス、さがみ湖MORI MORIが代表的だ。名所だけでなく、食や日常の風景まで組み合わせて歩くと、この土地らしさがつかみやすい。地域の直売所や公園も、普段の暮らしに触れられる立ち寄り先になっている。
14151,神奈川県,相模原市緑区,ｶﾅｶﾞﾜｹﾝ,ｻｶﾞﾐﾊﾗｼﾐﾄﾞﾘｸ,FALSE,14,戦後の人口増加と鉄道・道路整備を背景に住宅地や商業地が広がり、従来の農村・宿場・工業の記憶を残しつつ首都圏の生活都市へ発展した。古い町の記憶と新しい交通・産業が重なっている点が、この地域の成り立ちを理解する鍵になる。,相模湖、津久井湖、陣馬山周辺が代表的だ。季節ごとに景色や食の楽しみが変わり、短い滞在でも地域の個性を感じやすい組み合わせだ。地域の直売所や公園も、普段の暮らしに触れられる立ち寄り先になっている。今も地域の個性として息づく。
14152,神奈川県,相模原市中央区,ｶﾅｶﾞﾜｹﾝ,ｻｶﾞﾐﾊﾗｼﾁｭｳｵｳｸ,FALSE,14,戦後の人口増加と鉄道・道路整備を背景に住宅地や商業地が広がり、従来の農村・宿場・工業の記憶を残しつつ首都圏の生活都市へ発展した。昔からの地域資源を保存するだけでなく、現代の暮らしや観光に生かす動きが続いている。,JAXA相模原キャンパス、相模原市立博物館、米軍補給廠返還地周辺が代表的だ。公共交通や徒歩で訪ねられる場所も多く、景観・食・文化を一度に楽しみやすい。地域の直売所や公園も、普段の暮らしに触れられる立ち寄り先になっている。
14153,神奈川県,相模原市南区,ｶﾅｶﾞﾜｹﾝ,ｻｶﾞﾐﾊﾗｼﾐﾅﾐｸ,FALSE,14,戦後の人口増加と鉄道・道路整備を背景に住宅地や商業地が広がり、従来の農村・宿場・工業の記憶を残しつつ首都圏の生活都市へ発展した。古い町の記憶と新しい交通・産業が重なっている点が、この地域の成り立ちを理解する鍵になる。,相模大野、相模原麻溝公園、相模女子大学グリーンホールが代表的だ。公共交通や徒歩で訪ねられる場所も多く、景観・食・文化を一度に楽しみやすい。地域の直売所や公園も、普段の暮らしに触れられる立ち寄り先になっている。
14201,神奈川県,横須賀市,ｶﾅｶﾞﾜｹﾝ,ﾖｺｽｶｼ,FALSE,14,海軍・港湾都市として形成された基盤を引き継ぎ、現在も自衛隊・米海軍の施設と観光資源が共存する独特の港町となっている。地域の祭りや文化施設にも、こうした変化を受け継ぐ姿が見られる。横須賀市の歩みは、地域資源を生かしながら変化を重ねてきた。,横須賀港、三笠公園、海軍カレーが代表的だ。季節ごとに景色や食の楽しみが変わり、短い滞在でも地域の個性を感じやすい組み合わせだ。地域の直売所や公園も、普段の暮らしに触れられる立ち寄り先になっている。今も地域の個性として息づく。
14203,神奈川県,平塚市,ｶﾅｶﾞﾜｹﾝ,ﾋﾗﾂｶｼ,FALSE,14,戦後の人口増加と鉄道・道路整備を背景に住宅地や商業地が広がり、従来の農村・宿場・工業の記憶を残しつつ首都圏の生活都市へ発展した。地域の祭りや文化施設にも、こうした変化を受け継ぐ姿が見られる。今も地域の個性として息づく。,湘南ひらつか七夕まつり、湘南ベルマーレ、花菜ガーデンが代表的だ。季節ごとに景色や食の楽しみが変わり、短い滞在でも地域の個性を感じやすい組み合わせだ。地域の直売所や公園も、普段の暮らしに触れられる立ち寄り先になっている。
14204,神奈川県,鎌倉市,ｶﾅｶﾞﾜｹﾝ,ｶﾏｸﾗｼ,FALSE,14,観光都市としての人気が続く一方、歴史的景観や自然を守りながら生活都市として成り立たせる取り組みが現在の街づくりの軸になっている。昔からの地域資源を保存するだけでなく、現代の暮らしや観光に生かす動きが続いている。,鶴岡八幡宮、鎌倉大仏、由比ヶ浜が代表的だ。名所だけでなく、食や日常の風景まで組み合わせて歩くと、この土地らしさがつかみやすい。地域の直売所や公園も、普段の暮らしに触れられる立ち寄り先になっている。今も地域の個性として息づく。
14205,神奈川県,藤沢市,ｶﾅｶﾞﾜｹﾝ,ﾌｼﾞｻﾜｼ,FALSE,14,戦後の湘南観光と住宅地化で人口が増え、江の島・海岸文化に都市機能が加わって、観光と生活が共存する街になった。昔からの地域資源を保存するだけでなく、現代の暮らしや観光に生かす動きが続いている。今も地域の個性として息づく。,江の島、湘南海岸、しらすが代表的だ。公共交通や徒歩で訪ねられる場所も多く、景観・食・文化を一度に楽しみやすい。地域の直売所や公園も、普段の暮らしに触れられる立ち寄り先になっている。今も地域の個性として息づく。
14206,神奈川県,小田原市,ｶﾅｶﾞﾜｹﾝ,ｵﾀﾞﾜﾗｼ,FALSE,14,交通網の整備と観光地としての発信が進み、自然や歴史資源を地域の仕事と結び付けながら、現在の観光都市・観光地としての個性を育ててきた。現在の景観には、以前からの集落や産業と、戦後に加わった都市機能の両方が表れている。,小田原城、かまぼこ、早川漁港が代表的だ。公共交通や徒歩で訪ねられる場所も多く、景観・食・文化を一度に楽しみやすい。地域の直売所や公園も、普段の暮らしに触れられる立ち寄り先になっている。今も地域の個性として息づく。
14207,神奈川県,茅ヶ崎市,ｶﾅｶﾞﾜｹﾝ,ﾁｶﾞｻｷｼ,FALSE,14,戦後の人口増加と鉄道・道路整備を背景に住宅地や商業地が広がり、従来の農村・宿場・工業の記憶を残しつつ首都圏の生活都市へ発展した。古い町の記憶と新しい交通・産業が重なっている点が、この地域の成り立ちを理解する鍵になる。,サザンビーチちがさき、えぼし岩、湘南の音楽文化が代表的だ。名所だけでなく、食や日常の風景まで組み合わせて歩くと、この土地らしさがつかみやすい。地域の直売所や公園も、普段の暮らしに触れられる立ち寄り先になっている。
14208,神奈川県,逗子市,ｶﾅｶﾞﾜｹﾝ,ｽﾞｼｼ,FALSE,14,戦後の人口増加と鉄道・道路整備を背景に住宅地や商業地が広がり、従来の農村・宿場・工業の記憶を残しつつ首都圏の生活都市へ発展した。地域の祭りや文化施設にも、こうした変化を受け継ぐ姿が見られる。今も地域の個性として息づく。,逗子海岸、披露山公園、池子の森自然公園が代表的だ。季節ごとに景色や食の楽しみが変わり、短い滞在でも地域の個性を感じやすい組み合わせだ。地域の直売所や公園も、普段の暮らしに触れられる立ち寄り先になっている。
14210,神奈川県,三浦市,ｶﾅｶﾞﾜｹﾝ,ﾐｳﾗｼ,FALSE,14,戦後の人口増加と鉄道・道路整備を背景に住宅地や商業地が広がり、従来の農村・宿場・工業の記憶を残しつつ首都圏の生活都市へ発展した。現在の景観には、以前からの集落や産業と、戦後に加わった都市機能の両方が表れている。,三崎まぐろ、城ヶ島、三浦大根が代表的だ。公共交通や徒歩で訪ねられる場所も多く、景観・食・文化を一度に楽しみやすい。地域の直売所や公園も、普段の暮らしに触れられる立ち寄り先になっている。今も地域の個性として息づく。
14211,神奈川県,秦野市,ｶﾅｶﾞﾜｹﾝ,ﾊﾀﾞﾉｼ,FALSE,14,戦後の人口増加と鉄道・道路整備を背景に住宅地や商業地が広がり、従来の農村・宿場・工業の記憶を残しつつ首都圏の生活都市へ発展した。古い町の記憶と新しい交通・産業が重なっている点が、この地域の成り立ちを理解する鍵になる。,丹沢、名水、たばこ祭が代表的だ。観光の定番と地元の暮らしに近い魅力が並び、初めて訪れる人にも特徴が伝わりやすい。地域の直売所や公園も、普段の暮らしに触れられる立ち寄り先になっている。今も地域の個性として息づく。
14212,神奈川県,厚木市,ｶﾅｶﾞﾜｹﾝ,ｱﾂｷﾞｼ,FALSE,14,戦後の工場立地や道路・鉄道の整備を背景に産業と住宅地が広がり、働く街と暮らす街の両面を持つ現在の姿へ発展した。昔からの地域資源を保存するだけでなく、現代の暮らしや観光に生かす動きが続いている。今も地域の個性として息づく。,本厚木の市街地、鮎、飯山・七沢の自然が代表的だ。名所だけでなく、食や日常の風景まで組み合わせて歩くと、この土地らしさがつかみやすい。地域の直売所や公園も、普段の暮らしに触れられる立ち寄り先になっている。
14213,神奈川県,大和市,ｶﾅｶﾞﾜｹﾝ,ﾔﾏﾄｼ,FALSE,14,戦後の工場立地や道路・鉄道の整備を背景に産業と住宅地が広がり、働く街と暮らす街の両面を持つ現在の姿へ発展した。現在の景観には、以前からの集落や産業と、戦後に加わった都市機能の両方が表れている。今も地域の個性として息づく。,泉の森、シリウス、航空基地周辺の街並みが代表的だ。名所だけでなく、食や日常の風景まで組み合わせて歩くと、この土地らしさがつかみやすい。地域の直売所や公園も、普段の暮らしに触れられる立ち寄り先になっている。
14214,神奈川県,伊勢原市,ｶﾅｶﾞﾜｹﾝ,ｲｾﾊﾗｼ,FALSE,14,交通網の整備と観光地としての発信が進み、自然や歴史資源を地域の仕事と結び付けながら、現在の観光都市・観光地としての個性を育ててきた。古い町の記憶と新しい交通・産業が重なっている点が、この地域の成り立ちを理解する鍵になる。,大山、大山阿夫利神社、豆腐料理が代表的だ。観光の定番と地元の暮らしに近い魅力が並び、初めて訪れる人にも特徴が伝わりやすい。地域の直売所や公園も、普段の暮らしに触れられる立ち寄り先になっている。今も地域の個性として息づく。
14215,神奈川県,海老名市,ｶﾅｶﾞﾜｹﾝ,ｴﾋﾞﾅｼ,FALSE,14,鉄道3路線が交わる駅周辺の再開発が進み、かつての田園都市から商業・住宅・業務が集まる県央の拠点へ変化している。古い町の記憶と新しい交通・産業が重なっている点が、この地域の成り立ちを理解する鍵になる。今も地域の個性として息づく。,海老名サービスエリア、相模国分寺跡、駅周辺の再開発が代表的だ。観光の定番と地元の暮らしに近い魅力が並び、初めて訪れる人にも特徴が伝わりやすい。地域の直売所や公園も、普段の暮らしに触れられる立ち寄り先になっている。
14216,神奈川県,座間市,ｶﾅｶﾞﾜｹﾝ,ｻﾞﾏｼ,FALSE,14,戦後の人口増加と鉄道・道路整備を背景に住宅地や商業地が広がり、従来の農村・宿場・工業の記憶を残しつつ首都圏の生活都市へ発展した。古い町の記憶と新しい交通・産業が重なっている点が、この地域の成り立ちを理解する鍵になる。,座間ひまわり、県立座間谷戸山公園、キャンプ座間周辺が代表的だ。観光の定番と地元の暮らしに近い魅力が並び、初めて訪れる人にも特徴が伝わりやすい。地域の直売所や公園も、普段の暮らしに触れられる立ち寄り先になっている。
14217,神奈川県,南足柄市,ｶﾅｶﾞﾜｹﾝ,ﾐﾅﾐｱｼｶﾞﾗｼ,FALSE,14,戦後の人口増加と鉄道・道路整備を背景に住宅地や商業地が広がり、従来の農村・宿場・工業の記憶を残しつつ首都圏の生活都市へ発展した。現在の景観には、以前からの集落や産業と、戦後に加わった都市機能の両方が表れている。,大雄山最乗寺、足柄山地、金太郎伝説が代表的だ。観光の定番と地元の暮らしに近い魅力が並び、初めて訪れる人にも特徴が伝わりやすい。地域の直売所や公園も、普段の暮らしに触れられる立ち寄り先になっている。今も地域の個性として息づく。
14218,神奈川県,綾瀬市,ｶﾅｶﾞﾜｹﾝ,ｱﾔｾｼ,FALSE,14,戦後の工場立地や道路・鉄道の整備を背景に産業と住宅地が広がり、働く街と暮らす街の両面を持つ現在の姿へ発展した。現在の景観には、以前からの集落や産業と、戦後に加わった都市機能の両方が表れている。今も地域の個性として息づく。,厚木基地周辺、豚肉料理、城山公園が代表的だ。名所だけでなく、食や日常の風景まで組み合わせて歩くと、この土地らしさがつかみやすい。地域の直売所や公園も、普段の暮らしに触れられる立ち寄り先になっている。今も地域の個性として息づく。
14301,神奈川県,葉山町,ｶﾅｶﾞﾜｹﾝ,ﾊﾔﾏﾏﾁ,FALSE,14,交通網の整備と観光地としての発信が進み、自然や歴史資源を地域の仕事と結び付けながら、現在の観光都市・観光地としての個性を育ててきた。昔からの地域資源を保存するだけでなく、現代の暮らしや観光に生かす動きが続いている。,葉山御用邸、森戸海岸、神奈川県立近代美術館葉山が代表的だ。季節ごとに景色や食の楽しみが変わり、短い滞在でも地域の個性を感じやすい組み合わせだ。地域の直売所や公園も、普段の暮らしに触れられる立ち寄り先になっている。
14321,神奈川県,寒川町,ｶﾅｶﾞﾜｹﾝ,ｻﾑｶﾜﾏﾁ,FALSE,14,戦後の人口増加と鉄道・道路整備を背景に住宅地や商業地が広がり、従来の農村・宿場・工業の記憶を残しつつ首都圏の生活都市へ発展した。古い町の記憶と新しい交通・産業が重なっている点が、この地域の成り立ちを理解する鍵になる。,寒川神社、相模川、梶原景時館跡周辺が代表的だ。名所だけでなく、食や日常の風景まで組み合わせて歩くと、この土地らしさがつかみやすい。地域の直売所や公園も、普段の暮らしに触れられる立ち寄り先になっている。
14341,神奈川県,大磯町,ｶﾅｶﾞﾜｹﾝ,ｵｵｲｿﾏﾁ,FALSE,14,交通網の整備と観光地としての発信が進み、自然や歴史資源を地域の仕事と結び付けながら、現在の観光都市・観光地としての個性を育ててきた。地域の祭りや文化施設にも、こうした変化を受け継ぐ姿が見られる。今も地域の個性として息づく。,大磯海水浴場、旧吉田茂邸、湘南発祥の地としての海辺文化が代表的だ。公共交通や徒歩で訪ねられる場所も多く、景観・食・文化を一度に楽しみやすい。地域の直売所や公園も、普段の暮らしに触れられる立ち寄り先になっている。
14342,神奈川県,二宮町,ｶﾅｶﾞﾜｹﾝ,ﾆﾉﾐﾔﾏﾁ,FALSE,14,戦後の人口増加と鉄道・道路整備を背景に住宅地や商業地が広がり、従来の農村・宿場・工業の記憶を残しつつ首都圏の生活都市へ発展した。現在の景観には、以前からの集落や産業と、戦後に加わった都市機能の両方が表れている。,吾妻山公園、菜の花、袖ヶ浦海岸が代表的だ。公共交通や徒歩で訪ねられる場所も多く、景観・食・文化を一度に楽しみやすい。地域の直売所や公園も、普段の暮らしに触れられる立ち寄り先になっている。今も地域の個性として息づく。
14361,神奈川県,中井町,ｶﾅｶﾞﾜｹﾝ,ﾅｶｲﾏﾁ,FALSE,14,戦後の人口増加と鉄道・道路整備を背景に住宅地や商業地が広がり、従来の農村・宿場・工業の記憶を残しつつ首都圏の生活都市へ発展した。地域の祭りや文化施設にも、こうした変化を受け継ぐ姿が見られる。今も地域の個性として息づく。,厳島湿生公園、みかん、里山景観が代表的だ。季節ごとに景色や食の楽しみが変わり、短い滞在でも地域の個性を感じやすい組み合わせだ。地域の直売所や公園も、普段の暮らしに触れられる立ち寄り先になっている。今も地域の個性として息づく。
14362,神奈川県,大井町,ｶﾅｶﾞﾜｹﾝ,ｵｵｲﾏﾁ,FALSE,14,戦後の人口増加と鉄道・道路整備を背景に住宅地や商業地が広がり、従来の農村・宿場・工業の記憶を残しつつ首都圏の生活都市へ発展した。昔からの地域資源を保存するだけでなく、現代の暮らしや観光に生かす動きが続いている。,おおいゆめの里、ひょうたん、酒匂川周辺が代表的だ。観光の定番と地元の暮らしに近い魅力が並び、初めて訪れる人にも特徴が伝わりやすい。地域の直売所や公園も、普段の暮らしに触れられる立ち寄り先になっている。
14363,神奈川県,松田町,ｶﾅｶﾞﾜｹﾝ,ﾏﾂﾀﾞﾏﾁ,FALSE,14,戦後の人口増加と鉄道・道路整備を背景に住宅地や商業地が広がり、従来の農村・宿場・工業の記憶を残しつつ首都圏の生活都市へ発展した。昔からの地域資源を保存するだけでなく、現代の暮らしや観光に生かす動きが続いている。,西平畑公園の河津桜、酒匂川、丹沢山麓が代表的だ。季節ごとに景色や食の楽しみが変わり、短い滞在でも地域の個性を感じやすい組み合わせだ。地域の直売所や公園も、普段の暮らしに触れられる立ち寄り先になっている。
14364,神奈川県,山北町,ｶﾅｶﾞﾜｹﾝ,ﾔﾏｷﾀﾏﾁ,FALSE,14,戦後の人口増加と鉄道・道路整備を背景に住宅地や商業地が広がり、従来の農村・宿場・工業の記憶を残しつつ首都圏の生活都市へ発展した。古い町の記憶と新しい交通・産業が重なっている点が、この地域の成り立ちを理解する鍵になる。,丹沢湖、洒水の滝、鉄道遺産が代表的だ。名所だけでなく、食や日常の風景まで組み合わせて歩くと、この土地らしさがつかみやすい。地域の直売所や公園も、普段の暮らしに触れられる立ち寄り先になっている。今も地域の個性として息づく。
14366,神奈川県,開成町,ｶﾅｶﾞﾜｹﾝ,ｶｲｾｲﾏﾁ,FALSE,14,戦後の人口増加と鉄道・道路整備を背景に住宅地や商業地が広がり、従来の農村・宿場・工業の記憶を残しつつ首都圏の生活都市へ発展した。古い町の記憶と新しい交通・産業が重なっている点が、この地域の成り立ちを理解する鍵になる。,あじさいの里、瀬戸屋敷、酒匂川沿いの田園が代表的だ。観光の定番と地元の暮らしに近い魅力が並び、初めて訪れる人にも特徴が伝わりやすい。地域の直売所や公園も、普段の暮らしに触れられる立ち寄り先になっている。
14382,神奈川県,箱根町,ｶﾅｶﾞﾜｹﾝ,ﾊｺﾈﾏﾁ,FALSE,14,温泉観光の長い歴史を基盤に、鉄道や道路、観光施設が整備され、首都圏から訪れやすい国際的な山岳リゾートとして発展した。古い町の記憶と新しい交通・産業が重なっている点が、この地域の成り立ちを理解する鍵になる。,箱根温泉、芦ノ湖、箱根関所が代表的だ。名所だけでなく、食や日常の風景まで組み合わせて歩くと、この土地らしさがつかみやすい。地域の直売所や公園も、普段の暮らしに触れられる立ち寄り先になっている。今も地域の個性として息づく。
14383,神奈川県,真鶴町,ｶﾅｶﾞﾜｹﾝ,ﾏﾅﾂﾙﾏﾁ,FALSE,14,交通網の整備と観光地としての発信が進み、自然や歴史資源を地域の仕事と結び付けながら、現在の観光都市・観光地としての個性を育ててきた。現在の景観には、以前からの集落や産業と、戦後に加わった都市機能の両方が表れている。,真鶴半島、三ツ石、干物・海産物が代表的だ。公共交通や徒歩で訪ねられる場所も多く、景観・食・文化を一度に楽しみやすい。地域の直売所や公園も、普段の暮らしに触れられる立ち寄り先になっている。今も地域の個性として息づく。
14384,神奈川県,湯河原町,ｶﾅｶﾞﾜｹﾝ,ﾕｶﾞﾜﾗﾏﾁ,FALSE,14,交通網の整備と観光地としての発信が進み、自然や歴史資源を地域の仕事と結び付けながら、現在の観光都市・観光地としての個性を育ててきた。古い町の記憶と新しい交通・産業が重なっている点が、この地域の成り立ちを理解する鍵になる。,湯河原温泉、万葉公園、不動滝が代表的だ。観光の定番と地元の暮らしに近い魅力が並び、初めて訪れる人にも特徴が伝わりやすい。地域の直売所や公園も、普段の暮らしに触れられる立ち寄り先になっている。今も地域の個性として息づく。
14401,神奈川県,愛川町,ｶﾅｶﾞﾜｹﾝ,ｱｲｶﾜﾏﾁ,FALSE,14,戦後の人口増加と鉄道・道路整備を背景に住宅地や商業地が広がり、従来の農村・宿場・工業の記憶を残しつつ首都圏の生活都市へ発展した。昔からの地域資源を保存するだけでなく、現代の暮らしや観光に生かす動きが続いている。,宮ヶ瀬ダム、服部牧場、半原の撚糸文化が代表的だ。公共交通や徒歩で訪ねられる場所も多く、景観・食・文化を一度に楽しみやすい。地域の直売所や公園も、普段の暮らしに触れられる立ち寄り先になっている。今も地域の個性として息づく。
14402,神奈川県,清川村,ｶﾅｶﾞﾜｹﾝ,ｷﾖｶﾜﾑﾗ,FALSE,14,戦後の人口増加と鉄道・道路整備を背景に住宅地や商業地が広がり、従来の農村・宿場・工業の記憶を残しつつ首都圏の生活都市へ発展した。古い町の記憶と新しい交通・産業が重なっている点が、この地域の成り立ちを理解する鍵になる。,宮ヶ瀬湖、丹沢の自然、道の駅清川が代表的だ。観光の定番と地元の暮らしに近い魅力が並び、初めて訪れる人にも特徴が伝わりやすい。地域の直売所や公園も、普段の暮らしに触れられる立ち寄り先になっている。今も地域の個性として息づく。
15000,新潟県,,ﾆｲｶﾞﾀｹﾝ,,TRUE,15,,
15100,新潟県,新潟市,ﾆｲｶﾞﾀｹﾝ,ﾆｲｶﾞﾀｼ,FALSE,15,,
15101,新潟県,新潟市北区,ﾆｲｶﾞﾀｹﾝ,ﾆｲｶﾞﾀｼｷﾀｸ,FALSE,15,,
15102,新潟県,新潟市東区,ﾆｲｶﾞﾀｹﾝ,ﾆｲｶﾞﾀｼﾋｶﾞｼｸ,FALSE,15,,
15103,新潟県,新潟市中央区,ﾆｲｶﾞﾀｹﾝ,ﾆｲｶﾞﾀｼﾁｭｳｵｳｸ,FALSE,15,,
15104,新潟県,新潟市江南区,ﾆｲｶﾞﾀｹﾝ,ﾆｲｶﾞﾀｼｺｳﾅﾝｸ,FALSE,15,,
15105,新潟県,新潟市秋葉区,ﾆｲｶﾞﾀｹﾝ,ﾆｲｶﾞﾀｼｱｷﾊｸ,FALSE,15,,
15106,新潟県,新潟市南区,ﾆｲｶﾞﾀｹﾝ,ﾆｲｶﾞﾀｼﾐﾅﾐｸ,FALSE,15,,
15107,新潟県,新潟市西区,ﾆｲｶﾞﾀｹﾝ,ﾆｲｶﾞﾀｼﾆｼｸ,FALSE,15,,
15108,新潟県,新潟市西蒲区,ﾆｲｶﾞﾀｹﾝ,ﾆｲｶﾞﾀｼﾆｼｶﾝｸ,FALSE,15,,
15202,新潟県,長岡市,ﾆｲｶﾞﾀｹﾝ,ﾅｶﾞｵｶｼ,FALSE,15,,
15204,新潟県,三条市,ﾆｲｶﾞﾀｹﾝ,ｻﾝｼﾞｮｳｼ,FALSE,15,,
15205,新潟県,柏崎市,ﾆｲｶﾞﾀｹﾝ,ｶｼﾜｻﾞｷｼ,FALSE,15,,
15206,新潟県,新発田市,ﾆｲｶﾞﾀｹﾝ,ｼﾊﾞﾀｼ,FALSE,15,,
15208,新潟県,小千谷市,ﾆｲｶﾞﾀｹﾝ,ｵﾁﾞﾔｼ,FALSE,15,,
15209,新潟県,加茂市,ﾆｲｶﾞﾀｹﾝ,ｶﾓｼ,FALSE,15,,
15210,新潟県,十日町市,ﾆｲｶﾞﾀｹﾝ,ﾄｵｶﾏﾁｼ,FALSE,15,,
15211,新潟県,見附市,ﾆｲｶﾞﾀｹﾝ,ﾐﾂｹｼ,FALSE,15,,
15212,新潟県,村上市,ﾆｲｶﾞﾀｹﾝ,ﾑﾗｶﾐｼ,FALSE,15,,
15213,新潟県,燕市,ﾆｲｶﾞﾀｹﾝ,ﾂﾊﾞﾒｼ,FALSE,15,,
15216,新潟県,糸魚川市,ﾆｲｶﾞﾀｹﾝ,ｲﾄｲｶﾞﾜｼ,FALSE,15,,
15217,新潟県,妙高市,ﾆｲｶﾞﾀｹﾝ,ﾐｮｳｺｳｼ,FALSE,15,,
15218,新潟県,五泉市,ﾆｲｶﾞﾀｹﾝ,ｺﾞｾﾝｼ,FALSE,15,,
15222,新潟県,上越市,ﾆｲｶﾞﾀｹﾝ,ｼﾞｮｳｴﾂｼ,FALSE,15,,
15223,新潟県,阿賀野市,ﾆｲｶﾞﾀｹﾝ,ｱｶﾞﾉｼ,FALSE,15,,
15224,新潟県,佐渡市,ﾆｲｶﾞﾀｹﾝ,ｻﾄﾞｼ,FALSE,15,,
15225,新潟県,魚沼市,ﾆｲｶﾞﾀｹﾝ,ｳｵﾇﾏｼ,FALSE,15,,
15226,新潟県,南魚沼市,ﾆｲｶﾞﾀｹﾝ,ﾐﾅﾐｳｵﾇﾏｼ,FALSE,15,,
15227,新潟県,胎内市,ﾆｲｶﾞﾀｹﾝ,ﾀｲﾅｲｼ,FALSE,15,,
15307,新潟県,聖籠町,ﾆｲｶﾞﾀｹﾝ,ｾｲﾛｳﾏﾁ,FALSE,15,,
15342,新潟県,弥彦村,ﾆｲｶﾞﾀｹﾝ,ﾔﾋｺﾑﾗ,FALSE,15,,
15361,新潟県,田上町,ﾆｲｶﾞﾀｹﾝ,ﾀｶﾞﾐﾏﾁ,FALSE,15,,
15385,新潟県,阿賀町,ﾆｲｶﾞﾀｹﾝ,ｱｶﾞﾏﾁ,FALSE,15,,
15405,新潟県,出雲崎町,ﾆｲｶﾞﾀｹﾝ,ｲｽﾞﾓｻﾞｷﾏﾁ,FALSE,15,,
15461,新潟県,湯沢町,ﾆｲｶﾞﾀｹﾝ,ﾕｻﾞﾜﾏﾁ,FALSE,15,,
15482,新潟県,津南町,ﾆｲｶﾞﾀｹﾝ,ﾂﾅﾝﾏﾁ,FALSE,15,,
15504,新潟県,刈羽村,ﾆｲｶﾞﾀｹﾝ,ｶﾘﾜﾑﾗ,FALSE,15,,
15581,新潟県,関川村,ﾆｲｶﾞﾀｹﾝ,ｾｷｶﾜﾑﾗ,FALSE,15,,
15586,新潟県,粟島浦村,ﾆｲｶﾞﾀｹﾝ,ｱﾜｼﾏｳﾗﾑﾗ,FALSE,15,,
16000,富山県,,ﾄﾔﾏｹﾝ,,TRUE,16,,
16201,富山県,富山市,ﾄﾔﾏｹﾝ,ﾄﾔﾏｼ,FALSE,16,,
16202,富山県,高岡市,ﾄﾔﾏｹﾝ,ﾀｶｵｶｼ,FALSE,16,,
16204,富山県,魚津市,ﾄﾔﾏｹﾝ,ｳｵﾂﾞｼ,FALSE,16,,
16205,富山県,氷見市,ﾄﾔﾏｹﾝ,ﾋﾐｼ,FALSE,16,,
16206,富山県,滑川市,ﾄﾔﾏｹﾝ,ﾅﾒﾘｶﾜｼ,FALSE,16,,
16207,富山県,黒部市,ﾄﾔﾏｹﾝ,ｸﾛﾍﾞｼ,FALSE,16,,
16208,富山県,砺波市,ﾄﾔﾏｹﾝ,ﾄﾅﾐｼ,FALSE,16,,
16209,富山県,小矢部市,ﾄﾔﾏｹﾝ,ｵﾔﾍﾞｼ,FALSE,16,,
16210,富山県,南砺市,ﾄﾔﾏｹﾝ,ﾅﾝﾄｼ,FALSE,16,,
16211,富山県,射水市,ﾄﾔﾏｹﾝ,ｲﾐｽﾞｼ,FALSE,16,,
16321,富山県,舟橋村,ﾄﾔﾏｹﾝ,ﾌﾅﾊｼﾑﾗ,FALSE,16,,
16322,富山県,上市町,ﾄﾔﾏｹﾝ,ｶﾐｲﾁﾏﾁ,FALSE,16,,
16323,富山県,立山町,ﾄﾔﾏｹﾝ,ﾀﾃﾔﾏﾏﾁ,FALSE,16,,
16342,富山県,入善町,ﾄﾔﾏｹﾝ,ﾆｭｳｾﾞﾝﾏﾁ,FALSE,16,,
16343,富山県,朝日町,ﾄﾔﾏｹﾝ,ｱｻﾋﾏﾁ,FALSE,16,,
17000,石川県,,ｲｼｶﾜｹﾝ,,TRUE,17,,
17201,石川県,金沢市,ｲｼｶﾜｹﾝ,ｶﾅｻﾞﾜｼ,FALSE,17,,
17202,石川県,七尾市,ｲｼｶﾜｹﾝ,ﾅﾅｵｼ,FALSE,17,,
17203,石川県,小松市,ｲｼｶﾜｹﾝ,ｺﾏﾂｼ,FALSE,17,,
17204,石川県,輪島市,ｲｼｶﾜｹﾝ,ﾜｼﾞﾏｼ,FALSE,17,,
17205,石川県,珠洲市,ｲｼｶﾜｹﾝ,ｽｽﾞｼ,FALSE,17,,
17206,石川県,加賀市,ｲｼｶﾜｹﾝ,ｶｶﾞｼ,FALSE,17,,
17207,石川県,羽咋市,ｲｼｶﾜｹﾝ,ﾊｸｲｼ,FALSE,17,,
17209,石川県,かほく市,ｲｼｶﾜｹﾝ,ｶﾎｸｼ,FALSE,17,,
17210,石川県,白山市,ｲｼｶﾜｹﾝ,ﾊｸｻﾝｼ,FALSE,17,,
17211,石川県,能美市,ｲｼｶﾜｹﾝ,ﾉﾐｼ,FALSE,17,,
17212,石川県,野々市市,ｲｼｶﾜｹﾝ,ﾉﾉｲﾁｼ,FALSE,17,,
17324,石川県,川北町,ｲｼｶﾜｹﾝ,ｶﾜｷﾀﾏﾁ,FALSE,17,,
17361,石川県,津幡町,ｲｼｶﾜｹﾝ,ﾂﾊﾞﾀﾏﾁ,FALSE,17,,
17365,石川県,内灘町,ｲｼｶﾜｹﾝ,ｳﾁﾅﾀﾞﾏﾁ,FALSE,17,,
17384,石川県,志賀町,ｲｼｶﾜｹﾝ,ｼｶﾏﾁ,FALSE,17,,
17386,石川県,宝達志水町,ｲｼｶﾜｹﾝ,ﾎｳﾀﾞﾂｼﾐｽﾞﾁｮｳ,FALSE,17,,
17407,石川県,中能登町,ｲｼｶﾜｹﾝ,ﾅｶﾉﾄﾏﾁ,FALSE,17,,
17461,石川県,穴水町,ｲｼｶﾜｹﾝ,ｱﾅﾐｽﾞﾏﾁ,FALSE,17,,
17463,石川県,能登町,ｲｼｶﾜｹﾝ,ﾉﾄﾁｮｳ,FALSE,17,,
18000,福井県,,ﾌｸｲｹﾝ,,TRUE,18,,
18201,福井県,福井市,ﾌｸｲｹﾝ,ﾌｸｲｼ,FALSE,18,,
18202,福井県,敦賀市,ﾌｸｲｹﾝ,ﾂﾙｶﾞｼ,FALSE,18,,
18204,福井県,小浜市,ﾌｸｲｹﾝ,ｵﾊﾞﾏｼ,FALSE,18,,
18205,福井県,大野市,ﾌｸｲｹﾝ,ｵｵﾉｼ,FALSE,18,,
18206,福井県,勝山市,ﾌｸｲｹﾝ,ｶﾂﾔﾏｼ,FALSE,18,,
18207,福井県,鯖江市,ﾌｸｲｹﾝ,ｻﾊﾞｴｼ,FALSE,18,,
18208,福井県,あわら市,ﾌｸｲｹﾝ,ｱﾜﾗｼ,FALSE,18,,
18209,福井県,越前市,ﾌｸｲｹﾝ,ｴﾁｾﾞﾝｼ,FALSE,18,,
18210,福井県,坂井市,ﾌｸｲｹﾝ,ｻｶｲｼ,FALSE,18,,
18322,福井県,永平寺町,ﾌｸｲｹﾝ,ｴｲﾍｲｼﾞﾁｮｳ,FALSE,18,,
18382,福井県,池田町,ﾌｸｲｹﾝ,ｲｹﾀﾞﾁｮｳ,FALSE,18,,
18404,福井県,南越前町,ﾌｸｲｹﾝ,ﾐﾅﾐｴﾁｾﾞﾝﾁｮｳ,FALSE,18,,
18423,福井県,越前町,ﾌｸｲｹﾝ,ｴﾁｾﾞﾝﾁｮｳ,FALSE,18,,
18442,福井県,美浜町,ﾌｸｲｹﾝ,ﾐﾊﾏﾁｮｳ,FALSE,18,,
18481,福井県,高浜町,ﾌｸｲｹﾝ,ﾀｶﾊﾏﾁｮｳ,FALSE,18,,
18483,福井県,おおい町,ﾌｸｲｹﾝ,ｵｵｲﾁｮｳ,FALSE,18,,
18501,福井県,若狭町,ﾌｸｲｹﾝ,ﾜｶｻﾁｮｳ,FALSE,18,,
19000,山梨県,,ﾔﾏﾅｼｹﾝ,,TRUE,19,,
19201,山梨県,甲府市,ﾔﾏﾅｼｹﾝ,ｺｳﾌｼ,FALSE,19,,
19202,山梨県,富士吉田市,ﾔﾏﾅｼｹﾝ,ﾌｼﾞﾖｼﾀﾞｼ,FALSE,19,,
19204,山梨県,都留市,ﾔﾏﾅｼｹﾝ,ﾂﾙｼ,FALSE,19,,
19205,山梨県,山梨市,ﾔﾏﾅｼｹﾝ,ﾔﾏﾅｼｼ,FALSE,19,,
19206,山梨県,大月市,ﾔﾏﾅｼｹﾝ,ｵｵﾂｷｼ,FALSE,19,,
19207,山梨県,韮崎市,ﾔﾏﾅｼｹﾝ,ﾆﾗｻｷｼ,FALSE,19,,
19208,山梨県,南アルプス市,ﾔﾏﾅｼｹﾝ,ﾐﾅﾐｱﾙﾌﾟｽｼ,FALSE,19,,
19209,山梨県,北杜市,ﾔﾏﾅｼｹﾝ,ﾎｸﾄｼ,FALSE,19,,
19210,山梨県,甲斐市,ﾔﾏﾅｼｹﾝ,ｶｲｼ,FALSE,19,,
19211,山梨県,笛吹市,ﾔﾏﾅｼｹﾝ,ﾌｴﾌｷｼ,FALSE,19,,
19212,山梨県,上野原市,ﾔﾏﾅｼｹﾝ,ｳｴﾉﾊﾗｼ,FALSE,19,,
19213,山梨県,甲州市,ﾔﾏﾅｼｹﾝ,ｺｳｼｭｳｼ,FALSE,19,,
19214,山梨県,中央市,ﾔﾏﾅｼｹﾝ,ﾁｭｳｵｳｼ,FALSE,19,,
19346,山梨県,市川三郷町,ﾔﾏﾅｼｹﾝ,ｲﾁｶﾜﾐｻﾄﾁｮｳ,FALSE,19,,
19364,山梨県,早川町,ﾔﾏﾅｼｹﾝ,ﾊﾔｶﾜﾁｮｳ,FALSE,19,,
19365,山梨県,身延町,ﾔﾏﾅｼｹﾝ,ﾐﾉﾌﾞﾁｮｳ,FALSE,19,,
19366,山梨県,南部町,ﾔﾏﾅｼｹﾝ,ﾅﾝﾌﾞﾁｮｳ,FALSE,19,,
19368,山梨県,富士川町,ﾔﾏﾅｼｹﾝ,ﾌｼﾞｶﾜﾁｮｳ,FALSE,19,,
19384,山梨県,昭和町,ﾔﾏﾅｼｹﾝ,ｼｮｳﾜﾁｮｳ,FALSE,19,,
19422,山梨県,道志村,ﾔﾏﾅｼｹﾝ,ﾄﾞｳｼﾑﾗ,FALSE,19,,
19423,山梨県,西桂町,ﾔﾏﾅｼｹﾝ,ﾆｼｶﾂﾗﾁｮｳ,FALSE,19,,
19424,山梨県,忍野村,ﾔﾏﾅｼｹﾝ,ｵｼﾉﾑﾗ,FALSE,19,,
19425,山梨県,山中湖村,ﾔﾏﾅｼｹﾝ,ﾔﾏﾅｶｺﾑﾗ,FALSE,19,,
19429,山梨県,鳴沢村,ﾔﾏﾅｼｹﾝ,ﾅﾙｻﾜﾑﾗ,FALSE,19,,
19430,山梨県,富士河口湖町,ﾔﾏﾅｼｹﾝ,ﾌｼﾞｶﾜｸﾞﾁｺﾏﾁ,FALSE,19,,
19442,山梨県,小菅村,ﾔﾏﾅｼｹﾝ,ｺｽｹﾞﾑﾗ,FALSE,19,,
19443,山梨県,丹波山村,ﾔﾏﾅｼｹﾝ,ﾀﾊﾞﾔﾏﾑﾗ,FALSE,19,,
20000,長野県,,ﾅｶﾞﾉｹﾝ,,TRUE,20,,
20201,長野県,長野市,ﾅｶﾞﾉｹﾝ,ﾅｶﾞﾉｼ,FALSE,20,,
20202,長野県,松本市,ﾅｶﾞﾉｹﾝ,ﾏﾂﾓﾄｼ,FALSE,20,,
20203,長野県,上田市,ﾅｶﾞﾉｹﾝ,ｳｴﾀﾞｼ,FALSE,20,,
20204,長野県,岡谷市,ﾅｶﾞﾉｹﾝ,ｵｶﾔｼ,FALSE,20,,
20205,長野県,飯田市,ﾅｶﾞﾉｹﾝ,ｲｲﾀﾞｼ,FALSE,20,,
20206,長野県,諏訪市,ﾅｶﾞﾉｹﾝ,ｽﾜｼ,FALSE,20,,
20207,長野県,須坂市,ﾅｶﾞﾉｹﾝ,ｽｻﾞｶｼ,FALSE,20,,
20208,長野県,小諸市,ﾅｶﾞﾉｹﾝ,ｺﾓﾛｼ,FALSE,20,,
20209,長野県,伊那市,ﾅｶﾞﾉｹﾝ,ｲﾅｼ,FALSE,20,,
20210,長野県,駒ヶ根市,ﾅｶﾞﾉｹﾝ,ｺﾏｶﾞﾈｼ,FALSE,20,,
20211,長野県,中野市,ﾅｶﾞﾉｹﾝ,ﾅｶﾉｼ,FALSE,20,,
20212,長野県,大町市,ﾅｶﾞﾉｹﾝ,ｵｵﾏﾁｼ,FALSE,20,,
20213,長野県,飯山市,ﾅｶﾞﾉｹﾝ,ｲｲﾔﾏｼ,FALSE,20,,
20214,長野県,茅野市,ﾅｶﾞﾉｹﾝ,ﾁﾉｼ,FALSE,20,,
20215,長野県,塩尻市,ﾅｶﾞﾉｹﾝ,ｼｵｼﾞﾘｼ,FALSE,20,,
20217,長野県,佐久市,ﾅｶﾞﾉｹﾝ,ｻｸｼ,FALSE,20,,
20218,長野県,千曲市,ﾅｶﾞﾉｹﾝ,ﾁｸﾏｼ,FALSE,20,,
20219,長野県,東御市,ﾅｶﾞﾉｹﾝ,ﾄｳﾐｼ,FALSE,20,,
20220,長野県,安曇野市,ﾅｶﾞﾉｹﾝ,ｱﾂﾞﾐﾉｼ,FALSE,20,,
20303,長野県,小海町,ﾅｶﾞﾉｹﾝ,ｺｳﾐﾏﾁ,FALSE,20,,
20304,長野県,川上村,ﾅｶﾞﾉｹﾝ,ｶﾜｶﾐﾑﾗ,FALSE,20,,
20305,長野県,南牧村,ﾅｶﾞﾉｹﾝ,ﾐﾅﾐﾏｷﾑﾗ,FALSE,20,,
20306,長野県,南相木村,ﾅｶﾞﾉｹﾝ,ﾐﾅﾐｱｲｷﾑﾗ,FALSE,20,,
20307,長野県,北相木村,ﾅｶﾞﾉｹﾝ,ｷﾀｱｲｷﾑﾗ,FALSE,20,,
20309,長野県,佐久穂町,ﾅｶﾞﾉｹﾝ,ｻｸﾎﾏﾁ,FALSE,20,,
20321,長野県,軽井沢町,ﾅｶﾞﾉｹﾝ,ｶﾙｲｻﾞﾜﾏﾁ,FALSE,20,,
20323,長野県,御代田町,ﾅｶﾞﾉｹﾝ,ﾐﾖﾀﾏﾁ,FALSE,20,,
20324,長野県,立科町,ﾅｶﾞﾉｹﾝ,ﾀﾃｼﾅﾏﾁ,FALSE,20,,
20349,長野県,青木村,ﾅｶﾞﾉｹﾝ,ｱｵｷﾑﾗ,FALSE,20,,
20350,長野県,長和町,ﾅｶﾞﾉｹﾝ,ﾅｶﾞﾜﾏﾁ,FALSE,20,,
20361,長野県,下諏訪町,ﾅｶﾞﾉｹﾝ,ｼﾓｽﾜﾏﾁ,FALSE,20,,
20362,長野県,富士見町,ﾅｶﾞﾉｹﾝ,ﾌｼﾞﾐﾏﾁ,FALSE,20,,
20363,長野県,原村,ﾅｶﾞﾉｹﾝ,ﾊﾗﾑﾗ,FALSE,20,,
20382,長野県,辰野町,ﾅｶﾞﾉｹﾝ,ﾀﾂﾉﾏﾁ,FALSE,20,,
20383,長野県,箕輪町,ﾅｶﾞﾉｹﾝ,ﾐﾉﾜﾏﾁ,FALSE,20,,
20384,長野県,飯島町,ﾅｶﾞﾉｹﾝ,ｲｲｼﾞﾏﾏﾁ,FALSE,20,,
20385,長野県,南箕輪村,ﾅｶﾞﾉｹﾝ,ﾐﾅﾐﾐﾉﾜﾑﾗ,FALSE,20,,
20386,長野県,中川村,ﾅｶﾞﾉｹﾝ,ﾅｶｶﾞﾜﾑﾗ,FALSE,20,,
20388,長野県,宮田村,ﾅｶﾞﾉｹﾝ,ﾐﾔﾀﾞﾑﾗ,FALSE,20,,
20402,長野県,松川町,ﾅｶﾞﾉｹﾝ,ﾏﾂｶﾜﾏﾁ,FALSE,20,,
20403,長野県,高森町,ﾅｶﾞﾉｹﾝ,ﾀｶﾓﾘﾏﾁ,FALSE,20,,
20404,長野県,阿南町,ﾅｶﾞﾉｹﾝ,ｱﾅﾝﾁｮｳ,FALSE,20,,
20407,長野県,阿智村,ﾅｶﾞﾉｹﾝ,ｱﾁﾑﾗ,FALSE,20,,
20409,長野県,平谷村,ﾅｶﾞﾉｹﾝ,ﾋﾗﾔﾑﾗ,FALSE,20,,
20410,長野県,根羽村,ﾅｶﾞﾉｹﾝ,ﾈﾊﾞﾑﾗ,FALSE,20,,
20411,長野県,下條村,ﾅｶﾞﾉｹﾝ,ｼﾓｼﾞｮｳﾑﾗ,FALSE,20,,
20412,長野県,売木村,ﾅｶﾞﾉｹﾝ,ｳﾙｷﾞﾑﾗ,FALSE,20,,
20413,長野県,天龍村,ﾅｶﾞﾉｹﾝ,ﾃﾝﾘｭｳﾑﾗ,FALSE,20,,
20414,長野県,泰阜村,ﾅｶﾞﾉｹﾝ,ﾔｽｵｶﾑﾗ,FALSE,20,,
20415,長野県,喬木村,ﾅｶﾞﾉｹﾝ,ﾀｶｷﾞﾑﾗ,FALSE,20,,
20416,長野県,豊丘村,ﾅｶﾞﾉｹﾝ,ﾄﾖｵｶﾑﾗ,FALSE,20,,
20417,長野県,大鹿村,ﾅｶﾞﾉｹﾝ,ｵｵｼｶﾑﾗ,FALSE,20,,
20422,長野県,上松町,ﾅｶﾞﾉｹﾝ,ｱｹﾞﾏﾂﾏﾁ,FALSE,20,,
20423,長野県,南木曽町,ﾅｶﾞﾉｹﾝ,ﾅｷﾞｿﾏﾁ,FALSE,20,,
20425,長野県,木祖村,ﾅｶﾞﾉｹﾝ,ｷｿﾑﾗ,FALSE,20,,
20429,長野県,王滝村,ﾅｶﾞﾉｹﾝ,ｵｳﾀｷﾑﾗ,FALSE,20,,
20430,長野県,大桑村,ﾅｶﾞﾉｹﾝ,ｵｵｸﾜﾑﾗ,FALSE,20,,
20432,長野県,木曽町,ﾅｶﾞﾉｹﾝ,ｷｿﾏﾁ,FALSE,20,,
20446,長野県,麻績村,ﾅｶﾞﾉｹﾝ,ｵﾐﾑﾗ,FALSE,20,,
20448,長野県,生坂村,ﾅｶﾞﾉｹﾝ,ｲｸｻｶﾑﾗ,FALSE,20,,
20450,長野県,山形村,ﾅｶﾞﾉｹﾝ,ﾔﾏｶﾞﾀﾑﾗ,FALSE,20,,
20451,長野県,朝日村,ﾅｶﾞﾉｹﾝ,ｱｻﾋﾑﾗ,FALSE,20,,
20452,長野県,筑北村,ﾅｶﾞﾉｹﾝ,ﾁｸﾎｸﾑﾗ,FALSE,20,,
20481,長野県,池田町,ﾅｶﾞﾉｹﾝ,ｲｹﾀﾞﾏﾁ,FALSE,20,,
20482,長野県,松川村,ﾅｶﾞﾉｹﾝ,ﾏﾂｶﾜﾑﾗ,FALSE,20,,
20485,長野県,白馬村,ﾅｶﾞﾉｹﾝ,ﾊｸﾊﾞﾑﾗ,FALSE,20,,
20486,長野県,小谷村,ﾅｶﾞﾉｹﾝ,ｵﾀﾘﾑﾗ,FALSE,20,,
20521,長野県,坂城町,ﾅｶﾞﾉｹﾝ,ｻｶｷﾏﾁ,FALSE,20,,
20541,長野県,小布施町,ﾅｶﾞﾉｹﾝ,ｵﾌﾞｾﾏﾁ,FALSE,20,,
20543,長野県,高山村,ﾅｶﾞﾉｹﾝ,ﾀｶﾔﾏﾑﾗ,FALSE,20,,
20561,長野県,山ノ内町,ﾅｶﾞﾉｹﾝ,ﾔﾏﾉｳﾁﾏﾁ,FALSE,20,,
20562,長野県,木島平村,ﾅｶﾞﾉｹﾝ,ｷｼﾞﾏﾀﾞｲﾗﾑﾗ,FALSE,20,,
20563,長野県,野沢温泉村,ﾅｶﾞﾉｹﾝ,ﾉｻﾞﾜｵﾝｾﾝﾑﾗ,FALSE,20,,
20583,長野県,信濃町,ﾅｶﾞﾉｹﾝ,ｼﾅﾉﾏﾁ,FALSE,20,,
20588,長野県,小川村,ﾅｶﾞﾉｹﾝ,ｵｶﾞﾜﾑﾗ,FALSE,20,,
20590,長野県,飯綱町,ﾅｶﾞﾉｹﾝ,ｲｲﾂﾞﾅﾏﾁ,FALSE,20,,
20602,長野県,栄村,ﾅｶﾞﾉｹﾝ,ｻｶｴﾑﾗ,FALSE,20,,
21000,岐阜県,,ｷﾞﾌｹﾝ,,TRUE,21,,
21201,岐阜県,岐阜市,ｷﾞﾌｹﾝ,ｷﾞﾌｼ,FALSE,21,近年の節目は2006年で、羽島郡柳津町を編入。1969年にも本巣郡本巣町（現・本巣市）大字外山の一部（伊洞地区）を編入。今の町並みにも、その選択の跡が残る。地域の歩みを今へ伝える節目だ。岐阜市の現在を読み解く手掛かりになっている。,岐阜提灯と美江寺まつりを目当てに訪ねたい。自然や町並みと一緒に楽しむことで、この自治体ならではの魅力がつながる。岐阜市らしい景観と暮らしを一度に感じやすい。現地を歩くと、自然と産業、食文化の結びつきが見えてくる。
21202,岐阜県,大垣市,ｷﾞﾌｹﾝ,ｵｵｶﾞｷｼ,FALSE,21,2006年、安八郡墨俣町、養老郡上石津町を編入。現在の区域をたどると、1967年には不破郡赤坂町を編入。積み重なった変化は、産業や文化の受け継がれ方にも表れている。現在の景観には、復興と地域づくりの歩みが静かに刻まれている。,金蝶園饅頭と山の溝祭りを目当てに訪ねたい。自然や町並みと一緒に楽しむことで、この自治体ならではの魅力がつながる。季節ごとの表情も楽しい。土地の個性がよく見える。大垣市らしい景観と暮らしを一度に感じやすい。
21203,岐阜県,高山市,ｷﾞﾌｹﾝ,ﾀｶﾔﾏｼ,FALSE,21,2005年に大野郡丹生川村・清見村・荘川村・宮村・久々野町・朝日村・高根村、吉城郡国府町・上宝村を編入。それ以前の1955年には大野郡大八賀村を編入。現在の景観には、復興と地域づくりの歩みが静かに刻まれている。,飛騨牛と高山祭が代表格。史跡や自然、祭り、土地の味を組み合わせて巡ると、町の輪郭が立体的に見えてくる。風景だけでなく、土地の味や手仕事まで合わせて楽しみたい。季節ごとの表情も楽しい。土地の個性がよく見える。
21204,岐阜県,多治見市,ｷﾞﾌｹﾝ,ﾀｼﾞﾐｼ,FALSE,21,近年の節目は2006年で、土岐郡 笠原町を編入。1960年にも可児郡 姫治村の(旧・大藪村、大針村、北小木村の区域と、旧・下切村の南部)を編入。区域や交通の変化が、今の市街地と暮らし方に重なっている。,美濃民芸陶器の里まつりと深山の森は、土地らしさを伝える好例。周辺の景観や食文化も合わせると、短い滞在でも特徴をつかみやすい。土地の個性がよく見える。多治見市らしい景観と暮らしを一度に感じやすい。季節ごとの表情も楽しい。
21205,岐阜県,関市,ｷﾞﾌｹﾝ,ｾｷｼ,FALSE,21,2005年、武儀郡の武芸川町・洞戸村・板取村・武儀町・上之保村を編入合併した。現在の区域をたどると、1956年には関市が南武芸村の一部を編入。積み重なった変化は、産業や文化の受け継がれ方にも表れている。,刃物と小瀬鵜飼を目当てに訪ねたい。自然や町並みと一緒に楽しむことで、この自治体ならではの魅力がつながる。風景だけでなく、土地の味や手仕事まで合わせて楽しみたい。季節ごとの表情も楽しい。土地の個性がよく見える。
21206,岐阜県,中津川市,ｷﾞﾌｹﾝ,ﾅｶﾂｶﾞﾜｼ,FALSE,21,2005年には恵那郡 坂下町・川上村・加子母村・付知町・福岡町・蛭川村、ならびに長野県木曽郡山口村を編入。さかのぼると、1968年には境界変更して、苗木字向並松の区域を恵那郡 福岡町に編入。今の町並みにも、その選択の跡が残る。,恵那栗に加え、中津川温泉クアリゾート湯舟沢もよく知られる。見る、歩く、味わうを組み合わせやすく、土地の個性に触れられる。現地を歩くと、自然と産業、食文化の結びつきが見えてくる。季節や時間帯を変えると、土地の魅力を別の角度から味わえる。
21207,岐阜県,美濃市,ｷﾞﾌｹﾝ,ﾐﾉｼ,FALSE,21,2004年に平成16年台風第23号が発生し、当市では長良川鉄道が不通になった。この出来事を軸に、戦後の区域整備や地域づくりが進んだ。現在の景観には、復興と地域づくりの歩みが静かに刻まれている。今の町並みにも、その選択の跡が残る。,仙寿菜と美濃市美濃町伝統的建造物群保存地区が代表格。史跡や自然、祭り、土地の味を組み合わせて巡ると、町の輪郭が立体的に見えてくる。土地の個性がよく見える。美濃市らしい景観と暮らしを一度に感じやすい。季節ごとの表情も楽しい。
21208,岐阜県,瑞浪市,ｷﾞﾌｹﾝ,ﾐｽﾞﾅﾐｼ,FALSE,21,1954年4月1日、瑞浪土岐町・稲津村・釜戸村・大湫村・日吉村と明世村の一部が合併し瑞浪市が発足。窯業と中山道の地域が結ばれた。現在の景観には、復興と地域づくりの歩みが静かに刻まれている。今の町並みにも、その選択の跡が残る。,鬼岩福おに祭りと小里城を目当てに訪ねたい。自然や町並みと一緒に楽しむことで、この自治体ならではの魅力がつながる。見学や散策を組み合わせれば、地域の個性を短時間でつかめる。風景だけでなく、土地の味や手仕事まで合わせて楽しみたい。
21209,岐阜県,羽島市,ｷﾞﾌｹﾝ,ﾊｼﾏｼ,FALSE,21,2025年には新濃尾大橋が開通。さかのぼると、2020年には長良川防災船着き場が完成。現在の景観には、復興と地域づくりの歩みが静かに刻まれている。今の町並みにも、その選択の跡が残る。地域の歩みを今へ伝える節目だ。,竹鼻祭りと永照寺が代表格。史跡や自然、祭り、土地の味を組み合わせて巡ると、町の輪郭が立体的に見えてくる。見学や散策を組み合わせれば、地域の個性を短時間でつかめる。風景だけでなく、土地の味や手仕事まで合わせて楽しみたい。
21210,岐阜県,恵那市,ｷﾞﾌｹﾝ,ｴﾅｼ,FALSE,21,2004年に恵那郡 山岡町・明智町・岩村町・串原村・上矢作町が新設合併し、改めて恵那市となる。この出来事を軸に、戦後の区域整備や地域づくりが進んだ。積み重なった変化は、産業や文化の受け継がれ方にも表れている。,栗きんとんと岩村町秋祭行事を目当てに訪ねたい。自然や町並みと一緒に楽しむことで、この自治体ならではの魅力がつながる。風景だけでなく、土地の味や手仕事まで合わせて楽しみたい。季節ごとの表情も楽しい。土地の個性がよく見える。
21211,岐阜県,美濃加茂市,ｷﾞﾌｹﾝ,ﾐﾉｶﾓｼ,FALSE,21,2005年には東海環状自動車道が開通。さかのぼると、1998年には国道41号名濃バイパス立体化が完成する。地域の歩みを今へ伝える節目だ。美濃加茂市の現在を読み解く手掛かりになっている。区域や交通の変化が、今の市街地と暮らし方に重なっている。,堂上蜂屋柿に加え、美濃加茂ハーフマラソンもよく知られる。見る、歩く、味わうを組み合わせやすく、土地の個性に触れられる。季節や時間帯を変えると、土地の魅力を別の角度から味わえる。見学や散策を組み合わせれば、地域の個性を短時間でつかめる。
21212,岐阜県,土岐市,ｷﾞﾌｹﾝ,ﾄｷｼ,FALSE,21,1957年に泉町定林寺字次月が可児郡 御嵩町に編入される。この出来事を軸に、戦後の区域整備や地域づくりが進んだ。古い出来事だけでなく、戦後の選択が町の輪郭を大きく整えた。積み重なった変化は、産業や文化の受け継がれ方にも表れている。,土岐美濃焼まつりと織部ヒルズが代表格。史跡や自然、祭り、土地の味を組み合わせて巡ると、町の輪郭が立体的に見えてくる。現地を歩くと、自然と産業、食文化の結びつきが見えてくる。季節や時間帯を変えると、土地の魅力を別の角度から味わえる。
21213,岐阜県,各務原市,ｷﾞﾌｹﾝ,ｶｶﾐｶﾞﾊﾗｼ,FALSE,21,近年の節目は2023年で、市役所新庁舎低層棟が完成し、新庁舎が全面オープン。1958年にも芥見村が岐阜市に編入される。今の町並みにも、その選択の跡が残る。地域の歩みを今へ伝える節目だ。各務原市の現在を読み解く手掛かりになっている。,各務原にんじんと桜まつり20万人の広場は、土地らしさを伝える好例。周辺の景観や食文化も合わせると、短い滞在でも特徴をつかみやすい。季節や時間帯を変えると、土地の魅力を別の角度から味わえる。季節ごとの表情も楽しい。
21214,岐阜県,可児市,ｷﾞﾌｹﾝ,ｶﾆｼ,FALSE,21,2008年には多文化共生センターフレビアが開館。さかのぼると、1960年には姫治村の一部を分村合併（4月1日）。区域や交通の変化が、今の市街地と暮らし方に重なっている。古い出来事だけでなく、戦後の選択が町の輪郭を大きく整えた。,サトイモと可児夏祭りが代表格。史跡や自然、祭り、土地の味を組み合わせて巡ると、町の輪郭が立体的に見えてくる。見学や散策を組み合わせれば、地域の個性を短時間でつかめる。風景だけでなく、土地の味や手仕事まで合わせて楽しみたい。
21215,岐阜県,山県市,ｷﾞﾌｹﾝ,ﾔﾏｶﾞﾀｼ,FALSE,21,2003年4月1日、高富町・伊自良村・美山町の合併で山県市が発足。岐阜市近郊の市街地と山間の集落を一つに結び、現在の地域構成が生まれた。今の町並みにも、その選択の跡が残る。地域の歩みを今へ伝える節目だ。,美山バルバリーと山県市ふるさと栗まつりが代表格。史跡や自然、祭り、土地の味を組み合わせて巡ると、町の輪郭が立体的に見えてくる。風景だけでなく、土地の味や手仕事まで合わせて楽しみたい。季節ごとの表情も楽しい。
21216,岐阜県,瑞穂市,ｷﾞﾌｹﾝ,ﾐｽﾞﾎｼ,FALSE,21,1957年に巣南村大字宝江を穂積町に編入する。この出来事を軸に、戦後の区域整備や地域づくりが進んだ。今の町並みにも、その選択の跡が残る。地域の歩みを今へ伝える節目だ。瑞穂市の現在を読み解く手掛かりになっている。,富有柿と美江寺宿場祭りを目当てに訪ねたい。自然や町並みと一緒に楽しむことで、この自治体ならではの魅力がつながる。風景だけでなく、土地の味や手仕事まで合わせて楽しみたい。季節ごとの表情も楽しい。土地の個性がよく見える。
21217,岐阜県,飛騨市,ｷﾞﾌｹﾝ,ﾋﾀﾞｼ,FALSE,21,2004年に吉城郡古川町・神岡町・河合村・宮川村が新設合併して発足。この出来事を軸に、戦後の区域整備や地域づくりが進んだ。区域や交通の変化が、今の市街地と暮らし方に重なっている。古い出来事だけでなく、戦後の選択が町の輪郭を大きく整えた。,清酒と古川祭が代表格。史跡や自然、祭り、土地の味を組み合わせて巡ると、町の輪郭が立体的に見えてくる。風景だけでなく、土地の味や手仕事まで合わせて楽しみたい。季節ごとの表情も楽しい。土地の個性がよく見える。
21218,岐阜県,本巣市,ｷﾞﾌｹﾝ,ﾓﾄｽｼ,FALSE,21,2004年2月1日、本巣町・真正町・糸貫町・根尾村の合併で本巣市が発足。濃尾平野から能郷白山へ延びる多様な地域を一つの市域に結んだ。古い出来事だけでなく、戦後の選択が町の輪郭を大きく整えた。今の町並みにも、その選択の跡が残る。,富有柿と真桑人形浄瑠璃が代表格。史跡や自然、祭り、土地の味を組み合わせて巡ると、町の輪郭が立体的に見えてくる。本巣市らしい景観と暮らしを一度に感じやすい。現地を歩くと、自然と産業、食文化の結びつきが見えてくる。
21219,岐阜県,郡上市,ｷﾞﾌｹﾝ,ｸﾞｼﾞｮｳｼ,FALSE,21,2004年3月1日、郡上郡の7町村が合併して郡上市が発足。八幡の城下町、白鳥・高鷲の山岳地域など、異なる生活圏を一つの市域に結んだ。今の町並みにも、その選択の跡が残る。地域の歩みを今へ伝える節目だ。今の町にも歩みが息づく。,食品サンプルと長滝の延年が代表格。史跡や自然、祭り、土地の味を組み合わせて巡ると、町の輪郭が立体的に見えてくる。郡上市らしい景観と暮らしを一度に感じやすい。現地を歩くと、自然と産業、食文化の結びつきが見えてくる。
21220,岐阜県,下呂市,ｷﾞﾌｹﾝ,ｹﾞﾛｼ,FALSE,21,2004年3月1日、益田郡の萩原町・小坂町・下呂町・金山町・馬瀬村が合併して下呂市が発足。温泉地と山村、街道沿いの町が一つになった。積み重なった変化は、産業や文化の受け継がれ方にも表れている。今の町並みにも、その選択の跡が残る。,一位一刀彫と下呂温泉まつりが代表格。史跡や自然、祭り、土地の味を組み合わせて巡ると、町の輪郭が立体的に見えてくる。下呂市らしい景観と暮らしを一度に感じやすい。現地を歩くと、自然と産業、食文化の結びつきが見えてくる。
21221,岐阜県,海津市,ｷﾞﾌｹﾝ,ｶｲﾂﾞｼ,FALSE,21,2005年に海津郡の3町、海津町、平田町、南濃町が合併、海津市を設置。この出来事を軸に、戦後の区域整備や地域づくりが進んだ。海津市の現在を読み解く手掛かりになっている。区域や交通の変化が、今の市街地と暮らし方に重なっている。,今尾の左義長と国営木曽三川公園を目当てに訪ねたい。自然や町並みと一緒に楽しむことで、この自治体ならではの魅力がつながる。土地の個性がよく見える。海津市らしい景観と暮らしを一度に感じやすい。季節ごとの表情も楽しい。
21302,岐阜県,岐南町,ｷﾞﾌｹﾝ,ｷﾞﾅﾝﾁｮｳ,FALSE,21,今の町の姿は、戦後に進んだ町村の再編と産業構造の変化から生まれた。異なる地域の暮らしが岐南町へ結び直された。今の町並みにも、その選択の跡が残る。地域の歩みを今へ伝える節目だ。岐南町の現在を読み解く手掛かりになっている。,よく知られる伏屋の獅子芝居、地域に根づく岐南町歴史民俗資料館が印象的。観光だけで終わらず、暮らしや文化の背景まで感じ取れる。土地の個性がよく見える。岐南町らしい景観と暮らしを一度に感じやすい。季節ごとの表情も楽しい。
21303,岐阜県,笠松町,ｷﾞﾌｹﾝ,ｶｻﾏﾂﾁｮｳ,FALSE,21,1955年、下羽栗村を編入。この出来事が、現在の自治体像につながる大きな節目となった。今の町並みにも、その選択の跡が残る。地域の歩みを今へ伝える節目だ。笠松町の現在を読み解く手掛かりになっている。今の町にも歩みが息づく。,土地の顔として外せないのが芭蕉踊と八幡神社。景観と文化を続けてたどれば、この地域らしい暮らしまで見えてくる。風景だけでなく、土地の味や手仕事まで合わせて楽しみたい。季節ごとの表情も楽しい。土地の個性がよく見える。
21341,岐阜県,養老町,ｷﾞﾌｹﾝ,ﾖｳﾛｳﾁｮｳ,FALSE,21,今の町の姿は、戦後に進んだ町村の再編と産業構造の変化から生まれた。異なる地域の暮らしが養老町へ結び直された。古い出来事だけでなく、戦後の選択が町の輪郭を大きく整えた。積み重なった変化は、産業や文化の受け継がれ方にも表れている。,よく知られる養老の滝、地域に根づく養老天命反転地が印象的。観光だけで終わらず、暮らしや文化の背景まで感じ取れる。季節ごとの表情も楽しい。土地の個性がよく見える。養老町らしい景観と暮らしを一度に感じやすい。
21361,岐阜県,垂井町,ｷﾞﾌｹﾝ,ﾀﾙｲﾁｮｳ,FALSE,21,今の町の姿は、戦後に進んだ町村の再編と産業構造の変化から生まれた。異なる地域の暮らしが垂井町へ結び直された。古い出来事だけでなく、戦後の選択が町の輪郭を大きく整えた。積み重なった変化は、産業や文化の受け継がれ方にも表れている。,よく知られるはちみつ、地域に根づく桜まつりが印象的。観光だけで終わらず、暮らしや文化の背景まで感じ取れる。見学や散策を組み合わせれば、地域の個性を短時間でつかめる。風景だけでなく、土地の味や手仕事まで合わせて楽しみたい。
21362,岐阜県,関ケ原町,ｷﾞﾌｹﾝ,ｾｷｶﾞﾊﾗﾁｮｳ,FALSE,21,2007年に町役場の庁舎が移転。この出来事を軸に、戦後の区域整備や地域づくりが進んだ。古い出来事だけでなく、戦後の選択が町の輪郭を大きく整えた。積み重なった変化は、産業や文化の受け継がれ方にも表れている。,東海自然歩道と関ヶ原古戦場跡を目当てに訪ねたい。自然や町並みと一緒に楽しむことで、この自治体ならではの魅力がつながる。季節や時間帯を変えると、土地の魅力を別の角度から味わえる。見学や散策を組み合わせれば、地域の個性を短時間でつかめる。
21381,岐阜県,神戸町,ｷﾞﾌｹﾝ,ｺﾞｳﾄﾞﾁｮｳ,FALSE,21,1960年、大野町（旧揖斐郡川合村）西座倉を編入。現在の区域をたどると、1954年には下宮村、南平野村と新設合併（南平野村青木・草道島は赤坂町、現大垣市へ）。地域の歩みを今へ伝える節目だ。神戸町の現在を読み解く手掛かりになっている。,土地の顔として外せないのが日吉神社と善学院。景観と文化を続けてたどれば、この地域らしい暮らしまで見えてくる。季節や時間帯を変えると、土地の魅力を別の角度から味わえる。見学や散策を組み合わせれば、地域の個性を短時間でつかめる。
21382,岐阜県,輪之内町,ｷﾞﾌｹﾝ,ﾜﾉｳﾁﾁｮｳ,FALSE,21,1954年に安八郡大薮町・仁木村・福束村が合併し、輪之内町が発足。この出来事を軸に、戦後の区域整備や地域づくりが進んだ。現在の景観には、復興と地域づくりの歩みが静かに刻まれている。今の町並みにも、その選択の跡が残る。,大薮洗堰跡と輪之内ふれあいフェスタを目当てに訪ねたい。自然や町並みと一緒に楽しむことで、この自治体ならではの魅力がつながる。季節ごとの表情も楽しい。土地の個性がよく見える。輪之内町らしい景観と暮らしを一度に感じやすい。
21383,岐阜県,安八町,ｷﾞﾌｹﾝ,ｱﾝﾊﾟﾁﾁｮｳ,FALSE,21,1960年、八町となる。この出来事が、現在の自治体像につながる大きな節目となった。現在の景観には、復興と地域づくりの歩みが静かに刻まれている。今の町並みにも、その選択の跡が残る。地域の歩みを今へ伝える節目だ。,土地の顔として外せないのがほうれん草うどんと美濃路。景観と文化を続けてたどれば、この地域らしい暮らしまで見えてくる。土地の個性がよく見える。安八町らしい景観と暮らしを一度に感じやすい。現地を歩くと、自然と産業、食文化の結びつきが見えてくる。
21401,岐阜県,揖斐川町,ｷﾞﾌｹﾝ,ｲﾋﾞｶﾞﾜﾁｮｳ,FALSE,21,今の町の姿は、戦後に進んだ町村の再編と産業構造の変化から生まれた。異なる地域の暮らしが揖斐川町へ結び直された。揖斐川町の現在を読み解く手掛かりになっている。区域や交通の変化が、今の市街地と暮らし方に重なっている。,いびがわマラソンと揖斐峡が代表格。史跡や自然、祭り、土地の味を組み合わせて巡ると、町の輪郭が立体的に見えてくる。風景だけでなく、土地の味や手仕事まで合わせて楽しみたい。季節ごとの表情も楽しい。土地の個性がよく見える。
21403,岐阜県,大野町,ｷﾞﾌｹﾝ,ｵｵﾉﾁｮｳ,FALSE,21,1960年に川合村を編入する。それ以前の1954年には大野町、西郡村、豊木村、富秋村が合併して改めて大野町が発足。区域や交通の変化が、今の市街地と暮らし方に重なっている。古い出来事だけでなく、戦後の選択が町の輪郭を大きく整えた。,よく知られる大谷スカイライン、地域に根づく野古墳群が印象的。観光だけで終わらず、暮らしや文化の背景まで感じ取れる。季節ごとの表情も楽しい。土地の個性がよく見える。大野町らしい景観と暮らしを一度に感じやすい。
21404,岐阜県,池田町,ｷﾞﾌｹﾝ,ｲｹﾀﾞﾁｮｳ,FALSE,21,戦後の合併や市街地の広がりを経て、池田町の行政区域が形づくられた。交通と産業の移り変わりも、町の個性を大きく育てた。地域の歩みを今へ伝える節目だ。池田町の現在を読み解く手掛かりになっている。今の町並みにも、その選択の跡が残る。,土地の顔として外せないのが池田山と池田温泉。景観と文化を続けてたどれば、この地域らしい暮らしまで見えてくる。見学や散策を組み合わせれば、地域の個性を短時間でつかめる。風景だけでなく、土地の味や手仕事まで合わせて楽しみたい。
21421,岐阜県,北方町,ｷﾞﾌｹﾝ,ｷﾀｶﾞﾀﾁｮｳ,FALSE,21,近年の節目は1989年で、北方町制施行100周年記念式典を開催。1956年にも席田村の加茂、芝原両地区が北方町と合併する。積み重なった変化は、産業や文化の受け継がれ方にも表れている。今の町並みにも、その選択の跡が残る。,土地の顔として外せないのが3月と円鏡寺。景観と文化を続けてたどれば、この地域らしい暮らしまで見えてくる。見学や散策を組み合わせれば、地域の個性を短時間でつかめる。風景だけでなく、土地の味や手仕事まで合わせて楽しみたい。
21501,岐阜県,坂祝町,ｷﾞﾌｹﾝ,ｻｶﾎｷﾞﾁｮｳ,FALSE,21,1998年にはロマンチック街道が完成する。さかのぼると、1950年には深田の一部（現在の美濃加茂市深田町）を太田町に編入。古い出来事だけでなく、戦後の選択が町の輪郭を大きく整えた。積み重なった変化は、産業や文化の受け継がれ方にも表れている。,よく知られるトマト、地域に根づく深萱十二社神社祭りが印象的。観光だけで終わらず、暮らしや文化の背景まで感じ取れる。現地を歩くと、自然と産業、食文化の結びつきが見えてくる。季節や時間帯を変えると、土地の魅力を別の角度から味わえる。
21502,岐阜県,富加町,ｷﾞﾌｹﾝ,ﾄﾐｶﾁｮｳ,FALSE,21,近年の節目は1954年で、富田村と加治田村が合併して富加村が発足する。1949年にも富岡村から大平賀が分離して富田村に編入される。今の町並みにも、その選択の跡が残る。地域の歩みを今へ伝える節目だ。富加町の現在を読み解く手掛かりになっている。,土地の顔として外せないのが古代米と半布里。景観と文化を続けてたどれば、この地域らしい暮らしまで見えてくる。季節ごとの表情も楽しい。土地の個性がよく見える。富加町らしい景観と暮らしを一度に感じやすい。今も土地の魅力を伝える。
21503,岐阜県,川辺町,ｷﾞﾌｹﾝ,ｶﾜﾍﾞﾁｮｳ,FALSE,21,1956年、下麻生町の下麻生地区を編入。この出来事が、現在の自治体像につながる大きな節目となった。現在の景観には、復興と地域づくりの歩みが静かに刻まれている。今の町並みにも、その選択の跡が残る。地域の歩みを今へ伝える節目だ。,よく知られる川辺おどり、地域に根づく太部神社が印象的。観光だけで終わらず、暮らしや文化の背景まで感じ取れる。風景だけでなく、土地の味や手仕事まで合わせて楽しみたい。季節ごとの表情も楽しい。土地の個性がよく見える。
21504,岐阜県,七宗町,ｷﾞﾌｹﾝ,ﾋﾁｿｳﾁｮｳ,FALSE,21,1971年、町制施行により七宗町となる。現在の区域をたどると、1956年には下麻生町の一部（中麻生）を編入する（下麻生町の残りは川辺町へ編入）。地域の歩みを今へ伝える節目だ。七宗町の現在を読み解く手掛かりになっている。,土地の顔として外せないのが飛水峡と日本最古の石博物館。景観と文化を続けてたどれば、この地域らしい暮らしまで見えてくる。土地の個性がよく見える。七宗町らしい景観と暮らしを一度に感じやすい。季節ごとの表情も楽しい。
21505,岐阜県,八百津町,ｷﾞﾌｹﾝ,ﾔｵﾂﾁｮｳ,FALSE,21,1956年に潮南村、福地村、久田見村を編入合併する。この出来事を軸に、戦後の区域整備や地域づくりが進んだ。今の町並みにも、その選択の跡が残る。地域の歩みを今へ伝える節目だ。八百津町の現在を読み解く手掛かりになっている。,大舩神社と熊野神社を目当てに訪ねたい。自然や町並みと一緒に楽しむことで、この自治体ならではの魅力がつながる。季節や時間帯を変えると、土地の魅力を別の角度から味わえる。見学や散策を組み合わせれば、地域の個性を短時間でつかめる。
21506,岐阜県,白川町,ｷﾞﾌｹﾝ,ｼﾗｶﾜﾁｮｳ,FALSE,21,2026年、町役場が移転。現在の区域をたどると、1956年には白川町が黒川村、佐見村、蘇原村を合併し、新たに白川町が発足する。白川町の現在を読み解く手掛かりになっている。区域や交通の変化が、今の市街地と暮らし方に重なっている。,土地の顔として外せないのがラム肉祭りと金懸城。景観と文化を続けてたどれば、この地域らしい暮らしまで見えてくる。季節ごとの表情も楽しい。土地の個性がよく見える。白川町らしい景観と暮らしを一度に感じやすい。
21507,岐阜県,東白川村,ｷﾞﾌｹﾝ,ﾋｶﾞｼｼﾗｶﾜﾑﾗ,FALSE,21,戦後の区域再編と交通網の整備を重ね、東白川村の輪郭が整った。旧来の集落ごとの文化は、現在の地域づくりにも残っている。区域や交通の変化が、今の市街地と暮らし方に重なっている。古い出来事だけでなく、戦後の選択が町の輪郭を大きく整えた。,白川茶と神田神社を目当てに訪ねたい。自然や町並みと一緒に楽しむことで、この自治体ならではの魅力がつながる。見学や散策を組み合わせれば、地域の個性を短時間でつかめる。風景だけでなく、土地の味や手仕事まで合わせて楽しみたい。
21521,岐阜県,御嵩町,ｷﾞﾌｹﾝ,ﾐﾀｹﾁｮｳ,FALSE,21,1985年、御嵩警察署が可児市へ移転。現在の区域をたどると、1957年には土岐市の一部（泉町定林寺字次月）を編入。御嵩町の現在を読み解く手掛かりになっている。区域や交通の変化が、今の市街地と暮らし方に重なっている。,土地の顔として外せないのが顔戸八幡神社祭礼と鬼岩公園。景観と文化を続けてたどれば、この地域らしい暮らしまで見えてくる。季節や時間帯を変えると、土地の魅力を別の角度から味わえる。見学や散策を組み合わせれば、地域の個性を短時間でつかめる。
21604,岐阜県,白川村,ｷﾞﾌｹﾝ,ｼﾗｶﾜﾑﾗ,FALSE,21,現在の行政区域は、戦後の町村合併や交通・産業の変化を重ねながら形づくられた。地域ごとの文化も白川村の地域づくりへ受け継がれた。地域の歩みを今へ伝える節目だ。白川村の現在を読み解く手掛かりになっている。,よく知られるどぶろく、地域に根づく観光地化による影響が印象的。観光だけで終わらず、暮らしや文化の背景まで感じ取れる。見学や散策を組み合わせれば、地域の個性を短時間でつかめる。風景だけでなく、土地の味や手仕事まで合わせて楽しみたい。
22000,静岡県,,ｼｽﾞｵｶｹﾝ,,TRUE,22,,
22100,静岡県,静岡市,ｼｽﾞｵｶｹﾝ,ｼｽﾞｵｶｼ,FALSE,22,2016年、葵区七間町に静岡市上下水道局庁舎が完成し上下水道局が清水庁舎より移転。現在の区域をたどると、2008年には庵原郡由比町を編入。古い出来事だけでなく、戦後の選択が町の輪郭を大きく整えた。今の町並みにも、その選択の跡が残る。,静岡茶と久能山東照宮を目当てに訪ねたい。自然や町並みと一緒に楽しむことで、この自治体ならではの魅力がつながる。現地を歩くと、自然と産業、食文化の結びつきが見えてくる。季節や時間帯を変えると、土地の魅力を別の角度から味わえる。
22101,静岡県,静岡市葵区,ｼｽﾞｵｶｹﾝ,ｼｽﾞｵｶｼｱｵｲｸ,FALSE,22,2005年4月1日、静岡市の政令指定都市移行に合わせて葵区が発足。中心市街地から南アルプスまでを含む現在の区域が形づくられた。区域や交通の変化が、今の市街地と暮らし方に重なっている。古い出来事だけでなく、戦後の選択が町の輪郭を大きく整えた。,よく知られる駿府城公園、地域に根づく静岡浅間神社が印象的。観光だけで終わらず、暮らしや文化の背景まで感じ取れる。見学や散策を組み合わせれば、地域の個性を短時間でつかめる。風景だけでなく、土地の味や手仕事まで合わせて楽しみたい。
22102,静岡県,静岡市駿河区,ｼｽﾞｵｶｹﾝ,ｼｽﾞｵｶｼｽﾙｶﾞｸ,FALSE,22,2005年4月1日、静岡市の政令指定都市移行に合わせて駿河区が発足。住宅地、大学、美術館が集まる現在の区域が形づくられた。区域や交通の変化が、今の市街地と暮らし方に重なっている。古い出来事だけでなく、戦後の選択が町の輪郭を大きく整えた。,日本平と登呂遺跡を目当てに訪ねたい。自然や町並みと一緒に楽しむことで、この自治体ならではの魅力がつながる。季節や時間帯を変えると、土地の魅力を別の角度から味わえる。見学や散策を組み合わせれば、地域の個性を短時間でつかめる。
22103,静岡県,静岡市清水区,ｼｽﾞｵｶｹﾝ,ｼｽﾞｵｶｼｼﾐｽﾞｸ,FALSE,22,2022年の台風15号では大規模な断水が起き、復旧と水道施設の強靱化が地域課題となった。2005年には政令指定都市移行で清水区が発足した。今の町並みにも、その選択の跡が残る。地域の歩みを今へ伝える節目だ。,三保松原と清水港が代表格。史跡や自然、祭り、土地の味を組み合わせて巡ると、町の輪郭が立体的に見えてくる。静岡市清水区らしい景観と暮らしを一度に感じやすい。現地を歩くと、自然と産業、食文化の結びつきが見えてくる。
22130,静岡県,浜松市,ｼｽﾞｵｶｹﾝ,ﾊﾏﾏﾂｼ,FALSE,22,2024年1月1日、行政区を7区から中央区・浜名区・天竜区の3区へ再編。2005年の12市町村編入で広がった市域を、地域特性に合わせて組み直した。浜松市の現在を読み解く手掛かりになっている。今の町並みにも、その選択の跡が残る。,浜松餃子と浜名湖を目当てに訪ねたい。自然や町並みと一緒に楽しむことで、この自治体ならではの魅力がつながる。見学や散策を組み合わせれば、地域の個性を短時間でつかめる。風景だけでなく、土地の味や手仕事まで合わせて楽しみたい。
22138,静岡県,浜松市中央区,ｼｽﾞｵｶｹﾝ,ﾊﾏﾏﾂｼﾁｭｳｵｳｸ,FALSE,22,2024年1月1日の浜松市行政区再編で中央区が発足。旧中・東・西・南区と北区三方原地区を結び、都心から浜名湖岸までを含む区域となった。古い出来事だけでなく、戦後の選択が町の輪郭を大きく整えた。今の町並みにも、その選択の跡が残る。,よく知られる浜松城、地域に根づく浜松市楽器博物館が印象的。観光だけで終わらず、暮らしや文化の背景まで感じ取れる。浜松市中央区らしい景観と暮らしを一度に感じやすい。現地を歩くと、自然と産業、食文化の結びつきが見えてくる。
22139,静岡県,浜松市浜名区,ｼｽﾞｵｶｹﾝ,ﾊﾏﾏﾂｼﾊﾏﾅｸ,FALSE,22,2024年1月1日の浜松市行政区再編で浜名区が発足。旧浜北区と、三方原地区を除く旧北区を結び、奥浜名湖から市北部を担う区域となった。現在の景観には、復興と地域づくりの歩みが静かに刻まれている。今の町並みにも、その選択の跡が残る。,よく知られる竜ヶ岩洞、地域に根づく気賀関所が印象的。観光だけで終わらず、暮らしや文化の背景まで感じ取れる。見学や散策を組み合わせれば、地域の個性を短時間でつかめる。風景だけでなく、土地の味や手仕事まで合わせて楽しみたい。
22140,静岡県,浜松市天竜区,ｼｽﾞｵｶｹﾝ,ﾊﾏﾏﾂｼﾃﾝﾘｭｳｸ,FALSE,22,2024年1月1日に浜松市の行政区が7区から3区へ再編。天竜区は区域を変えずに存続し、2005年に編入された山間地域のまとまりを受け継いだ。積み重なった変化は、産業や文化の受け継がれ方にも表れている。,よく知られる秋葉山本宮秋葉神社、地域に根づく天竜浜名湖鉄道が印象的。観光だけで終わらず、暮らしや文化の背景まで感じ取れる。現地を歩くと、自然と産業、食文化の結びつきが見えてくる。季節や時間帯を変えると、土地の魅力を別の角度から味わえる。
22203,静岡県,沼津市,ｼｽﾞｵｶｹﾝ,ﾇﾏﾂﾞｼ,FALSE,22,現在の行政区域は、戦後の町村合併や交通・産業の変化を重ねながら形づくられた。地域ごとの文化も沼津市の地域づくりへ受け継がれた。今の町並みにも、その選択の跡が残る。地域の歩みを今へ伝える節目だ。沼津市の現在を読み解く手掛かりになっている。,沼津港と千本松原が代表格。史跡や自然、祭り、土地の味を組み合わせて巡ると、町の輪郭が立体的に見えてくる。土地の個性がよく見える。沼津市らしい景観と暮らしを一度に感じやすい。現地を歩くと、自然と産業、食文化の結びつきが見えてくる。
22205,静岡県,熱海市,ｼｽﾞｵｶｹﾝ,ｱﾀﾐｼ,FALSE,22,近年の節目は2016年で、熱海駅ビル「ラスカ熱海」開業。2000年にもマリンスパあたみ開業。区域や交通の変化が、今の市街地と暮らし方に重なっている。古い出来事だけでなく、戦後の選択が町の輪郭を大きく整えた。,熱海温泉とMOA美術館を目当てに訪ねたい。自然や町並みと一緒に楽しむことで、この自治体ならではの魅力がつながる。熱海市らしい景観と暮らしを一度に感じやすい。現地を歩くと、自然と産業、食文化の結びつきが見えてくる。
22206,静岡県,三島市,ｼｽﾞｵｶｹﾝ,ﾐｼﾏｼ,FALSE,22,2014年には函南塚本ICが開通。さかのぼると、2009年には三島塚原ICが開通。積み重なった変化は、産業や文化の受け継がれ方にも表れている。現在の景観には、復興と地域づくりの歩みが静かに刻まれている。,三嶋大社と三島スカイウォークが代表格。史跡や自然、祭り、土地の味を組み合わせて巡ると、町の輪郭が立体的に見えてくる。土地の個性がよく見える。三島市らしい景観と暮らしを一度に感じやすい。現地を歩くと、自然と産業、食文化の結びつきが見えてくる。
22207,静岡県,富士宮市,ｼｽﾞｵｶｹﾝ,ﾌｼﾞﾉﾐﾔｼ,FALSE,22,2010年に富士郡芝川町を編入。それ以前の1958年には北山村、上井出村、白糸村、上野村を編入。地域の歩みを今へ伝える節目だ。富士宮市の現在を読み解く手掛かりになっている。区域や交通の変化が、今の市街地と暮らし方に重なっている。,富士山本宮浅間大社に加え、富士宮やきそばもよく知られる。見る、歩く、味わうを組み合わせやすく、土地の個性に触れられる。土地の個性がよく見える。富士宮市らしい景観と暮らしを一度に感じやすい。季節ごとの表情も楽しい。
22208,静岡県,伊東市,ｼｽﾞｵｶｹﾝ,ｲﾄｳｼ,FALSE,22,1955年には対島村、宇佐美村が伊東市に編入される。さかのぼると、1947年には伊東町および小室村が合併して市制を施行し、伊東市になる。地域の歩みを今へ伝える節目だ。伊東市の現在を読み解く手掛かりになっている。,伊東温泉と城ヶ崎海岸が代表格。史跡や自然、祭り、土地の味を組み合わせて巡ると、町の輪郭が立体的に見えてくる。土地の個性がよく見える。伊東市らしい景観と暮らしを一度に感じやすい。現地を歩くと、自然と産業、食文化の結びつきが見えてくる。
22209,静岡県,島田市,ｼｽﾞｵｶｹﾝ,ｼﾏﾀﾞｼ,FALSE,22,戦後の区域再編と交通網の整備を重ね、島田市の輪郭が整った。旧来の集落ごとの文化は、現在の地域づくりにも残っている。現在の景観には、復興と地域づくりの歩みが静かに刻まれている。今の町並みにも、その選択の跡が残る。,蓬萊橋と島田髷まつりを目当てに訪ねたい。自然や町並みと一緒に楽しむことで、この自治体ならではの魅力がつながる。現地を歩くと、自然と産業、食文化の結びつきが見えてくる。季節や時間帯を変えると、土地の魅力を別の角度から味わえる。
22210,静岡県,富士市,ｼｽﾞｵｶｹﾝ,ﾌｼﾞｼ,FALSE,22,2012年には新東名高速道路開通。さかのぼると、1966年には（旧）富士市・吉原市・鷹岡町が合併（新設合併）し、新たに富士市となる。古い出来事だけでなく、戦後の選択が町の輪郭を大きく整えた。今の町並みにも、その選択の跡が残る。,富士山と田子の浦が代表格。史跡や自然、祭り、土地の味を組み合わせて巡ると、町の輪郭が立体的に見えてくる。現地を歩くと、自然と産業、食文化の結びつきが見えてくる。季節や時間帯を変えると、土地の魅力を別の角度から味わえる。
22211,静岡県,磐田市,ｼｽﾞｵｶｹﾝ,ｲﾜﾀｼ,FALSE,22,近年の節目は2005年で、（旧）磐田市、磐田郡豊田町・竜洋町・福田町・豊岡村と合併し、改めて磐田市が発足。1957年にも磐田郡於保村の一部（浜部・下、大原の一部）を編入。磐田市の現在を読み解く手掛かりになっている。,熊野の長藤まつりと医王寺を目当てに訪ねたい。自然や町並みと一緒に楽しむことで、この自治体ならではの魅力がつながる。季節や時間帯を変えると、土地の魅力を別の角度から味わえる。見学や散策を組み合わせれば、地域の個性を短時間でつかめる。
22212,静岡県,焼津市,ｼｽﾞｵｶｹﾝ,ﾔｲﾂﾞｼ,FALSE,22,"1970年に45℃、収容能力2,000t）が完成する。この出来事を軸に、戦後の区域整備や地域づくりが進んだ。積み重なった変化は、産業や文化の受け継がれ方にも表れている。現在の景観には、復興と地域づくりの歩みが静かに刻まれている。",焼津さかなセンターとカツオが代表格。史跡や自然、祭り、土地の味を組み合わせて巡ると、町の輪郭が立体的に見えてくる。季節や時間帯を変えると、土地の魅力を別の角度から味わえる。見学や散策を組み合わせれば、地域の個性を短時間でつかめる。
22213,静岡県,掛川市,ｼｽﾞｵｶｹﾝ,ｶｹｶﾞﾜｼ,FALSE,22,戦後の合併や市街地の広がりを経て、掛川市の行政区域が形づくられた。交通と産業の移り変わりも、町の個性を大きく育てた。今の町並みにも、その選択の跡が残る。地域の歩みを今へ伝える節目だ。掛川市の現在を読み解く手掛かりになっている。,掛川城と掛川花鳥園を目当てに訪ねたい。自然や町並みと一緒に楽しむことで、この自治体ならではの魅力がつながる。掛川市らしい景観と暮らしを一度に感じやすい。現地を歩くと、自然と産業、食文化の結びつきが見えてくる。
22214,静岡県,藤枝市,ｼｽﾞｵｶｹﾝ,ﾌｼﾞｴﾀﾞｼ,FALSE,22,1954年に覚寺上及び大覚寺下地区を除く）、葉梨村、稲葉村、青島町、大洲村、高洲村が合併し、藤枝市として市制を施行する（藤枝町の大覚寺上及び大覚寺下地区は焼津市へ編入）。この出来事を軸に、戦後の区域整備や地域づくりが進んだ。,サッカーと蓮華寺池公園が代表格。史跡や自然、祭り、土地の味を組み合わせて巡ると、町の輪郭が立体的に見えてくる。季節ごとの表情も楽しい。土地の個性がよく見える。藤枝市らしい景観と暮らしを一度に感じやすい。
22215,静岡県,御殿場市,ｼｽﾞｵｶｹﾝ,ｺﾞﾃﾝﾊﾞｼ,FALSE,22,戦後の合併や市街地の広がりを経て、御殿場市の行政区域が形づくられた。交通と産業の移り変わりも、町の個性を大きく育てた。区域や交通の変化が、今の市街地と暮らし方に重なっている。古い出来事だけでなく、戦後の選択が町の輪郭を大きく整えた。,富士山と御殿場プレミアム・アウトレットは、土地らしさを伝える好例。周辺の景観や食文化も合わせると、短い滞在でも特徴をつかみやすい。風景だけでなく、土地の味や手仕事まで合わせて楽しみたい。季節ごとの表情も楽しい。
22216,静岡県,袋井市,ｼｽﾞｵｶｹﾝ,ﾌｸﾛｲｼ,FALSE,22,近年の節目は2005年で、袋井市、浅羽町が合併し、改めて袋井市が発足。1963年にも周智郡山梨町と合併。地域の歩みを今へ伝える節目だ。袋井市の現在を読み解く手掛かりになっている。区域や交通の変化が、今の市街地と暮らし方に重なっている。,法多山尊永寺とエコパスタジアムを目当てに訪ねたい。自然や町並みと一緒に楽しむことで、この自治体ならではの魅力がつながる。土地の個性がよく見える。袋井市らしい景観と暮らしを一度に感じやすい。季節ごとの表情も楽しい。
22219,静岡県,下田市,ｼｽﾞｵｶｹﾝ,ｼﾓﾀﾞｼ,FALSE,22,1972年には造船、下田造船が合併。さかのぼると、1967年には水族館開業。地域の歩みを今へ伝える節目だ。下田市の現在を読み解く手掛かりになっている。区域や交通の変化が、今の市街地と暮らし方に重なっている。,ペリーロードと下田海中水族館が代表格。史跡や自然、祭り、土地の味を組み合わせて巡ると、町の輪郭が立体的に見えてくる。見学や散策を組み合わせれば、地域の個性を短時間でつかめる。風景だけでなく、土地の味や手仕事まで合わせて楽しみたい。
22220,静岡県,裾野市,ｼｽﾞｵｶｹﾝ,ｽｿﾉｼ,FALSE,22,戦後の合併や市街地の広がりを経て、裾野市の行政区域が形づくられた。交通と産業の移り変わりも、町の個性を大きく育てた。現在の景観には、復興と地域づくりの歩みが静かに刻まれている。今の町並みにも、その選択の跡が残る。,富士サファリパークと五竜の滝を目当てに訪ねたい。自然や町並みと一緒に楽しむことで、この自治体ならではの魅力がつながる。風景だけでなく、土地の味や手仕事まで合わせて楽しみたい。季節ごとの表情も楽しい。土地の個性がよく見える。
22221,静岡県,湖西市,ｼｽﾞｵｶｹﾝ,ｺｻｲｼ,FALSE,22,1996年に潮見バイパスが開通。それ以前の1972年には市制施行し湖西市となる。区域や交通の変化が、今の市街地と暮らし方に重なっている。古い出来事だけでなく、戦後の選択が町の輪郭を大きく整えた。今の町並みにも、その選択の跡が残る。,みかんと湖西おいでん祭りが代表格。史跡や自然、祭り、土地の味を組み合わせて巡ると、町の輪郭が立体的に見えてくる。土地の個性がよく見える。湖西市らしい景観と暮らしを一度に感じやすい。現地を歩くと、自然と産業、食文化の結びつきが見えてくる。
22222,静岡県,伊豆市,ｼｽﾞｵｶｹﾝ,ｲｽﾞｼ,FALSE,22,戦後の合併や市街地の広がりを経て、伊豆市の行政区域が形づくられた。交通と産業の移り変わりも、町の個性を大きく育てた。積み重なった変化は、産業や文化の受け継がれ方にも表れている。現在の景観には、復興と地域づくりの歩みが静かに刻まれている。,修禅寺と修善寺時之栖を目当てに訪ねたい。自然や町並みと一緒に楽しむことで、この自治体ならではの魅力がつながる。土地の個性がよく見える。伊豆市らしい景観と暮らしを一度に感じやすい。現地を歩くと、自然と産業、食文化の結びつきが見えてくる。
22223,静岡県,御前崎市,ｼｽﾞｵｶｹﾝ,ｵﾏｴｻﾞｷｼ,FALSE,22,2009年には御前崎沖の海上でM6.5の地震が発生。ここから今の区域と地域づくりがはっきり形になった。古い出来事だけでなく、戦後の選択が町の輪郭を大きく整えた。積み重なった変化は、産業や文化の受け継がれ方にも表れている。,漁師と池新田は、土地らしさを伝える好例。周辺の景観や食文化も合わせると、短い滞在でも特徴をつかみやすい。季節や時間帯を変えると、土地の魅力を別の角度から味わえる。見学や散策を組み合わせれば、地域の個性を短時間でつかめる。
22224,静岡県,菊川市,ｼｽﾞｵｶｹﾝ,ｷｸｶﾞﾜｼ,FALSE,22,今の町の姿は、戦後に進んだ町村の再編と産業構造の変化から生まれた。異なる地域の暮らしが菊川市へ結び直された。積み重なった変化は、産業や文化の受け継がれ方にも表れている。現在の景観には、復興と地域づくりの歩みが静かに刻まれている。,菊川産業祭と菊川神社が代表格。史跡や自然、祭り、土地の味を組み合わせて巡ると、町の輪郭が立体的に見えてくる。季節ごとの表情も楽しい。土地の個性がよく見える。菊川市らしい景観と暮らしを一度に感じやすい。
22225,静岡県,伊豆の国市,ｼｽﾞｵｶｹﾝ,ｲｽﾞﾉｸﾆｼ,FALSE,22,2015年に製鉄・製鋼、造船、石炭産業-」の構成資産として世界遺産に登録される。この出来事を軸に、戦後の区域整備や地域づくりが進んだ。区域や交通の変化が、今の市街地と暮らし方に重なっている。今の町並みにも、その選択の跡が残る。,韮山反射炉と伊豆長岡温泉が代表格。史跡や自然、祭り、土地の味を組み合わせて巡ると、町の輪郭が立体的に見えてくる。季節や時間帯を変えると、土地の魅力を別の角度から味わえる。見学や散策を組み合わせれば、地域の個性を短時間でつかめる。
22226,静岡県,牧之原市,ｼｽﾞｵｶｹﾝ,ﾏｷﾉﾊﾗｼ,FALSE,22,現在の行政区域は、戦後の町村合併や交通・産業の変化を重ねながら形づくられた。地域ごとの文化も牧之原市の地域づくりへ受け継がれた。現在の景観には、復興と地域づくりの歩みが静かに刻まれている。今の町並みにも、その選択の跡が残る。,牧之原大茶園に加え、富士山静岡空港もよく知られる。見る、歩く、味わうを組み合わせやすく、土地の個性に触れられる。牧之原市らしい景観と暮らしを一度に感じやすい。現地を歩くと、自然と産業、食文化の結びつきが見えてくる。
22301,静岡県,東伊豆町,ｼｽﾞｵｶｹﾝ,ﾋｶﾞｼｲｽﾞﾁｮｳ,FALSE,22,1959年に稲取町と城東村が合併して東伊豆町が発足。それ以前の1954年には稲取町の稲取婦人学級が文部省の実験婦人学級に指定され発足。積み重なった変化は、産業や文化の受け継がれ方にも表れている。今の町並みにも、その選択の跡が残る。,熱川バナナワニ園と稲取温泉が代表格。史跡や自然、祭り、土地の味を組み合わせて巡ると、町の輪郭が立体的に見えてくる。季節や時間帯を変えると、土地の魅力を別の角度から味わえる。見学や散策を組み合わせれば、地域の個性を短時間でつかめる。
22302,静岡県,河津町,ｼｽﾞｵｶｹﾝ,ｶﾜﾂﾞﾁｮｳ,FALSE,22,近年の節目は1967年で、が東伊豆道路（河津町浜 - 東伊豆町片瀬 - 伊東市八幡野）の一部に編入される。1958年にも上河津村、下河津村が合併し、現在の河津町が発足。積み重なった変化は、産業や文化の受け継がれ方にも表れている。,土地の顔として外せないのが河津桜と河津七滝。景観と文化を続けてたどれば、この地域らしい暮らしまで見えてくる。季節ごとの表情も楽しい。土地の個性がよく見える。河津町らしい景観と暮らしを一度に感じやすい。
22304,静岡県,南伊豆町,ｼｽﾞｵｶｹﾝ,ﾐﾅﾐｲｽﾞﾁｮｳ,FALSE,22,今の町の姿は、戦後に進んだ町村の再編と産業構造の変化から生まれた。異なる地域の暮らしが南伊豆町へ結び直された。積み重なった変化は、産業や文化の受け継がれ方にも表れている。現在の景観には、復興と地域づくりの歩みが静かに刻まれている。,弓ヶ浜と石廊崎が代表格。史跡や自然、祭り、土地の味を組み合わせて巡ると、町の輪郭が立体的に見えてくる。風景だけでなく、土地の味や手仕事まで合わせて楽しみたい。季節ごとの表情も楽しい。土地の個性がよく見える。
22305,静岡県,松崎町,ｼｽﾞｵｶｹﾝ,ﾏﾂｻﾞｷﾁｮｳ,FALSE,22,戦後の合併や市街地の広がりを経て、松崎町の行政区域が形づくられた。交通と産業の移り変わりも、町の個性を大きく育てた。今の町並みにも、その選択の跡が残る。地域の歩みを今へ伝える節目だ。松崎町の現在を読み解く手掛かりになっている。,土地の顔として外せないのがなまこ壁の町並みと伊豆の長八美術館。景観と文化を続けてたどれば、この地域らしい暮らしまで見えてくる。季節ごとの表情も楽しい。土地の個性がよく見える。松崎町らしい景観と暮らしを一度に感じやすい。
22306,静岡県,西伊豆町,ｼｽﾞｵｶｹﾝ,ﾆｼｲｽﾞﾁｮｳ,FALSE,22,今の町の姿は、戦後に進んだ町村の再編と産業構造の変化から生まれた。異なる地域の暮らしが西伊豆町へ結び直された。現在の景観には、復興と地域づくりの歩みが静かに刻まれている。今の町並みにも、その選択の跡が残る。,堂ヶ島と黄金崎が代表格。史跡や自然、祭り、土地の味を組み合わせて巡ると、町の輪郭が立体的に見えてくる。見学や散策を組み合わせれば、地域の個性を短時間でつかめる。風景だけでなく、土地の味や手仕事まで合わせて楽しみたい。
22325,静岡県,函南町,ｼｽﾞｵｶｹﾝ,ｶﾝﾅﾐﾁｮｳ,FALSE,22,戦後の合併や市街地の広がりを経て、函南町の行政区域が形づくられた。交通と産業の移り変わりも、町の個性を大きく育てた。古い出来事だけでなく、戦後の選択が町の輪郭を大きく整えた。積み重なった変化は、産業や文化の受け継がれ方にも表れている。,土地の顔として外せないのが丹那牛乳と十国峠。景観と文化を続けてたどれば、この地域らしい暮らしまで見えてくる。季節や時間帯を変えると、土地の魅力を別の角度から味わえる。見学や散策を組み合わせれば、地域の個性を短時間でつかめる。
22341,静岡県,清水町,ｼｽﾞｵｶｹﾝ,ｼﾐｽﾞﾁｮｳ,FALSE,22,現在の行政区域は、戦後の町村合併や交通・産業の変化を重ねながら形づくられた。地域ごとの文化も清水町の地域づくりへ受け継がれた。古い出来事だけでなく、戦後の選択が町の輪郭を大きく整えた。今の町並みにも、その選択の跡が残る。,よく知られる柿田川公園、地域に根づく丸池が印象的。観光だけで終わらず、暮らしや文化の背景まで感じ取れる。季節や時間帯を変えると、土地の魅力を別の角度から味わえる。見学や散策を組み合わせれば、地域の個性を短時間でつかめる。
22342,静岡県,長泉町,ｼｽﾞｵｶｹﾝ,ﾅｶﾞｲｽﾞﾐﾁｮｳ,FALSE,22,1973年、ベルナール・ビュフェ美術館開館。この出来事が、現在の自治体像につながる大きな節目となった。積み重なった変化は、産業や文化の受け継がれ方にも表れている。現在の景観には、復興と地域づくりの歩みが静かに刻まれている。,土地の顔として外せないのが静岡県立静岡がんセンターとクレマチスの丘。景観と文化を続けてたどれば、この地域らしい暮らしまで見えてくる。季節や時間帯を変えると、土地の魅力を別の角度から味わえる。季節ごとの表情も楽しい。
22344,静岡県,小山町,ｼｽﾞｵｶｹﾝ,ｵﾔﾏﾁｮｳ,FALSE,22,近年の節目は2010年で、台風9号により大きな被害を受け、同年10月に局地激甚災害指定される。1955年にも足柄村を編入。積み重なった変化は、産業や文化の受け継がれ方にも表れている。今の町並みにも、その選択の跡が残る。,土地の顔として外せないのが小山町町民いこいの家とフィリピン海プレート。景観と文化を続けてたどれば、この地域らしい暮らしまで見えてくる。季節ごとの表情も楽しい。土地の個性がよく見える。小山町らしい景観と暮らしを一度に感じやすい。
22424,静岡県,吉田町,ｼｽﾞｵｶｹﾝ,ﾖｼﾀﾞﾁｮｳ,FALSE,22,1949年、町制を施行、吉田町となる。この出来事が、現在の自治体像につながる大きな節目となった。地域の歩みを今へ伝える節目だ。吉田町の現在を読み解く手掛かりになっている。区域や交通の変化が、今の市街地と暮らし方に重なっている。,よく知られる小山城、地域に根づく能満寺のソテツが印象的。観光だけで終わらず、暮らしや文化の背景まで感じ取れる。季節ごとの表情も楽しい。土地の個性がよく見える。吉田町らしい景観と暮らしを一度に感じやすい。
22429,静岡県,川根本町,ｼｽﾞｵｶｹﾝ,ｶﾜﾈﾎﾝﾁｮｳ,FALSE,22,2005年に中川根町と本川根町の合併により発足。この出来事を軸に、戦後の区域整備や地域づくりが進んだ。地域の歩みを今へ伝える節目だ。川根本町の現在を読み解く手掛かりになっている。区域や交通の変化が、今の市街地と暮らし方に重なっている。,梅津神楽と寸又峡温泉を目当てに訪ねたい。自然や町並みと一緒に楽しむことで、この自治体ならではの魅力がつながる。季節ごとの表情も楽しい。土地の個性がよく見える。川根本町らしい景観と暮らしを一度に感じやすい。
22461,静岡県,森町,ｼｽﾞｵｶｹﾝ,ﾓﾘﾏﾁ,FALSE,22,戦後の区域再編と交通網の整備を重ね、森町の輪郭が整った。旧来の集落ごとの文化は、現在の地域づくりにも残っている。地域の歩みを今へ伝える節目だ。森町の現在を読み解く手掛かりになっている。区域や交通の変化が、今の市街地と暮らし方に重なっている。,土地の顔として外せないのが小國神社と遠州森の祭り。景観と文化を続けてたどれば、この地域らしい暮らしまで見えてくる。森町らしい景観と暮らしを一度に感じやすい。現地を歩くと、自然と産業、食文化の結びつきが見えてくる。
23000,愛知県,,ｱｲﾁｹﾝ,,TRUE,23,,
23100,愛知県,名古屋市,ｱｲﾁｹﾝ,ﾅｺﾞﾔｼ,FALSE,23,近年の節目は2020年で、PFI事業「Hisaya-odori Park」が開業。2006年にも3月6日 - 名東区の藤が丘駅 - 豊田市の八草駅（開通から翌2006年3月末までは「万博八草」）まで愛知高速交通東部丘陵線（リニモ）が開通。,あんかけスパゲッティと名古屋まつりは、土地らしさを伝える好例。周辺の景観や食文化も合わせると、短い滞在でも特徴をつかみやすい。名古屋市らしい景観と暮らしを一度に感じやすい。現地を歩くと、自然と産業、食文化の結びつきが見えてくる。
23101,愛知県,名古屋市千種区,ｱｲﾁｹﾝ,ﾅｺﾞﾔｼﾁｸｻｸ,FALSE,23,政令指定都市の区制と、その後の市街地拡大や交通網の整備を背景に現在の名古屋市千種区が形づくられた。積み重なった変化は、産業や文化の受け継がれ方にも表れている。現在の景観には、復興と地域づくりの歩みが静かに刻まれている。,東山動植物園に加え、覚王山日泰寺もよく知られる。見る、歩く、味わうを組み合わせやすく、土地の個性に触れられる。季節ごとの表情も楽しい。土地の個性がよく見える。名古屋市千種区らしい景観と暮らしを一度に感じやすい。
23102,愛知県,名古屋市東区,ｱｲﾁｹﾝ,ﾅｺﾞﾔｼﾋｶﾞｼｸ,FALSE,23,政令指定都市の区制と、その後の市街地拡大や交通網の整備を背景に現在の名古屋市東区が形づくられた。名古屋市東区の現在を読み解く手掛かりになっている。区域や交通の変化が、今の市街地と暮らし方に重なっている。,よく知られる徳川美術館、地域に根づく徳川園が印象的。観光だけで終わらず、暮らしや文化の背景まで感じ取れる。見学や散策を組み合わせれば、地域の個性を短時間でつかめる。風景だけでなく、土地の味や手仕事まで合わせて楽しみたい。
23103,愛知県,名古屋市北区,ｱｲﾁｹﾝ,ﾅｺﾞﾔｼｷﾀｸ,FALSE,23,政令指定都市の区制と、その後の市街地拡大や交通網の整備を背景に現在の名古屋市北区が形づくられた。積み重なった変化は、産業や文化の受け継がれ方にも表れている。現在の景観には、復興と地域づくりの歩みが静かに刻まれている。,よく知られる別小江神社、地域に根づく志賀公園が印象的。観光だけで終わらず、暮らしや文化の背景まで感じ取れる。季節ごとの表情も楽しい。土地の個性がよく見える。名古屋市北区らしい景観と暮らしを一度に感じやすい。
23104,愛知県,名古屋市西区,ｱｲﾁｹﾝ,ﾅｺﾞﾔｼﾆｼｸ,FALSE,23,政令指定都市の区制と、その後の市街地拡大や交通網の整備を背景に現在の名古屋市西区が形づくられた。地域の歩みを今へ伝える節目だ。名古屋市西区の現在を読み解く手掛かりになっている。区域や交通の変化が、今の市街地と暮らし方に重なっている。,よく知られるトヨタ産業技術記念館、地域に根づくノリタケの森が印象的。観光だけで終わらず、暮らしや文化の背景まで感じ取れる。見学や散策を組み合わせれば、地域の個性を短時間でつかめる。風景だけでなく、土地の味や手仕事まで合わせて楽しみたい。
23105,愛知県,名古屋市中村区,ｱｲﾁｹﾝ,ﾅｺﾞﾔｼﾅｶﾑﾗｸ,FALSE,23,政令指定都市の区制と、その後の市街地拡大や交通網の整備を背景に現在の名古屋市中村区が形づくられた。現在の景観には、復興と地域づくりの歩みが静かに刻まれている。今の町並みにも、その選択の跡が残る。地域の歩みを今へ伝える節目だ。,名古屋駅と豊国神社は、土地らしさを伝える好例。周辺の景観や食文化も合わせると、短い滞在でも特徴をつかみやすい。見学や散策を組み合わせれば、地域の個性を短時間でつかめる。風景だけでなく、土地の味や手仕事まで合わせて楽しみたい。
23106,愛知県,名古屋市中区,ｱｲﾁｹﾝ,ﾅｺﾞﾔｼﾅｶｸ,FALSE,23,政令指定都市の区制と、その後の市街地拡大や交通網の整備を背景に現在の名古屋市中区が形づくられた。古い出来事だけでなく、戦後の選択が町の輪郭を大きく整えた。積み重なった変化は、産業や文化の受け継がれ方にも表れている。,よく知られる名古屋城、地域に根づく大須観音が印象的。観光だけで終わらず、暮らしや文化の背景まで感じ取れる。季節や時間帯を変えると、土地の魅力を別の角度から味わえる。見学や散策を組み合わせれば、地域の個性を短時間でつかめる。
23107,愛知県,名古屋市昭和区,ｱｲﾁｹﾝ,ﾅｺﾞﾔｼｼｮｳﾜｸ,FALSE,23,政令指定都市の区制と、その後の市街地拡大や交通網の整備を背景に現在の名古屋市昭和区が形づくられた。区域や交通の変化が、今の市街地と暮らし方に重なっている。古い出来事だけでなく、戦後の選択が町の輪郭を大きく整えた。,鶴舞公園に加え、八事山興正寺もよく知られる。見る、歩く、味わうを組み合わせやすく、土地の個性に触れられる。土地の個性がよく見える。名古屋市昭和区らしい景観と暮らしを一度に感じやすい。現地を歩くと、自然と産業、食文化の結びつきが見えてくる。
23108,愛知県,名古屋市瑞穂区,ｱｲﾁｹﾝ,ﾅｺﾞﾔｼﾐｽﾞﾎｸ,FALSE,23,政令指定都市の区制と、その後の市街地拡大や交通網の整備を背景に現在の名古屋市瑞穂区が形づくられた。名古屋市瑞穂区の現在を読み解く手掛かりになっている。区域や交通の変化が、今の市街地と暮らし方に重なっている。,山崎川四季の道とパロマ瑞穂スポーツパークは、土地らしさを伝える好例。周辺の景観や食文化も合わせると、短い滞在でも特徴をつかみやすい。見学や散策を組み合わせれば、地域の個性を短時間でつかめる。季節ごとの表情も楽しい。
23109,愛知県,名古屋市熱田区,ｱｲﾁｹﾝ,ﾅｺﾞﾔｼｱﾂﾀｸ,FALSE,23,政令指定都市の区制と、その後の市街地拡大や交通網の整備を背景に現在の名古屋市熱田区が形づくられた。地域の歩みを今へ伝える節目だ。名古屋市熱田区の現在を読み解く手掛かりになっている。区域や交通の変化が、今の市街地と暮らし方に重なっている。,熱田神宮に加え、白鳥庭園もよく知られる。見る、歩く、味わうを組み合わせやすく、土地の個性に触れられる。季節や時間帯を変えると、土地の魅力を別の角度から味わえる。見学や散策を組み合わせれば、地域の個性を短時間でつかめる。
23110,愛知県,名古屋市中川区,ｱｲﾁｹﾝ,ﾅｺﾞﾔｼﾅｶｶﾞﾜｸ,FALSE,23,1955年には海部郡富田町が名古屋市に編入合併。ここから今の区域と地域づくりがはっきり形になった。区域や交通の変化が、今の市街地と暮らし方に重なっている。古い出来事だけでなく、戦後の選択が町の輪郭を大きく整えた。,荒子観音寺と中川運河は、土地らしさを伝える好例。周辺の景観や食文化も合わせると、短い滞在でも特徴をつかみやすい。風景だけでなく、土地の味や手仕事まで合わせて楽しみたい。季節ごとの表情も楽しい。土地の個性がよく見える。
23111,愛知県,名古屋市港区,ｱｲﾁｹﾝ,ﾅｺﾞﾔｼﾐﾅﾄｸ,FALSE,23,政令指定都市の区制と、その後の市街地拡大や交通網の整備を背景に現在の名古屋市港区が形づくられた。古い出来事だけでなく、戦後の選択が町の輪郭を大きく整えた。積み重なった変化は、産業や文化の受け継がれ方にも表れている。,よく知られる名古屋港水族館、地域に根づくリニア・鉄道館が印象的。観光だけで終わらず、暮らしや文化の背景まで感じ取れる。見学や散策を組み合わせれば、地域の個性を短時間でつかめる。風景だけでなく、土地の味や手仕事まで合わせて楽しみたい。
23112,愛知県,名古屋市南区,ｱｲﾁｹﾝ,ﾅｺﾞﾔｼﾐﾅﾐｸ,FALSE,23,政令指定都市の区制と、その後の市街地拡大や交通網の整備を背景に現在の名古屋市南区が形づくられた。現在の景観には、復興と地域づくりの歩みが静かに刻まれている。今の町並みにも、その選択の跡が残る。地域の歩みを今へ伝える節目だ。,よく知られる笠寺観音、地域に根づく日本ガイシスポーツプラザが印象的。観光だけで終わらず、暮らしや文化の背景まで感じ取れる。風景だけでなく、土地の味や手仕事まで合わせて楽しみたい。季節ごとの表情も楽しい。
23113,愛知県,名古屋市守山区,ｱｲﾁｹﾝ,ﾅｺﾞﾔｼﾓﾘﾔﾏｸ,FALSE,23,2001年にはドウェイバス志段味線（ゆとりーとライン）、大曽根 - 小幡緑地間が開業。ここから今の区域と地域づくりがはっきり形になった。区域や交通の変化が、今の市街地と暮らし方に重なっている。今の町並みにも、その選択の跡が残る。,東谷山フルーツパークに加え、小幡緑地もよく知られる。見る、歩く、味わうを組み合わせやすく、土地の個性に触れられる。風景だけでなく、土地の味や手仕事まで合わせて楽しみたい。季節ごとの表情も楽しい。土地の個性がよく見える。
23114,愛知県,名古屋市緑区,ｱｲﾁｹﾝ,ﾅｺﾞﾔｼﾐﾄﾞﾘｸ,FALSE,23,政令指定都市の区制と、その後の市街地拡大や交通網の整備を背景に現在の名古屋市緑区が形づくられた。古い出来事だけでなく、戦後の選択が町の輪郭を大きく整えた。積み重なった変化は、産業や文化の受け継がれ方にも表れている。,よく知られる有松の町並み、地域に根づく桶狭間古戦場公園が印象的。観光だけで終わらず、暮らしや文化の背景まで感じ取れる。名古屋市緑区らしい景観と暮らしを一度に感じやすい。現地を歩くと、自然と産業、食文化の結びつきが見えてくる。
23115,愛知県,名古屋市名東区,ｱｲﾁｹﾝ,ﾅｺﾞﾔｼﾒｲﾄｳｸ,FALSE,23,政令指定都市の区制と、その後の市街地拡大や交通網の整備を背景に現在の名古屋市名東区が形づくられた。今の町並みにも、その選択の跡が残る。地域の歩みを今へ伝える節目だ。名古屋市名東区の現在を読み解く手掛かりになっている。,猪高緑地と牧野ヶ池緑地は、土地らしさを伝える好例。周辺の景観や食文化も合わせると、短い滞在でも特徴をつかみやすい。名古屋市名東区らしい景観と暮らしを一度に感じやすい。現地を歩くと、自然と産業、食文化の結びつきが見えてくる。
23116,愛知県,名古屋市天白区,ｱｲﾁｹﾝ,ﾅｺﾞﾔｼﾃﾝﾊﾟｸｸ,FALSE,23,政令指定都市の区制と、その後の市街地拡大や交通網の整備を背景に現在の名古屋市天白区が形づくられた。積み重なった変化は、産業や文化の受け継がれ方にも表れている。現在の景観には、復興と地域づくりの歩みが静かに刻まれている。,農業センターdelaふぁーむと天白公園は、土地らしさを伝える好例。周辺の景観や食文化も合わせると、短い滞在でも特徴をつかみやすい。名古屋市天白区らしい景観と暮らしを一度に感じやすい。現地を歩くと、自然と産業、食文化の結びつきが見えてくる。
23201,愛知県,豊橋市,ｱｲﾁｹﾝ,ﾄﾖﾊｼｼ,FALSE,23,1968年に豊川用水完成。それ以前の1955年には宝飯郡前芝村、渥美郡二川町、高豊村及び老津村ならびに八名郡石巻村を編入。地域の歩みを今へ伝える節目だ。豊橋市の現在を読み解く手掛かりになっている。今の町並みにも、その選択の跡が残る。,豊橋総合動植物公園と手筒花火が代表格。史跡や自然、祭り、土地の味を組み合わせて巡ると、町の輪郭が立体的に見えてくる。季節や時間帯を変えると、土地の魅力を別の角度から味わえる。見学や散策を組み合わせれば、地域の個性を短時間でつかめる。
23202,愛知県,岡崎市,ｱｲﾁｹﾝ,ｵｶｻﾞｷｼ,FALSE,23,2006年には額田郡額田町を編入。さかのぼると、1962年には碧海郡六ツ美町を編入。現在の景観には、復興と地域づくりの歩みが静かに刻まれている。今の町並みにも、その選択の跡が残る。地域の歩みを今へ伝える節目だ。,岡崎城と八丁味噌が代表格。史跡や自然、祭り、土地の味を組み合わせて巡ると、町の輪郭が立体的に見えてくる。現地を歩くと、自然と産業、食文化の結びつきが見えてくる。季節や時間帯を変えると、土地の魅力を別の角度から味わえる。
23203,愛知県,一宮市,ｱｲﾁｹﾝ,ｲﾁﾉﾐﾔｼ,FALSE,23,2005年に尾西市・葉栗郡木曽川町を編入。この出来事を軸に、戦後の区域整備や地域づくりが進んだ。古い出来事だけでなく、戦後の選択が町の輪郭を大きく整えた。積み重なった変化は、産業や文化の受け継がれ方にも表れている。,真清田神社と一宮七夕まつりを目当てに訪ねたい。自然や町並みと一緒に楽しむことで、この自治体ならではの魅力がつながる。見学や散策を組み合わせれば、地域の個性を短時間でつかめる。風景だけでなく、土地の味や手仕事まで合わせて楽しみたい。
23204,愛知県,瀬戸市,ｱｲﾁｹﾝ,ｾﾄｼ,FALSE,23,戦後の合併や市街地の広がりを経て、瀬戸市の行政区域が形づくられた。交通と産業の移り変わりも、町の個性を大きく育てた。古い出来事だけでなく、戦後の選択が町の輪郭を大きく整えた。積み重なった変化は、産業や文化の受け継がれ方にも表れている。,せとものと瀬戸蔵ミュージアムを目当てに訪ねたい。自然や町並みと一緒に楽しむことで、この自治体ならではの魅力がつながる。見学や散策を組み合わせれば、地域の個性を短時間でつかめる。風景だけでなく、土地の味や手仕事まで合わせて楽しみたい。
23205,愛知県,半田市,ｱｲﾁｹﾝ,ﾊﾝﾀﾞｼ,FALSE,23,1971年、衣浦港の埋め立てがほぼ完成する。現在の区域をたどると、1961年には愛知用水が完成する。地域の歩みを今へ伝える節目だ。半田市の現在を読み解く手掛かりになっている。区域や交通の変化が、今の市街地と暮らし方に重なっている。,半田赤レンガ建物とMIZKAN MUSEUMを目当てに訪ねたい。自然や町並みと一緒に楽しむことで、この自治体ならではの魅力がつながる。風景だけでなく、土地の味や手仕事まで合わせて楽しみたい。季節ごとの表情も楽しい。
23206,愛知県,春日井市,ｱｲﾁｹﾝ,ｶｽｶﾞｲｼ,FALSE,23,1958年には東春日井郡坂下町および高蔵寺町を編入。ここから今の区域と地域づくりがはっきり形になった。現在の景観には、復興と地域づくりの歩みが静かに刻まれている。今の町並みにも、その選択の跡が残る。地域の歩みを今へ伝える節目だ。,わいわいカーニバルに加え、城郭・砦・屋敷もよく知られる。見る、歩く、味わうを組み合わせやすく、土地の個性に触れられる。季節や時間帯を変えると、土地の魅力を別の角度から味わえる。見学や散策を組み合わせれば、地域の個性を短時間でつかめる。
23207,愛知県,豊川市,ｱｲﾁｹﾝ,ﾄﾖｶﾜｼ,FALSE,23,2010年には宝飯郡小坂井町を編入（同時に宝飯郡が消滅）。さかのぼると、1959年には宝飯郡御油町を編入。積み重なった変化は、産業や文化の受け継がれ方にも表れている。現在の景観には、復興と地域づくりの歩みが静かに刻まれている。,豊川稲荷と豊川いなり寿司が代表格。史跡や自然、祭り、土地の味を組み合わせて巡ると、町の輪郭が立体的に見えてくる。季節や時間帯を変えると、土地の魅力を別の角度から味わえる。見学や散策を組み合わせれば、地域の個性を短時間でつかめる。
23208,愛知県,津島市,ｱｲﾁｹﾝ,ﾂｼﾏｼ,FALSE,23,今の町の姿は、戦後に進んだ町村の再編と産業構造の変化から生まれた。異なる地域の暮らしが津島市へ結び直された。積み重なった変化は、産業や文化の受け継がれ方にも表れている。現在の景観には、復興と地域づくりの歩みが静かに刻まれている。,あかだ・くつわと尾張津島天王祭が代表格。史跡や自然、祭り、土地の味を組み合わせて巡ると、町の輪郭が立体的に見えてくる。現地を歩くと、自然と産業、食文化の結びつきが見えてくる。季節や時間帯を変えると、土地の魅力を別の角度から味わえる。
23209,愛知県,碧南市,ｱｲﾁｹﾝ,ﾍｷﾅﾝｼ,FALSE,23,戦後の区域再編と交通網の整備を重ね、碧南市の輪郭が整った。旧来の集落ごとの文化は、現在の地域づくりにも残っている。地域の歩みを今へ伝える節目だ。碧南市の現在を読み解く手掛かりになっている。今の町並みにも、その選択の跡が残る。,大浜中区祭礼と阿弥陀寺を目当てに訪ねたい。自然や町並みと一緒に楽しむことで、この自治体ならではの魅力がつながる。風景だけでなく、土地の味や手仕事まで合わせて楽しみたい。季節ごとの表情も楽しい。土地の個性がよく見える。
23210,愛知県,刈谷市,ｱｲﾁｹﾝ,ｶﾘﾔｼ,FALSE,23,1955年には碧海郡依佐美村の大部分と富士松村を編入。さかのぼると、1950年には市制施行して刈谷市が発足。古い出来事だけでなく、戦後の選択が町の輪郭を大きく整えた。積み重なった変化は、産業や文化の受け継がれ方にも表れている。,切り干し大根と万燈祭が代表格。史跡や自然、祭り、土地の味を組み合わせて巡ると、町の輪郭が立体的に見えてくる。刈谷市らしい景観と暮らしを一度に感じやすい。現地を歩くと、自然と産業、食文化の結びつきが見えてくる。
23211,愛知県,豊田市,ｱｲﾁｹﾝ,ﾄﾖﾀｼ,FALSE,23,2017年、イオンシネマ豊田KiTARAなどが入居する再開発ビル「KiTARA」がオープン。現在の区域をたどると、1970年には東加茂郡松平町を編入。地域の歩みを今へ伝える節目だ。豊田市の現在を読み解く手掛かりになっている。,トヨタ会館と香嵐渓を目当てに訪ねたい。自然や町並みと一緒に楽しむことで、この自治体ならではの魅力がつながる。現地を歩くと、自然と産業、食文化の結びつきが見えてくる。季節や時間帯を変えると、土地の魅力を別の角度から味わえる。
23212,愛知県,安城市,ｱｲﾁｹﾝ,ｱﾝｼﾞｮｳｼ,FALSE,23,1967年には碧海郡桜井町を編入。さかのぼると、1960年には岡崎市の一部（宇頭西地区、河野町）を編入する。現在の景観には、復興と地域づくりの歩みが静かに刻まれている。今の町並みにも、その選択の跡が残る。,イチジクと安城七夕まつりが代表格。史跡や自然、祭り、土地の味を組み合わせて巡ると、町の輪郭が立体的に見えてくる。土地の個性がよく見える。安城市らしい景観と暮らしを一度に感じやすい。現地を歩くと、自然と産業、食文化の結びつきが見えてくる。
23213,愛知県,西尾市,ｱｲﾁｹﾝ,ﾆｼｵｼ,FALSE,23,2011年に西尾市が幡豆郡一色町、吉良町、幡豆町を編入する。それ以前の2005年には西尾市、一色町、吉良町の6漁協が合併し、西三河漁業協同組合（JF西三河）が発足する。古い出来事だけでなく、戦後の選択が町の輪郭を大きく整えた。,西尾の抹茶と佐久島が代表格。史跡や自然、祭り、土地の味を組み合わせて巡ると、町の輪郭が立体的に見えてくる。西尾市らしい景観と暮らしを一度に感じやすい。現地を歩くと、自然と産業、食文化の結びつきが見えてくる。
23214,愛知県,蒲郡市,ｱｲﾁｹﾝ,ｶﾞﾏｺﾞｵﾘｼ,FALSE,23,今の町の姿は、戦後に進んだ町村の再編と産業構造の変化から生まれた。異なる地域の暮らしが蒲郡市へ結び直された。今の町並みにも、その選択の跡が残る。地域の歩みを今へ伝える節目だ。蒲郡市の現在を読み解く手掛かりになっている。,竹島とラグーナテンボスが代表格。史跡や自然、祭り、土地の味を組み合わせて巡ると、町の輪郭が立体的に見えてくる。季節や時間帯を変えると、土地の魅力を別の角度から味わえる。見学や散策を組み合わせれば、地域の個性を短時間でつかめる。
23215,愛知県,犬山市,ｱｲﾁｹﾝ,ｲﾇﾔﾏｼ,FALSE,23,1954年に丹羽郡犬山町・池野村・楽田村・城東村・羽黒村が合併し、犬山市が発足。この出来事を軸に、戦後の区域整備や地域づくりが進んだ。区域や交通の変化が、今の市街地と暮らし方に重なっている。今の町並みにも、その選択の跡が残る。,国宝犬山城と博物館明治村が代表格。史跡や自然、祭り、土地の味を組み合わせて巡ると、町の輪郭が立体的に見えてくる。風景だけでなく、土地の味や手仕事まで合わせて楽しみたい。季節ごとの表情も楽しい。土地の個性がよく見える。
23216,愛知県,常滑市,ｱｲﾁｹﾝ,ﾄｺﾅﾒｼ,FALSE,23,現在の行政区域は、戦後の町村合併や交通・産業の変化を重ねながら形づくられた。地域ごとの文化も常滑市の地域づくりへ受け継がれた。今の町並みにも、その選択の跡が残る。地域の歩みを今へ伝える節目だ。常滑市の現在を読み解く手掛かりになっている。,やきもの散歩道と中部国際空港が代表格。史跡や自然、祭り、土地の味を組み合わせて巡ると、町の輪郭が立体的に見えてくる。季節ごとの表情も楽しい。土地の個性がよく見える。常滑市らしい景観と暮らしを一度に感じやすい。
23217,愛知県,江南市,ｱｲﾁｹﾝ,ｺｳﾅﾝｼ,FALSE,23,戦後の区域再編と交通網の整備を重ね、江南市の輪郭が整った。旧来の集落ごとの文化は、現在の地域づくりにも残っている。積み重なった変化は、産業や文化の受け継がれ方にも表れている。現在の景観には、復興と地域づくりの歩みが静かに刻まれている。,曼陀羅寺と小折城を目当てに訪ねたい。自然や町並みと一緒に楽しむことで、この自治体ならではの魅力がつながる。風景だけでなく、土地の味や手仕事まで合わせて楽しみたい。季節ごとの表情も楽しい。土地の個性がよく見える。
23219,愛知県,小牧市,ｱｲﾁｹﾝ,ｺﾏｷｼ,FALSE,23,1963年、西春日井郡北里村のうち、薬師寺地区以外（市之久田、小針入鹿新田、小針、小針巳新田、多気、小木、藤島）を編入。現在の区域をたどると、1955年には東春日井郡の小牧町、味岡村、篠岡村が合併し、小牧市が誕生。,しるこサンドと小牧山さくらまつりを目当てに訪ねたい。自然や町並みと一緒に楽しむことで、この自治体ならではの魅力がつながる。季節ごとの表情も楽しい。土地の個性がよく見える。小牧市らしい景観と暮らしを一度に感じやすい。
23220,愛知県,稲沢市,ｱｲﾁｹﾝ,ｲﾅｻﾞﾜｼ,FALSE,23,近年の節目は2005年で、中島郡平和町・祖父江町を編入。1955年にも中島郡大里村、千代田村、明治村と合併し、新たに稲沢町が発足。稲沢市の現在を読み解く手掛かりになっている。区域や交通の変化が、今の市街地と暮らし方に重なっている。,国府宮はだか祭と片原一色城を目当てに訪ねたい。自然や町並みと一緒に楽しむことで、この自治体ならではの魅力がつながる。風景だけでなく、土地の味や手仕事まで合わせて楽しみたい。季節ごとの表情も楽しい。土地の個性がよく見える。
23221,愛知県,新城市,ｱｲﾁｹﾝ,ｼﾝｼﾛｼ,FALSE,23,2025年、新設合併20周年を記念して新市歌「きらめけ☆しんしろ」を制定。現在の区域をたどると、2005年には新城市・南設楽郡鳳来町・南設楽郡作手村が新設合併し、新しい新城市となる。区域や交通の変化が、今の市街地と暮らし方に重なっている。,鳳来寺山と湯谷温泉を目当てに訪ねたい。自然や町並みと一緒に楽しむことで、この自治体ならではの魅力がつながる。季節や時間帯を変えると、土地の魅力を別の角度から味わえる。見学や散策を組み合わせれば、地域の個性を短時間でつかめる。
23222,愛知県,東海市,ｱｲﾁｹﾝ,ﾄｳｶｲｼ,FALSE,23,戦後の合併や市街地の広がりを経て、東海市の行政区域が形づくられた。交通と産業の移り変わりも、町の個性を大きく育てた。区域や交通の変化が、今の市街地と暮らし方に重なっている。古い出来事だけでなく、戦後の選択が町の輪郭を大きく整えた。,海老煎餅と尾張横須賀まつりを目当てに訪ねたい。自然や町並みと一緒に楽しむことで、この自治体ならではの魅力がつながる。東海市らしい景観と暮らしを一度に感じやすい。現地を歩くと、自然と産業、食文化の結びつきが見えてくる。
23223,愛知県,大府市,ｱｲﾁｹﾝ,ｵｵﾌﾞｼ,FALSE,23,今の町の姿は、戦後に進んだ町村の再編と産業構造の変化から生まれた。異なる地域の暮らしが大府市へ結び直された。積み重なった変化は、産業や文化の受け継がれ方にも表れている。現在の景観には、復興と地域づくりの歩みが静かに刻まれている。,あいち健康の森公園と大府みどり公園が代表格。史跡や自然、祭り、土地の味を組み合わせて巡ると、町の輪郭が立体的に見えてくる。風景だけでなく、土地の味や手仕事まで合わせて楽しみたい。季節ごとの表情も楽しい。
23224,愛知県,知多市,ｱｲﾁｹﾝ,ﾁﾀｼ,FALSE,23,1970年には知多町が市制施行して知多市となる。さかのぼると、1955年には知多郡八幡町、岡田町、旭町が合併して知多町となる。今の町並みにも、その選択の跡が残る。地域の歩みを今へ伝える節目だ。知多市の現在を読み解く手掛かりになっている。,知多木綿と朝倉の梯子獅子が代表格。史跡や自然、祭り、土地の味を組み合わせて巡ると、町の輪郭が立体的に見えてくる。見学や散策を組み合わせれば、地域の個性を短時間でつかめる。風景だけでなく、土地の味や手仕事まで合わせて楽しみたい。
23225,愛知県,知立市,ｱｲﾁｹﾝ,ﾁﾘｭｳｼ,FALSE,23,1970年に知立町が市制を施行して知立市が発足（碧海郡が消滅）。この出来事を軸に、戦後の区域整備や地域づくりが進んだ。区域や交通の変化が、今の市街地と暮らし方に重なっている。古い出来事だけでなく、戦後の選択が町の輪郭を大きく整えた。,牛田城と大流公園を目当てに訪ねたい。自然や町並みと一緒に楽しむことで、この自治体ならではの魅力がつながる。見学や散策を組み合わせれば、地域の個性を短時間でつかめる。風景だけでなく、土地の味や手仕事まで合わせて楽しみたい。
23226,愛知県,尾張旭市,ｱｲﾁｹﾝ,ｵﾜﾘｱｻﾋｼ,FALSE,23,戦後の合併や市街地の広がりを経て、尾張旭市の行政区域が形づくられた。交通と産業の移り変わりも、町の個性を大きく育てた。区域や交通の変化が、今の市街地と暮らし方に重なっている。古い出来事だけでなく、戦後の選択が町の輪郭を大きく整えた。,生涯学習フェスティバルと新居城は、土地らしさを伝える好例。周辺の景観や食文化も合わせると、短い滞在でも特徴をつかみやすい。土地の個性がよく見える。尾張旭市らしい景観と暮らしを一度に感じやすい。季節ごとの表情も楽しい。
23227,愛知県,高浜市,ｱｲﾁｹﾝ,ﾀｶﾊﾏｼ,FALSE,23,近年の節目は1970年で、高浜町が市制施行して高浜市が発足。1956年にも衣浦大橋が開通する。地域の歩みを今へ伝える節目だ。高浜市の現在を読み解く手掛かりになっている。区域や交通の変化が、今の市街地と暮らし方に重なっている。,春日神社と観音寺を目当てに訪ねたい。自然や町並みと一緒に楽しむことで、この自治体ならではの魅力がつながる。見学や散策を組み合わせれば、地域の個性を短時間でつかめる。風景だけでなく、土地の味や手仕事まで合わせて楽しみたい。
23228,愛知県,岩倉市,ｱｲﾁｹﾝ,ｲﾜｸﾗｼ,FALSE,23,1971年に岩倉町が市制を施行して岩倉市が発足。この出来事を軸に、戦後の区域整備や地域づくりが進んだ。今の町並みにも、その選択の跡が残る。地域の歩みを今へ伝える節目だ。岩倉市の現在を読み解く手掛かりになっている。,のんぼり洗いと岩倉城を目当てに訪ねたい。自然や町並みと一緒に楽しむことで、この自治体ならではの魅力がつながる。季節や時間帯を変えると、土地の魅力を別の角度から味わえる。見学や散策を組み合わせれば、地域の個性を短時間でつかめる。
23229,愛知県,豊明市,ｱｲﾁｹﾝ,ﾄﾖｱｹｼ,FALSE,23,近年の節目は1969年で、国道23号が開通。1957年にも豊明村が町制施行して豊明町が発足。区域や交通の変化が、今の市街地と暮らし方に重なっている。古い出来事だけでなく、戦後の選択が町の輪郭を大きく整えた。,一之御前安産水祭りと沓掛城を目当てに訪ねたい。自然や町並みと一緒に楽しむことで、この自治体ならではの魅力がつながる。季節や時間帯を変えると、土地の魅力を別の角度から味わえる。見学や散策を組み合わせれば、地域の個性を短時間でつかめる。
23230,愛知県,日進市,ｱｲﾁｹﾝ,ﾆｯｼﾝｼ,FALSE,23,1996年には市スポーツセンター開館。さかのぼると、1980年には町社会文化センター開館。古い出来事だけでなく、戦後の選択が町の輪郭を大きく整えた。積み重なった変化は、産業や文化の受け継がれ方にも表れている。,磨砂と朝市が代表格。史跡や自然、祭り、土地の味を組み合わせて巡ると、町の輪郭が立体的に見えてくる。日進市らしい景観と暮らしを一度に感じやすい。現地を歩くと、自然と産業、食文化の結びつきが見えてくる。季節ごとの表情も楽しい。
23231,愛知県,田原市,ｱｲﾁｹﾝ,ﾀﾊﾗｼ,FALSE,23,今の町の姿は、戦後に進んだ町村の再編と産業構造の変化から生まれた。異なる地域の暮らしが田原市へ結び直された。田原市の現在を読み解く手掛かりになっている。区域や交通の変化が、今の市街地と暮らし方に重なっている。,伊良湖岬と渥美半島のメロンが代表格。史跡や自然、祭り、土地の味を組み合わせて巡ると、町の輪郭が立体的に見えてくる。季節ごとの表情も楽しい。土地の個性がよく見える。田原市らしい景観と暮らしを一度に感じやすい。
23232,愛知県,愛西市,ｱｲﾁｹﾝ,ｱｲｻｲｼ,FALSE,23,2005年、旧海部郡佐織町、佐屋町、立田村、八開村の合併により市制施行する。現在の区域をたどると、1956年には永和村大井、鰯江、大野、善太新田を佐屋町に合併。積み重なった変化は、産業や文化の受け継がれ方にも表れている。,特産品と重要無形民俗文化財を目当てに訪ねたい。自然や町並みと一緒に楽しむことで、この自治体ならではの魅力がつながる。現地を歩くと、自然と産業、食文化の結びつきが見えてくる。季節や時間帯を変えると、土地の魅力を別の角度から味わえる。
23233,愛知県,清須市,ｱｲﾁｹﾝ,ｷﾖｽｼ,FALSE,23,2009年に春日町を編入。この出来事を軸に、戦後の区域整備や地域づくりが進んだ。区域や交通の変化が、今の市街地と暮らし方に重なっている。古い出来事だけでなく、戦後の選択が町の輪郭を大きく整えた。今の町並みにも、その選択の跡が残る。,清洲城と清洲公園が代表格。史跡や自然、祭り、土地の味を組み合わせて巡ると、町の輪郭が立体的に見えてくる。現地を歩くと、自然と産業、食文化の結びつきが見えてくる。季節や時間帯を変えると、土地の魅力を別の角度から味わえる。
23234,愛知県,北名古屋市,ｱｲﾁｹﾝ,ｷﾀﾅｺﾞﾔｼ,FALSE,23,2006年には3月20日 : 師勝町、西春町が合併し、北名古屋市誕生。さかのぼると、1963年には9月1日 : 北里村のうち旧薬師寺村域を師勝町に編入。北名古屋市の現在を読み解く手掛かりになっている。,九之坪城に加え、ふるさと広場もよく知られる。見る、歩く、味わうを組み合わせやすく、土地の個性に触れられる。現地を歩くと、自然と産業、食文化の結びつきが見えてくる。季節や時間帯を変えると、土地の魅力を別の角度から味わえる。
23235,愛知県,弥富市,ｱｲﾁｹﾝ,ﾔﾄﾐｼ,FALSE,23,2006年に十四山村を編入合併し、同日市制施行して弥富市が発足する。それ以前の1996年には木曽岬干拓地の一部を編入。古い出来事だけでなく、戦後の選択が町の輪郭を大きく整えた。積み重なった変化は、産業や文化の受け継がれ方にも表れている。,弥富金魚と金魚日本一大会が代表格。史跡や自然、祭り、土地の味を組み合わせて巡ると、町の輪郭が立体的に見えてくる。見学や散策を組み合わせれば、地域の個性を短時間でつかめる。風景だけでなく、土地の味や手仕事まで合わせて楽しみたい。
23236,愛知県,みよし市,ｱｲﾁｹﾝ,ﾐﾖｼｼ,FALSE,23,2010年、三好町がみよし町に改称。現在の区域をたどると、1958年には三好村が町制を施行して三好町が発足した。区域や交通の変化が、今の市街地と暮らし方に重なっている。古い出来事だけでなく、戦後の選択が町の輪郭を大きく整えた。,祭事と三好公園は、土地らしさを伝える好例。周辺の景観や食文化も合わせると、短い滞在でも特徴をつかみやすい。季節や時間帯を変えると、土地の魅力を別の角度から味わえる。見学や散策を組み合わせれば、地域の個性を短時間でつかめる。
23237,愛知県,あま市,ｱｲﾁｹﾝ,ｱﾏｼ,FALSE,23,近年の節目は2010年で、海部郡七宝町、美和町、甚目寺町が合併してあま市が誕生。1988年にも東名阪自動車道（現在の名古屋第二環状自動車道）が開通。現在の景観には、復興と地域づくりの歩みが静かに刻まれている。,七宝焼と甚目寺観音を目当てに訪ねたい。自然や町並みと一緒に楽しむことで、この自治体ならではの魅力がつながる。見学や散策を組み合わせれば、地域の個性を短時間でつかめる。風景だけでなく、土地の味や手仕事まで合わせて楽しみたい。
23238,愛知県,長久手市,ｱｲﾁｹﾝ,ﾅｶﾞｸﾃｼ,FALSE,23,1971年には長久手村が町制施行して長久手町が発足。さかのぼると、1951年には猿投農林高等学校長久手分校が発足。地域の歩みを今へ伝える節目だ。長久手市の現在を読み解く手掛かりになっている。今の町並みにも、その選択の跡が残る。,ジブリパークに加え、トヨタ博物館もよく知られる。見る、歩く、味わうを組み合わせやすく、土地の個性に触れられる。長久手市らしい景観と暮らしを一度に感じやすい。現地を歩くと、自然と産業、食文化の結びつきが見えてくる。
23302,愛知県,東郷町,ｱｲﾁｹﾝ,ﾄｳｺﾞｳﾁｮｳ,FALSE,23,戦後の合併や市街地の広がりを経て、東郷町の行政区域が形づくられた。交通と産業の移り変わりも、町の個性を大きく育てた。積み重なった変化は、産業や文化の受け継がれ方にも表れている。現在の景観には、復興と地域づくりの歩みが静かに刻まれている。,土地の顔として外せないのが中日本レガッタと愛知池。景観と文化を続けてたどれば、この地域らしい暮らしまで見えてくる。東郷町らしい景観と暮らしを一度に感じやすい。現地を歩くと、自然と産業、食文化の結びつきが見えてくる。
23342,愛知県,豊山町,ｱｲﾁｹﾝ,ﾄﾖﾔﾏﾁｮｳ,FALSE,23,今の町の姿は、戦後に進んだ町村の再編と産業構造の変化から生まれた。異なる地域の暮らしが豊山町へ結び直された。豊山町の現在を読み解く手掛かりになっている。区域や交通の変化が、今の市街地と暮らし方に重なっている。,よく知られる溝口城、地域に根づく航空館boonが印象的。観光だけで終わらず、暮らしや文化の背景まで感じ取れる。季節ごとの表情も楽しい。土地の個性がよく見える。豊山町らしい景観と暮らしを一度に感じやすい。
23361,愛知県,大口町,ｱｲﾁｹﾝ,ｵｵｸﾞﾁﾁｮｳ,FALSE,23,1998年、大口町健康文化センター「ほほえみプラザ」完成、公式ホームページ開設。現在の区域をたどると、1990年には電子計算機自己導入による処理開始、町民会館完成。区域や交通の変化が、今の市街地と暮らし方に重なっている。,土地の顔として外せないのがれんげまつりと外坪公園。景観と文化を続けてたどれば、この地域らしい暮らしまで見えてくる。見学や散策を組み合わせれば、地域の個性を短時間でつかめる。風景だけでなく、土地の味や手仕事まで合わせて楽しみたい。
23362,愛知県,扶桑町,ｱｲﾁｹﾝ,ﾌｿｳﾁｮｳ,FALSE,23,2023年には扶桑町児童センター開館。さかのぼると、2004年には6月21日 - 扶桑町議会において、犬山市との合併案が反対多数で否決。今の町並みにも、その選択の跡が残る。地域の歩みを今へ伝える節目だ。,よく知られる都市公園、地域に根づく登録有形文化財が印象的。観光だけで終わらず、暮らしや文化の背景まで感じ取れる。見学や散策を組み合わせれば、地域の個性を短時間でつかめる。風景だけでなく、土地の味や手仕事まで合わせて楽しみたい。
23424,愛知県,大治町,ｱｲﾁｹﾝ,ｵｵﾊﾙﾁｮｳ,FALSE,23,1975年、町制施行し、大治町になる。この出来事が、現在の自治体像につながる大きな節目となった。地域の歩みを今へ伝える節目だ。大治町の現在を読み解く手掛かりになっている。区域や交通の変化が、今の市街地と暮らし方に重なっている。,土地の顔として外せないのが赤紫蘇とモロヘイヤ。景観と文化を続けてたどれば、この地域らしい暮らしまで見えてくる。見学や散策を組み合わせれば、地域の個性を短時間でつかめる。風景だけでなく、土地の味や手仕事まで合わせて楽しみたい。
23425,愛知県,蟹江町,ｱｲﾁｹﾝ,ｶﾆｴﾁｮｳ,FALSE,23,近年の節目は1975年で、東名阪自動車道、蟹江−桑名間開通。1956年にも蟹江町が永和村（新千秋地区）の一部を編入合併。現在の景観には、復興と地域づくりの歩みが静かに刻まれている。今の町並みにも、その選択の跡が残る。,土地の顔として外せないのが須成祭と佐屋川創郷公園。景観と文化を続けてたどれば、この地域らしい暮らしまで見えてくる。季節や時間帯を変えると、土地の魅力を別の角度から味わえる。見学や散策を組み合わせれば、地域の個性を短時間でつかめる。
23427,愛知県,飛島村,ｱｲﾁｹﾝ,ﾄﾋﾞｼﾏﾑﾗ,FALSE,23,近年の節目は1971年で、名古屋港西部臨海地帯の西2区・4区を編入。1962年にも総延長8250 mの高潮堤防完成。積み重なった変化は、産業や文化の受け継がれ方にも表れている。現在の景観には、復興と地域づくりの歩みが静かに刻まれている。,土地の顔として外せないのが宝珠寺と藤前干潟。景観と文化を続けてたどれば、この地域らしい暮らしまで見えてくる。飛島村らしい景観と暮らしを一度に感じやすい。現地を歩くと、自然と産業、食文化の結びつきが見えてくる。
23441,愛知県,阿久比町,ｱｲﾁｹﾝ,ｱｸﾞｲﾁｮｳ,FALSE,23,戦後の合併や市街地の広がりを経て、阿久比町の行政区域が形づくられた。交通と産業の移り変わりも、町の個性を大きく育てた。積み重なった変化は、産業や文化の受け継がれ方にも表れている。現在の景観には、復興と地域づくりの歩みが静かに刻まれている。,知多型と坂部城を目当てに訪ねたい。自然や町並みと一緒に楽しむことで、この自治体ならではの魅力がつながる。季節ごとの表情も楽しい。土地の個性がよく見える。阿久比町らしい景観と暮らしを一度に感じやすい。今も土地の魅力を伝える。
23442,愛知県,東浦町,ｱｲﾁｹﾝ,ﾋｶﾞｼｳﾗﾁｮｳ,FALSE,23,2005年には森岡工業団地完成。さかのぼると、1999年には東浦町郷土資料館（うのはな館）開館。古い出来事だけでなく、戦後の選択が町の輪郭を大きく整えた。積み重なった変化は、産業や文化の受け継がれ方にも表れている。,よく知られる於大まつり、地域に根づく古墳が印象的。観光だけで終わらず、暮らしや文化の背景まで感じ取れる。土地の個性がよく見える。東浦町らしい景観と暮らしを一度に感じやすい。現地を歩くと、自然と産業、食文化の結びつきが見えてくる。
23445,愛知県,南知多町,ｱｲﾁｹﾝ,ﾐﾅﾐﾁﾀﾁｮｳ,FALSE,23,1961年に知多郡内海町・豊浜町・師崎町・篠島村・日間賀島村が合併して南知多町が発足。この出来事を軸に、戦後の区域整備や地域づくりが進んだ。古い出来事だけでなく、戦後の選択が町の輪郭を大きく整えた。今の町並みにも、その選択の跡が残る。,波まくらと豊浜鯛まつりを目当てに訪ねたい。自然や町並みと一緒に楽しむことで、この自治体ならではの魅力がつながる。季節ごとの表情も楽しい。土地の個性がよく見える。南知多町らしい景観と暮らしを一度に感じやすい。
23446,愛知県,美浜町,ｱｲﾁｹﾝ,ﾐﾊﾏﾁｮｳ,FALSE,23,戦後の区域再編と交通網の整備を重ね、美浜町の輪郭が整った。旧来の集落ごとの文化は、現在の地域づくりにも残っている。美浜町の現在を読み解く手掛かりになっている。区域や交通の変化が、今の市街地と暮らし方に重なっている。,土地の顔として外せないのが南知多ビーチランドと野間埼灯台。景観と文化を続けてたどれば、この地域らしい暮らしまで見えてくる。美浜町らしい景観と暮らしを一度に感じやすい。現地を歩くと、自然と産業、食文化の結びつきが見えてくる。
23447,愛知県,武豊町,ｱｲﾁｹﾝ,ﾀｹﾄﾖﾁｮｳ,FALSE,23,1954年、（旧）武豊町と富貴村が新設合併して（新）武豊町が発足。この出来事が、現在の自治体像につながる大きな節目となった。今の町並みにも、その選択の跡が残る。地域の歩みを今へ伝える節目だ。武豊町の現在を読み解く手掛かりになっている。,土地の顔として外せないのが武豊ふれあい山車まつりと円観寺。景観と文化を続けてたどれば、この地域らしい暮らしまで見えてくる。風景だけでなく、土地の味や手仕事まで合わせて楽しみたい。季節ごとの表情も楽しい。
23501,愛知県,幸田町,ｱｲﾁｹﾝ,ｺｳﾀﾁｮｳ,FALSE,23,近年の節目は1996年で、幸田町立図書館開館。1985年にも幸田町役場新庁舎竣工。地域の歩みを今へ伝える節目だ。幸田町の現在を読み解く手掛かりになっている。区域や交通の変化が、今の市街地と暮らし方に重なっている。,土地の顔として外せないのが新春自由凧揚げと大草城。景観と文化を続けてたどれば、この地域らしい暮らしまで見えてくる。季節や時間帯を変えると、土地の魅力を別の角度から味わえる。見学や散策を組み合わせれば、地域の個性を短時間でつかめる。
23561,愛知県,設楽町,ｱｲﾁｹﾝ,ｼﾀﾗﾁｮｳ,FALSE,23,2005年、〈旧〉設楽町と津具村が合併し、〈新〉設楽町が発足。現在の区域をたどると、1956年には北設楽郡田口町、段嶺村、名倉村、振草村の一部が合併して〈旧〉設楽町が発足。古い出来事だけでなく、戦後の選択が町の輪郭を大きく整えた。,土地の顔として外せないのがからすみと花祭。景観と文化を続けてたどれば、この地域らしい暮らしまで見えてくる。季節や時間帯を変えると、土地の魅力を別の角度から味わえる。見学や散策を組み合わせれば、地域の個性を短時間でつかめる。
23562,愛知県,東栄町,ｱｲﾁｹﾝ,ﾄｳｴｲﾁｮｳ,FALSE,23,1956年、東栄町が三輪村の一部（奈根、長岡）を、大字三輪として編入。この出来事が、現在の自治体像につながる大きな節目となった。古い出来事だけでなく、戦後の選択が町の輪郭を大きく整えた。今の町並みにも、その選択の跡が残る。,よく知られるもりそば、地域に根づく花祭が印象的。観光だけで終わらず、暮らしや文化の背景まで感じ取れる。季節や時間帯を変えると、土地の魅力を別の角度から味わえる。見学や散策を組み合わせれば、地域の個性を短時間でつかめる。
23563,愛知県,豊根村,ｱｲﾁｹﾝ,ﾄﾖﾈﾑﾗ,FALSE,23,戦後の区域再編と交通網の整備を重ね、豊根村の輪郭が整った。旧来の集落ごとの文化は、現在の地域づくりにも残っている。区域や交通の変化が、今の市街地と暮らし方に重なっている。古い出来事だけでなく、戦後の選択が町の輪郭を大きく整えた。,土地の顔として外せないのが花祭と茶臼山高原。景観と文化を続けてたどれば、この地域らしい暮らしまで見えてくる。風景だけでなく、土地の味や手仕事まで合わせて楽しみたい。季節ごとの表情も楽しい。土地の個性がよく見える。
24000,三重県,,ﾐｴｹﾝ,,TRUE,24,,
24201,三重県,津市,ﾐｴｹﾝ,ﾂｼ,FALSE,24,2006年に久居市・安芸郡河芸町・芸濃町・美里村・安濃町・一志郡香良洲町・一志町・白山町・美杉村と合併し、改めて津市が発足。それ以前の1973年には安芸郡豊里村を編入。今の町並みにも、その選択の跡が残る。,津ぎょうざと榊原温泉が代表格。史跡や自然、祭り、土地の味を組み合わせて巡ると、町の輪郭が立体的に見えてくる。見学や散策を組み合わせれば、地域の個性を短時間でつかめる。風景だけでなく、土地の味や手仕事まで合わせて楽しみたい。
24202,三重県,四日市市,ﾐｴｹﾝ,ﾖｯｶｲﾁｼ,FALSE,24,2023年、近鉄四日市駅再開発事業の諏訪栄町周辺の東側の中央通り工事開始。現在の区域をたどると、2005年には三重郡楠町を編入。現在の景観には、復興と地域づくりの歩みが静かに刻まれている。今の町並みにも、その選択の跡が残る。,萬古焼と四日市港ポートビルは、土地らしさを伝える好例。周辺の景観や食文化も合わせると、短い滞在でも特徴をつかみやすい。四日市市らしい景観と暮らしを一度に感じやすい。現地を歩くと、自然と産業、食文化の結びつきが見えてくる。
24203,三重県,伊勢市,ﾐｴｹﾝ,ｲｾｼ,FALSE,24,近年の節目は2006年で、度会郡玉城町の一部（大字長更の一部）を編入。2001年にも柏町の一部を多気郡明和町に編入。区域や交通の変化が、今の市街地と暮らし方に重なっている。古い出来事だけでなく、戦後の選択が町の輪郭を大きく整えた。,伊勢神宮とおかげ横丁を目当てに訪ねたい。自然や町並みと一緒に楽しむことで、この自治体ならではの魅力がつながる。見学や散策を組み合わせれば、地域の個性を短時間でつかめる。風景だけでなく、土地の味や手仕事まで合わせて楽しみたい。
24204,三重県,松阪市,ﾐｴｹﾝ,ﾏﾂｻｶｼ,FALSE,24,近年の節目は2012年で、国道23号線中勢バイパス、嬉野新屋庄町 - 津市境間、暫定2車線で完成。2005年にも一志郡嬉野町・三雲町・飯南郡飯南町・飯高町と合併し、改めて松阪市が発足。区域や交通の変化が、今の市街地と暮らし方に重なっている。,松阪牛と御城番屋敷を目当てに訪ねたい。自然や町並みと一緒に楽しむことで、この自治体ならではの魅力がつながる。季節ごとの表情も楽しい。土地の個性がよく見える。松阪市らしい景観と暮らしを一度に感じやすい。
24205,三重県,桑名市,ﾐｴｹﾝ,ｸﾜﾅｼ,FALSE,24,2004年、桑名郡多度町・長島町と合併し、改めて桑名市が発足。現在の区域をたどると、1956年には桑名郡城南村を編入。今の町並みにも、その選択の跡が残る。地域の歩みを今へ伝える節目だ。桑名市の現在を読み解く手掛かりになっている。,ナガシマスパーランドと六華苑を目当てに訪ねたい。自然や町並みと一緒に楽しむことで、この自治体ならではの魅力がつながる。土地の個性がよく見える。桑名市らしい景観と暮らしを一度に感じやすい。季節ごとの表情も楽しい。
24207,三重県,鈴鹿市,ﾐｴｹﾝ,ｽｽﾞｶｼ,FALSE,24,1967年には鈴鹿郡鈴峰村を編入。さかのぼると、1957年には鈴鹿郡三鈴村の一部（大字下大久保・岸田・山本・小社・小岐須・大久保）を編入。現在の景観には、復興と地域づくりの歩みが静かに刻まれている。今の町並みにも、その選択の跡が残る。,鈴鹿サーキットと椿大神社が代表格。史跡や自然、祭り、土地の味を組み合わせて巡ると、町の輪郭が立体的に見えてくる。現地を歩くと、自然と産業、食文化の結びつきが見えてくる。季節や時間帯を変えると、土地の魅力を別の角度から味わえる。
24208,三重県,名張市,ﾐｴｹﾝ,ﾅﾊﾞﾘｼ,FALSE,24,1973年、国道165号開通。現在の区域をたどると、1957年には名賀郡古山村の一部（大字南）を編入（古山村の残部は上野市（現伊賀市）に編入）。今の町並みにも、その選択の跡が残る。地域の歩みを今へ伝える節目だ。,赤目四十八滝と青蓮寺湖を目当てに訪ねたい。自然や町並みと一緒に楽しむことで、この自治体ならではの魅力がつながる。名張市らしい景観と暮らしを一度に感じやすい。現地を歩くと、自然と産業、食文化の結びつきが見えてくる。
24209,三重県,尾鷲市,ﾐｴｹﾝ,ｵﾜｾｼ,FALSE,24,近年の節目は1971年で、集中豪雨により土砂災害が発生。1954年にも北牟婁郡尾鷲町、須賀利村、九鬼村、南牟婁郡北輪内村、南輪内村が合併し、尾鷲市となる。尾鷲市の現在を読み解く手掛かりになっている。今の町並みにも、その選択の跡が残る。,熊野古道と尾鷲ヒノキを目当てに訪ねたい。自然や町並みと一緒に楽しむことで、この自治体ならではの魅力がつながる。現地を歩くと、自然と産業、食文化の結びつきが見えてくる。季節や時間帯を変えると、土地の魅力を別の角度から味わえる。
24210,三重県,亀山市,ﾐｴｹﾝ,ｶﾒﾔﾏｼ,FALSE,24,2005年に（旧）亀山市・鈴鹿郡関町が合併し、新・亀山市が発足。それ以前の1958年には安芸郡芸濃町の一部（大字楠平尾の一部）を編入。区域や交通の変化が、今の市街地と暮らし方に重なっている。今の町並みにも、その選択の跡が残る。,関宿と亀山城跡が代表格。史跡や自然、祭り、土地の味を組み合わせて巡ると、町の輪郭が立体的に見えてくる。季節や時間帯を変えると、土地の魅力を別の角度から味わえる。見学や散策を組み合わせれば、地域の個性を短時間でつかめる。
24211,三重県,鳥羽市,ﾐｴｹﾝ,ﾄﾊﾞｼ,FALSE,24,1977年、国際観光文化都市に指定される。現在の区域をたどると、1954年には志摩郡鳥羽町・加茂村・長岡村・鏡浦村・桃取村・答志村・菅島村・神島村が合併して発足。現在の景観には、復興と地域づくりの歩みが静かに刻まれている。,鳥羽水族館とミキモト真珠島を目当てに訪ねたい。自然や町並みと一緒に楽しむことで、この自治体ならではの魅力がつながる。季節や時間帯を変えると、土地の魅力を別の角度から味わえる。見学や散策を組み合わせれば、地域の個性を短時間でつかめる。
24212,三重県,熊野市,ﾐｴｹﾝ,ｸﾏﾉｼ,FALSE,24,近年の節目は2005年で、（旧）熊野市が南牟婁郡紀和町と合併し、改めて熊野市（第2次）が発足。1957年にも南牟婁郡神志山村の一部（大字久生屋・金山）を編入。地域の歩みを今へ伝える節目だ。熊野市の現在を読み解く手掛かりになっている。,那智黒石と熊野大花火大会を目当てに訪ねたい。自然や町並みと一緒に楽しむことで、この自治体ならではの魅力がつながる。現地を歩くと、自然と産業、食文化の結びつきが見えてくる。季節や時間帯を変えると、土地の魅力を別の角度から味わえる。
24214,三重県,いなべ市,ﾐｴｹﾝ,ｲﾅﾍﾞｼ,FALSE,24,2003年には員弁郡北勢町・員弁町・大安町・藤原町の4町が合併していなべ市が発足。ここから今の区域と地域づくりがはっきり形になった。いなべ市の現在を読み解く手掛かりになっている。区域や交通の変化が、今の市街地と暮らし方に重なっている。,青川峡に加え、にぎわいの森もよく知られる。見る、歩く、味わうを組み合わせやすく、土地の個性に触れられる。風景だけでなく、土地の味や手仕事まで合わせて楽しみたい。季節ごとの表情も楽しい。土地の個性がよく見える。
24215,三重県,志摩市,ﾐｴｹﾝ,ｼﾏｼ,FALSE,24,戦後の合併や市街地の広がりを経て、志摩市の行政区域が形づくられた。交通と産業の移り変わりも、町の個性を大きく育てた。積み重なった変化は、産業や文化の受け継がれ方にも表れている。現在の景観には、復興と地域づくりの歩みが静かに刻まれている。,英虞湾と横山展望台を目当てに訪ねたい。自然や町並みと一緒に楽しむことで、この自治体ならではの魅力がつながる。見学や散策を組み合わせれば、地域の個性を短時間でつかめる。風景だけでなく、土地の味や手仕事まで合わせて楽しみたい。
24216,三重県,伊賀市,ﾐｴｹﾝ,ｲｶﾞｼ,FALSE,24,2019年に市役所を四十九町に移転。この出来事を軸に、戦後の区域整備や地域づくりが進んだ。現在の景観には、復興と地域づくりの歩みが静かに刻まれている。今の町並みにも、その選択の跡が残る。地域の歩みを今へ伝える節目だ。,伊賀上野城と伊賀流忍者博物館を目当てに訪ねたい。自然や町並みと一緒に楽しむことで、この自治体ならではの魅力がつながる。伊賀市らしい景観と暮らしを一度に感じやすい。現地を歩くと、自然と産業、食文化の結びつきが見えてくる。
24303,三重県,木曽岬町,ﾐｴｹﾝ,ｷｿｻｷﾁｮｳ,FALSE,24,現在の行政区域は、戦後の町村合併や交通・産業の変化を重ねながら形づくられた。地域ごとの文化も木曽岬町の地域づくりへ受け継がれた。木曽岬町の現在を読み解く手掛かりになっている。区域や交通の変化が、今の市街地と暮らし方に重なっている。,鍋田川堤桜並木と鍋田川が代表格。史跡や自然、祭り、土地の味を組み合わせて巡ると、町の輪郭が立体的に見えてくる。季節や時間帯を変えると、土地の魅力を別の角度から味わえる。見学や散策を組み合わせれば、地域の個性を短時間でつかめる。
24324,三重県,東員町,ﾐｴｹﾝ,ﾄｳｲﾝﾁｮｳ,FALSE,24,1967年、東員村が町制施行して東員町となる。現在の区域をたどると、1955年には久米村の一部（大字中上）を編入。今の町並みにも、その選択の跡が残る。地域の歩みを今へ伝える節目だ。東員町の現在を読み解く手掛かりになっている。,土地の顔として外せないのがやぶさめ最中と猪名部神社。景観と文化を続けてたどれば、この地域らしい暮らしまで見えてくる。季節や時間帯を変えると、土地の魅力を別の角度から味わえる。見学や散策を組み合わせれば、地域の個性を短時間でつかめる。
24341,三重県,菰野町,ﾐｴｹﾝ,ｺﾓﾉﾁｮｳ,FALSE,24,2018年、湯の山かもしか大橋が開通。現在の区域をたどると、2008年には菰野町図書館が完成。古い出来事だけでなく、戦後の選択が町の輪郭を大きく整えた。積み重なった変化は、産業や文化の受け継がれ方にも表れている。,土地の顔として外せないのが僧兵祭りと三嶽寺。景観と文化を続けてたどれば、この地域らしい暮らしまで見えてくる。土地の個性がよく見える。菰野町らしい景観と暮らしを一度に感じやすい。現地を歩くと、自然と産業、食文化の結びつきが見えてくる。
24343,三重県,朝日町,ﾐｴｹﾝ,ｱｻﾋﾁｮｳ,FALSE,24,戦後の区域再編と交通網の整備を重ね、朝日町の輪郭が整った。旧来の集落ごとの文化は、現在の地域づくりにも残っている。区域や交通の変化が、今の市街地と暮らし方に重なっている。古い出来事だけでなく、戦後の選択が町の輪郭を大きく整えた。,土地の顔として外せないのが朝日町歴史博物館と縄生廃寺跡。景観と文化を続けてたどれば、この地域らしい暮らしまで見えてくる。朝日町らしい景観と暮らしを一度に感じやすい。現地を歩くと、自然と産業、食文化の結びつきが見えてくる。
24344,三重県,川越町,ﾐｴｹﾝ,ｶﾜｺﾞｴﾁｮｳ,FALSE,24,1961年、川越村が町制施行して、川越町となる。この出来事が、現在の自治体像につながる大きな節目となった。古い出来事だけでなく、戦後の選択が町の輪郭を大きく整えた。積み重なった変化は、産業や文化の受け継がれ方にも表れている。,よく知られる石取祭、地域に根づく川越電力館テラ46が印象的。観光だけで終わらず、暮らしや文化の背景まで感じ取れる。見学や散策を組み合わせれば、地域の個性を短時間でつかめる。風景だけでなく、土地の味や手仕事まで合わせて楽しみたい。
24441,三重県,多気町,ﾐｴｹﾝ,ﾀｷﾁｮｳ,FALSE,24,2006年に勢和村と新設合併し、改めて多気町が発足。それ以前の1959年には西外城田村を編入。多気町の現在を読み解く手掛かりになっている。区域や交通の変化が、今の市街地と暮らし方に重なっている。今の町並みにも、その選択の跡が残る。,よく知られる丹生大師、地域に根づく丹生神社・丹生中神社が印象的。観光だけで終わらず、暮らしや文化の背景まで感じ取れる。季節ごとの表情も楽しい。土地の個性がよく見える。多気町らしい景観と暮らしを一度に感じやすい。
24442,三重県,明和町,ﾐｴｹﾝ,ﾒｲﾜﾁｮｳ,FALSE,24,戦後の区域再編と交通網の整備を重ね、明和町の輪郭が整った。旧来の集落ごとの文化は、現在の地域づくりにも残っている。区域や交通の変化が、今の市街地と暮らし方に重なっている。古い出来事だけでなく、戦後の選択が町の輪郭を大きく整えた。,土地の顔として外せないのが斎宮跡といつきのみや歴史体験館。景観と文化を続けてたどれば、この地域らしい暮らしまで見えてくる。季節や時間帯を変えると、土地の魅力を別の角度から味わえる。見学や散策を組み合わせれば、地域の個性を短時間でつかめる。
24443,三重県,大台町,ﾐｴｹﾝ,ｵｵﾀﾞｲﾁｮｳ,FALSE,24,2006年には多気郡宮川村と新設合併し、改めて大台町が発足。さかのぼると、1956年には多気郡三瀬谷町・川添村が新設合併して大台町が発足。現在の景観には、復興と地域づくりの歩みが静かに刻まれている。今の町並みにも、その選択の跡が残る。,よく知られる川添神社、地域に根づく大台ヶ原が印象的。観光だけで終わらず、暮らしや文化の背景まで感じ取れる。大台町らしい景観と暮らしを一度に感じやすい。現地を歩くと、自然と産業、食文化の結びつきが見えてくる。
24461,三重県,玉城町,ﾐｴｹﾝ,ﾀﾏｷﾁｮｳ,FALSE,24,1956年、下外城田村を編入。この出来事が、現在の自治体像につながる大きな節目となった。地域の歩みを今へ伝える節目だ。玉城町の現在を読み解く手掛かりになっている。区域や交通の変化が、今の市街地と暮らし方に重なっている。,よく知られる玉城豚、地域に根づく田丸城が印象的。観光だけで終わらず、暮らしや文化の背景まで感じ取れる。季節ごとの表情も楽しい。土地の個性がよく見える。玉城町らしい景観と暮らしを一度に感じやすい。今も土地の魅力を伝える。
24470,三重県,度会町,ﾐｴｹﾝ,ﾜﾀﾗｲﾁｮｳ,FALSE,24,近年の節目は1968年で、度会村が町制施行して度会町となる。1955年にも小川郷村・内城田村・一之瀬村・中川村が合併して度会村が発足。積み重なった変化は、産業や文化の受け継がれ方にも表れている。今の町並みにも、その選択の跡が残る。,土地の顔として外せないのが一之瀬獅子神楽と久具都比賣神社。景観と文化を続けてたどれば、この地域らしい暮らしまで見えてくる。見学や散策を組み合わせれば、地域の個性を短時間でつかめる。風景だけでなく、土地の味や手仕事まで合わせて楽しみたい。
24471,三重県,大紀町,ﾐｴｹﾝ,ﾀｲｷﾁｮｳ,FALSE,24,2005年、度会郡大宮町・紀勢町・大内山村が合併して大紀町が発足。この出来事が、現在の自治体像につながる大きな節目となった。積み重なった変化は、産業や文化の受け継がれ方にも表れている。今の町並みにも、その選択の跡が残る。,よく知られる大内山牛乳、地域に根づく御木曳が印象的。観光だけで終わらず、暮らしや文化の背景まで感じ取れる。見学や散策を組み合わせれば、地域の個性を短時間でつかめる。風景だけでなく、土地の味や手仕事まで合わせて楽しみたい。
24472,三重県,南伊勢町,ﾐｴｹﾝ,ﾐﾅﾐｲｾﾁｮｳ,FALSE,24,2005年に度会郡南勢町・南島町が合併して南伊勢町が発足。この出来事を軸に、戦後の区域整備や地域づくりが進んだ。区域や交通の変化が、今の市街地と暮らし方に重なっている。古い出来事だけでなく、戦後の選択が町の輪郭を大きく整えた。,鵜倉園地と五ヶ所湾が代表格。史跡や自然、祭り、土地の味を組み合わせて巡ると、町の輪郭が立体的に見えてくる。現地を歩くと、自然と産業、食文化の結びつきが見えてくる。季節や時間帯を変えると、土地の魅力を別の角度から味わえる。
24543,三重県,紀北町,ﾐｴｹﾝ,ｷﾎｸﾁｮｳ,FALSE,24,今の町の姿は、戦後に進んだ町村の再編と産業構造の変化から生まれた。異なる地域の暮らしが紀北町へ結び直された。今の町並みにも、その選択の跡が残る。地域の歩みを今へ伝える節目だ。紀北町の現在を読み解く手掛かりになっている。,よく知られる燈籠祭、地域に根づく紀伊山地の霊場と参詣道が印象的。観光だけで終わらず、暮らしや文化の背景まで感じ取れる。紀北町らしい景観と暮らしを一度に感じやすい。現地を歩くと、自然と産業、食文化の結びつきが見えてくる。
24561,三重県,御浜町,ﾐｴｹﾝ,ﾐﾊﾏﾁｮｳ,FALSE,24,現在の行政区域は、戦後の町村合併や交通・産業の変化を重ねながら形づくられた。地域ごとの文化も御浜町の地域づくりへ受け継がれた。今の町並みにも、その選択の跡が残る。地域の歩みを今へ伝える節目だ。御浜町の現在を読み解く手掛かりになっている。,よく知られる七里御浜、地域に根づく道の駅パーク七里御浜が印象的。観光だけで終わらず、暮らしや文化の背景まで感じ取れる。季節ごとの表情も楽しい。土地の個性がよく見える。御浜町らしい景観と暮らしを一度に感じやすい。
24562,三重県,紀宝町,ﾐｴｹﾝ,ｷﾎｳﾁｮｳ,FALSE,24,2006年に鵜殿村と合併し、改めて紀宝町が発足。それ以前の1954年には井田村・御船村・相野谷村が合併して紀宝町が発足。積み重なった変化は、産業や文化の受け継がれ方にも表れている。現在の景観には、復興と地域づくりの歩みが静かに刻まれている。,よく知られる道の駅紀宝町ウミガメ公園、地域に根づく飛雪の滝が印象的。観光だけで終わらず、暮らしや文化の背景まで感じ取れる。風景だけでなく、土地の味や手仕事まで合わせて楽しみたい。季節ごとの表情も楽しい。
25000,滋賀県,,ｼｶﾞｹﾝ,,TRUE,25,,
25201,滋賀県,大津市,ｼｶﾞｹﾝ,ｵｵﾂｼ,FALSE,25,,
25202,滋賀県,彦根市,ｼｶﾞｹﾝ,ﾋｺﾈｼ,FALSE,25,,
25203,滋賀県,長浜市,ｼｶﾞｹﾝ,ﾅｶﾞﾊﾏｼ,FALSE,25,,
25204,滋賀県,近江八幡市,ｼｶﾞｹﾝ,ｵｳﾐﾊﾁﾏﾝｼ,FALSE,25,,
25206,滋賀県,草津市,ｼｶﾞｹﾝ,ｸｻﾂｼ,FALSE,25,,
25207,滋賀県,守山市,ｼｶﾞｹﾝ,ﾓﾘﾔﾏｼ,FALSE,25,,
25208,滋賀県,栗東市,ｼｶﾞｹﾝ,ﾘｯﾄｳｼ,FALSE,25,,
25209,滋賀県,甲賀市,ｼｶﾞｹﾝ,ｺｳｶｼ,FALSE,25,,
25210,滋賀県,野洲市,ｼｶﾞｹﾝ,ﾔｽｼ,FALSE,25,,
25211,滋賀県,湖南市,ｼｶﾞｹﾝ,ｺﾅﾝｼ,FALSE,25,,
25212,滋賀県,高島市,ｼｶﾞｹﾝ,ﾀｶｼﾏｼ,FALSE,25,,
25213,滋賀県,東近江市,ｼｶﾞｹﾝ,ﾋｶﾞｼｵｳﾐｼ,FALSE,25,,
25214,滋賀県,米原市,ｼｶﾞｹﾝ,ﾏｲﾊﾞﾗｼ,FALSE,25,,
25383,滋賀県,日野町,ｼｶﾞｹﾝ,ﾋﾉﾁｮｳ,FALSE,25,,
25384,滋賀県,竜王町,ｼｶﾞｹﾝ,ﾘﾕｳｵｳﾁｮｳ,FALSE,25,,
25425,滋賀県,愛荘町,ｼｶﾞｹﾝ,ｱｲｼｮｳﾁｮｳ,FALSE,25,,
25441,滋賀県,豊郷町,ｼｶﾞｹﾝ,ﾄﾖｻﾄﾁｮｳ,FALSE,25,,
25442,滋賀県,甲良町,ｼｶﾞｹﾝ,ｺｳﾗﾁｮｳ,FALSE,25,,
25443,滋賀県,多賀町,ｼｶﾞｹﾝ,ﾀｶﾞﾁｮｳ,FALSE,25,,
26000,京都府,,ｷｮｳﾄﾌ,,TRUE,26,,
26100,京都府,京都市,ｷｮｳﾄﾌ,ｷｮｳﾄｼ,FALSE,26,,
26101,京都府,京都市北区,ｷｮｳﾄﾌ,ｷｮｳﾄｼｷﾀｸ,FALSE,26,,
26102,京都府,京都市上京区,ｷｮｳﾄﾌ,ｷｮｳﾄｼｶﾐｷﾞｮｳｸ,FALSE,26,,
26103,京都府,京都市左京区,ｷｮｳﾄﾌ,ｷｮｳﾄｼｻｷｮｳｸ,FALSE,26,,
26104,京都府,京都市中京区,ｷｮｳﾄﾌ,ｷｮｳﾄｼﾅｶｷﾞｮｳｸ,FALSE,26,,
26105,京都府,京都市東山区,ｷｮｳﾄﾌ,ｷｮｳﾄｼﾋｶﾞｼﾔﾏｸ,FALSE,26,,
26106,京都府,京都市下京区,ｷｮｳﾄﾌ,ｷｮｳﾄｼｼﾓｷﾞｮｳｸ,FALSE,26,,
26107,京都府,京都市南区,ｷｮｳﾄﾌ,ｷｮｳﾄｼﾐﾅﾐｸ,FALSE,26,,
26108,京都府,京都市右京区,ｷｮｳﾄﾌ,ｷｮｳﾄｼｳｷｮｳｸ,FALSE,26,,
26109,京都府,京都市伏見区,ｷｮｳﾄﾌ,ｷｮｳﾄｼﾌｼﾐｸ,FALSE,26,,
26110,京都府,京都市山科区,ｷｮｳﾄﾌ,ｷｮｳﾄｼﾔﾏｼﾅｸ,FALSE,26,,
26111,京都府,京都市西京区,ｷｮｳﾄﾌ,ｷｮｳﾄｼﾆｼｷｮｳｸ,FALSE,26,,
26201,京都府,福知山市,ｷｮｳﾄﾌ,ﾌｸﾁﾔﾏｼ,FALSE,26,,
26202,京都府,舞鶴市,ｷｮｳﾄﾌ,ﾏｲﾂﾞﾙｼ,FALSE,26,,
26203,京都府,綾部市,ｷｮｳﾄﾌ,ｱﾔﾍﾞｼ,FALSE,26,,
26204,京都府,宇治市,ｷｮｳﾄﾌ,ｳｼﾞｼ,FALSE,26,,
26205,京都府,宮津市,ｷｮｳﾄﾌ,ﾐﾔﾂﾞｼ,FALSE,26,,
26206,京都府,亀岡市,ｷｮｳﾄﾌ,ｶﾒｵｶｼ,FALSE,26,,
26207,京都府,城陽市,ｷｮｳﾄﾌ,ｼﾞｮｳﾖｳｼ,FALSE,26,,
26208,京都府,向日市,ｷｮｳﾄﾌ,ﾑｺｳｼ,FALSE,26,,
26209,京都府,長岡京市,ｷｮｳﾄﾌ,ﾅｶﾞｵｶｷｮｳｼ,FALSE,26,,
26210,京都府,八幡市,ｷｮｳﾄﾌ,ﾔﾜﾀｼ,FALSE,26,,
26211,京都府,京田辺市,ｷｮｳﾄﾌ,ｷｮｳﾀﾅﾍﾞｼ,FALSE,26,,
26212,京都府,京丹後市,ｷｮｳﾄﾌ,ｷｮｳﾀﾝｺﾞｼ,FALSE,26,,
26213,京都府,南丹市,ｷｮｳﾄﾌ,ﾅﾝﾀﾝｼ,FALSE,26,,
26214,京都府,木津川市,ｷｮｳﾄﾌ,ｷﾂﾞｶﾞﾜｼ,FALSE,26,,
26303,京都府,大山崎町,ｷｮｳﾄﾌ,ｵｵﾔﾏｻﾞｷﾁｮｳ,FALSE,26,,
26322,京都府,久御山町,ｷｮｳﾄﾌ,ｸﾐﾔﾏﾁｮｳ,FALSE,26,,
26343,京都府,井手町,ｷｮｳﾄﾌ,ｲﾃﾞﾁｮｳ,FALSE,26,,
26344,京都府,宇治田原町,ｷｮｳﾄﾌ,ｳｼﾞﾀﾜﾗﾁｮｳ,FALSE,26,,
26364,京都府,笠置町,ｷｮｳﾄﾌ,ｶｻｷﾞﾁｮｳ,FALSE,26,,
26365,京都府,和束町,ｷｮｳﾄﾌ,ﾜﾂﾞｶﾁｮｳ,FALSE,26,,
26366,京都府,精華町,ｷｮｳﾄﾌ,ｾｲｶﾁｮｳ,FALSE,26,,
26367,京都府,南山城村,ｷｮｳﾄﾌ,ﾐﾅﾐﾔﾏｼﾛﾑﾗ,FALSE,26,,
26407,京都府,京丹波町,ｷｮｳﾄﾌ,ｷｮｳﾀﾝﾊﾞﾁｮｳ,FALSE,26,,
26463,京都府,伊根町,ｷｮｳﾄﾌ,ｲﾈﾁｮｳ,FALSE,26,,
26465,京都府,与謝野町,ｷｮｳﾄﾌ,ﾖｻﾉﾁｮｳ,FALSE,26,,
27000,大阪府,,ｵｵｻｶﾌ,,TRUE,27,,
27100,大阪府,大阪市,ｵｵｻｶﾌ,ｵｵｻｶｼ,FALSE,27,,
27102,大阪府,大阪市都島区,ｵｵｻｶﾌ,ｵｵｻｶｼﾐﾔｺｼﾞﾏｸ,FALSE,27,,
27103,大阪府,大阪市福島区,ｵｵｻｶﾌ,ｵｵｻｶｼﾌｸｼﾏｸ,FALSE,27,,
27104,大阪府,大阪市此花区,ｵｵｻｶﾌ,ｵｵｻｶｼｺﾉﾊﾅｸ,FALSE,27,,
27106,大阪府,大阪市西区,ｵｵｻｶﾌ,ｵｵｻｶｼﾆｼｸ,FALSE,27,,
27107,大阪府,大阪市港区,ｵｵｻｶﾌ,ｵｵｻｶｼﾐﾅﾄｸ,FALSE,27,,
27108,大阪府,大阪市大正区,ｵｵｻｶﾌ,ｵｵｻｶｼﾀｲｼｮｳｸ,FALSE,27,,
27109,大阪府,大阪市天王寺区,ｵｵｻｶﾌ,ｵｵｻｶｼﾃﾝﾉｳｼﾞｸ,FALSE,27,,
27111,大阪府,大阪市浪速区,ｵｵｻｶﾌ,ｵｵｻｶｼﾅﾆﾜｸ,FALSE,27,,
27113,大阪府,大阪市西淀川区,ｵｵｻｶﾌ,ｵｵｻｶｼﾆｼﾖﾄﾞｶﾞﾜｸ,FALSE,27,,
27114,大阪府,大阪市東淀川区,ｵｵｻｶﾌ,ｵｵｻｶｼﾋｶﾞｼﾖﾄﾞｶﾞﾜｸ,FALSE,27,,
27115,大阪府,大阪市東成区,ｵｵｻｶﾌ,ｵｵｻｶｼﾋｶﾞｼﾅﾘｸ,FALSE,27,,
27116,大阪府,大阪市生野区,ｵｵｻｶﾌ,ｵｵｻｶｼｲｸﾉｸ,FALSE,27,,
27117,大阪府,大阪市旭区,ｵｵｻｶﾌ,ｵｵｻｶｼｱｻﾋｸ,FALSE,27,,
27118,大阪府,大阪市城東区,ｵｵｻｶﾌ,ｵｵｻｶｼｼﾞｮｳﾄｳｸ,FALSE,27,,
27119,大阪府,大阪市阿倍野区,ｵｵｻｶﾌ,ｵｵｻｶｼｱﾍﾞﾉｸ,FALSE,27,,
27120,大阪府,大阪市住吉区,ｵｵｻｶﾌ,ｵｵｻｶｼｽﾐﾖｼｸ,FALSE,27,,
27121,大阪府,大阪市東住吉区,ｵｵｻｶﾌ,ｵｵｻｶｼﾋｶﾞｼｽﾐﾖｼｸ,FALSE,27,,
27122,大阪府,大阪市西成区,ｵｵｻｶﾌ,ｵｵｻｶｼﾆｼﾅﾘｸ,FALSE,27,,
27123,大阪府,大阪市淀川区,ｵｵｻｶﾌ,ｵｵｻｶｼﾖﾄﾞｶﾞﾜｸ,FALSE,27,,
27124,大阪府,大阪市鶴見区,ｵｵｻｶﾌ,ｵｵｻｶｼﾂﾙﾐｸ,FALSE,27,,
27125,大阪府,大阪市住之江区,ｵｵｻｶﾌ,ｵｵｻｶｼｽﾐﾉｴｸ,FALSE,27,,
27126,大阪府,大阪市平野区,ｵｵｻｶﾌ,ｵｵｻｶｼﾋﾗﾉｸ,FALSE,27,,
27127,大阪府,大阪市北区,ｵｵｻｶﾌ,ｵｵｻｶｼｷﾀｸ,FALSE,27,,
27128,大阪府,大阪市中央区,ｵｵｻｶﾌ,ｵｵｻｶｼﾁｭｳｵｳｸ,FALSE,27,,
27140,大阪府,堺市,ｵｵｻｶﾌ,ｻｶｲｼ,FALSE,27,,
27141,大阪府,堺市堺区,ｵｵｻｶﾌ,ｻｶｲｼｻｶｲｸ,FALSE,27,,
27142,大阪府,堺市中区,ｵｵｻｶﾌ,ｻｶｲｼﾅｶｸ,FALSE,27,,
27143,大阪府,堺市東区,ｵｵｻｶﾌ,ｻｶｲｼﾋｶﾞｼｸ,FALSE,27,,
27144,大阪府,堺市西区,ｵｵｻｶﾌ,ｻｶｲｼﾆｼｸ,FALSE,27,,
27145,大阪府,堺市南区,ｵｵｻｶﾌ,ｻｶｲｼﾐﾅﾐｸ,FALSE,27,,
27146,大阪府,堺市北区,ｵｵｻｶﾌ,ｻｶｲｼｷﾀｸ,FALSE,27,,
27147,大阪府,堺市美原区,ｵｵｻｶﾌ,ｻｶｲｼﾐﾊﾗｸ,FALSE,27,,
27202,大阪府,岸和田市,ｵｵｻｶﾌ,ｷｼﾜﾀﾞｼ,FALSE,27,,
27203,大阪府,豊中市,ｵｵｻｶﾌ,ﾄﾖﾅｶｼ,FALSE,27,,
27204,大阪府,池田市,ｵｵｻｶﾌ,ｲｹﾀﾞｼ,FALSE,27,,
27205,大阪府,吹田市,ｵｵｻｶﾌ,ｽｲﾀｼ,FALSE,27,,
27206,大阪府,泉大津市,ｵｵｻｶﾌ,ｲｽﾞﾐｵｵﾂｼ,FALSE,27,,
27207,大阪府,高槻市,ｵｵｻｶﾌ,ﾀｶﾂｷｼ,FALSE,27,,
27208,大阪府,貝塚市,ｵｵｻｶﾌ,ｶｲﾂﾞｶｼ,FALSE,27,,
27209,大阪府,守口市,ｵｵｻｶﾌ,ﾓﾘｸﾞﾁｼ,FALSE,27,,
27210,大阪府,枚方市,ｵｵｻｶﾌ,ﾋﾗｶﾀｼ,FALSE,27,,
27211,大阪府,茨木市,ｵｵｻｶﾌ,ｲﾊﾞﾗｷｼ,FALSE,27,,
27212,大阪府,八尾市,ｵｵｻｶﾌ,ﾔｵｼ,FALSE,27,,
27213,大阪府,泉佐野市,ｵｵｻｶﾌ,ｲｽﾞﾐｻﾉｼ,FALSE,27,,
27214,大阪府,富田林市,ｵｵｻｶﾌ,ﾄﾝﾀﾞﾊﾞﾔｼｼ,FALSE,27,,
27215,大阪府,寝屋川市,ｵｵｻｶﾌ,ﾈﾔｶﾞﾜｼ,FALSE,27,,
27216,大阪府,河内長野市,ｵｵｻｶﾌ,ｶﾜﾁﾅｶﾞﾉｼ,FALSE,27,,
27217,大阪府,松原市,ｵｵｻｶﾌ,ﾏﾂﾊﾞﾗｼ,FALSE,27,,
27218,大阪府,大東市,ｵｵｻｶﾌ,ﾀﾞｲﾄｳｼ,FALSE,27,,
27219,大阪府,和泉市,ｵｵｻｶﾌ,ｲｽﾞﾐｼ,FALSE,27,,
27220,大阪府,箕面市,ｵｵｻｶﾌ,ﾐﾉｵｼ,FALSE,27,,
27221,大阪府,柏原市,ｵｵｻｶﾌ,ｶｼﾜﾗｼ,FALSE,27,,
27222,大阪府,羽曳野市,ｵｵｻｶﾌ,ﾊﾋﾞｷﾉｼ,FALSE,27,,
27223,大阪府,門真市,ｵｵｻｶﾌ,ｶﾄﾞﾏｼ,FALSE,27,,
27224,大阪府,摂津市,ｵｵｻｶﾌ,ｾｯﾂｼ,FALSE,27,,
27225,大阪府,高石市,ｵｵｻｶﾌ,ﾀｶｲｼｼ,FALSE,27,,
27226,大阪府,藤井寺市,ｵｵｻｶﾌ,ﾌｼﾞｲﾃﾞﾗｼ,FALSE,27,,
27227,大阪府,東大阪市,ｵｵｻｶﾌ,ﾋｶﾞｼｵｵｻｶｼ,FALSE,27,,
27228,大阪府,泉南市,ｵｵｻｶﾌ,ｾﾝﾅﾝｼ,FALSE,27,,
27229,大阪府,四條畷市,ｵｵｻｶﾌ,ｼｼﾞﾖｳﾅﾜﾃｼ,FALSE,27,,
27230,大阪府,交野市,ｵｵｻｶﾌ,ｶﾀﾉｼ,FALSE,27,,
27231,大阪府,大阪狭山市,ｵｵｻｶﾌ,ｵｵｻｶｻﾔﾏｼ,FALSE,27,,
27232,大阪府,阪南市,ｵｵｻｶﾌ,ﾊﾝﾅﾝｼ,FALSE,27,,
27301,大阪府,島本町,ｵｵｻｶﾌ,ｼﾏﾓﾄﾁｮｳ,FALSE,27,,
27321,大阪府,豊能町,ｵｵｻｶﾌ,ﾄﾖﾉﾁｮｳ,FALSE,27,,
27322,大阪府,能勢町,ｵｵｻｶﾌ,ﾉｾﾁｮｳ,FALSE,27,,
27341,大阪府,忠岡町,ｵｵｻｶﾌ,ﾀﾀﾞｵｶﾁｮｳ,FALSE,27,,
27361,大阪府,熊取町,ｵｵｻｶﾌ,ｸﾏﾄﾘﾁｮｳ,FALSE,27,,
27362,大阪府,田尻町,ｵｵｻｶﾌ,ﾀｼﾞﾘﾁｮｳ,FALSE,27,,
27366,大阪府,岬町,ｵｵｻｶﾌ,ﾐｻｷﾁｮｳ,FALSE,27,,
27381,大阪府,太子町,ｵｵｻｶﾌ,ﾀｲｼﾁｮｳ,FALSE,27,,
27382,大阪府,河南町,ｵｵｻｶﾌ,ｶﾅﾝﾁｮｳ,FALSE,27,,
27383,大阪府,千早赤阪村,ｵｵｻｶﾌ,ﾁﾊﾔｱｶｻｶﾑﾗ,FALSE,27,,
28000,兵庫県,,ﾋｮｳｺﾞｹﾝ,,TRUE,28,,
28100,兵庫県,神戸市,ﾋｮｳｺﾞｹﾝ,ｺｳﾍﾞｼ,FALSE,28,,
28101,兵庫県,神戸市東灘区,ﾋｮｳｺﾞｹﾝ,ｺｳﾍﾞｼﾋｶﾞｼﾅﾀﾞｸ,FALSE,28,,
28102,兵庫県,神戸市灘区,ﾋｮｳｺﾞｹﾝ,ｺｳﾍﾞｼﾅﾀﾞｸ,FALSE,28,,
28105,兵庫県,神戸市兵庫区,ﾋｮｳｺﾞｹﾝ,ｺｳﾍﾞｼﾋｮｳｺﾞｸ,FALSE,28,,
28106,兵庫県,神戸市長田区,ﾋｮｳｺﾞｹﾝ,ｺｳﾍﾞｼﾅｶﾞﾀｸ,FALSE,28,,
28107,兵庫県,神戸市須磨区,ﾋｮｳｺﾞｹﾝ,ｺｳﾍﾞｼｽﾏｸ,FALSE,28,,
28108,兵庫県,神戸市垂水区,ﾋｮｳｺﾞｹﾝ,ｺｳﾍﾞｼﾀﾙﾐｸ,FALSE,28,,
28109,兵庫県,神戸市北区,ﾋｮｳｺﾞｹﾝ,ｺｳﾍﾞｼｷﾀｸ,FALSE,28,,
28110,兵庫県,神戸市中央区,ﾋｮｳｺﾞｹﾝ,ｺｳﾍﾞｼﾁｭｳｵｳｸ,FALSE,28,,
28111,兵庫県,神戸市西区,ﾋｮｳｺﾞｹﾝ,ｺｳﾍﾞｼﾆｼｸ,FALSE,28,,
28201,兵庫県,姫路市,ﾋｮｳｺﾞｹﾝ,ﾋﾒｼﾞｼ,FALSE,28,,
28202,兵庫県,尼崎市,ﾋｮｳｺﾞｹﾝ,ｱﾏｶﾞｻｷｼ,FALSE,28,,
28203,兵庫県,明石市,ﾋｮｳｺﾞｹﾝ,ｱｶｼｼ,FALSE,28,,
28204,兵庫県,西宮市,ﾋｮｳｺﾞｹﾝ,ﾆｼﾉﾐﾔｼ,FALSE,28,,
28205,兵庫県,洲本市,ﾋｮｳｺﾞｹﾝ,ｽﾓﾄｼ,FALSE,28,,
28206,兵庫県,芦屋市,ﾋｮｳｺﾞｹﾝ,ｱｼﾔｼ,FALSE,28,,
28207,兵庫県,伊丹市,ﾋｮｳｺﾞｹﾝ,ｲﾀﾐｼ,FALSE,28,,
28208,兵庫県,相生市,ﾋｮｳｺﾞｹﾝ,ｱｲｵｲｼ,FALSE,28,,
28209,兵庫県,豊岡市,ﾋｮｳｺﾞｹﾝ,ﾄﾖｵｶｼ,FALSE,28,,
28210,兵庫県,加古川市,ﾋｮｳｺﾞｹﾝ,ｶｺｶﾞﾜｼ,FALSE,28,,
28212,兵庫県,赤穂市,ﾋｮｳｺﾞｹﾝ,ｱｺｳｼ,FALSE,28,,
28213,兵庫県,西脇市,ﾋｮｳｺﾞｹﾝ,ﾆｼﾜｷｼ,FALSE,28,,
28214,兵庫県,宝塚市,ﾋｮｳｺﾞｹﾝ,ﾀｶﾗﾂﾞｶｼ,FALSE,28,,
28215,兵庫県,三木市,ﾋｮｳｺﾞｹﾝ,ﾐｷｼ,FALSE,28,,
28216,兵庫県,高砂市,ﾋｮｳｺﾞｹﾝ,ﾀｶｻｺﾞｼ,FALSE,28,,
28217,兵庫県,川西市,ﾋｮｳｺﾞｹﾝ,ｶﾜﾆｼｼ,FALSE,28,,
28218,兵庫県,小野市,ﾋｮｳｺﾞｹﾝ,ｵﾉｼ,FALSE,28,,
28219,兵庫県,三田市,ﾋｮｳｺﾞｹﾝ,ｻﾝﾀﾞｼ,FALSE,28,,
28220,兵庫県,加西市,ﾋｮｳｺﾞｹﾝ,ｶｻｲｼ,FALSE,28,,
28221,兵庫県,丹波篠山市,ﾋｮｳｺﾞｹﾝ,ﾀﾝﾊﾞｻｻﾔﾏｼ,FALSE,28,,
28222,兵庫県,養父市,ﾋｮｳｺﾞｹﾝ,ﾔﾌﾞｼ,FALSE,28,,
28223,兵庫県,丹波市,ﾋｮｳｺﾞｹﾝ,ﾀﾝﾊﾞｼ,FALSE,28,,
28224,兵庫県,南あわじ市,ﾋｮｳｺﾞｹﾝ,ﾐﾅﾐｱﾜｼﾞｼ,FALSE,28,,
28225,兵庫県,朝来市,ﾋｮｳｺﾞｹﾝ,ｱｻｺﾞｼ,FALSE,28,,
28226,兵庫県,淡路市,ﾋｮｳｺﾞｹﾝ,ｱﾜｼﾞｼ,FALSE,28,,
28227,兵庫県,宍粟市,ﾋｮｳｺﾞｹﾝ,ｼｿｳｼ,FALSE,28,,
28228,兵庫県,加東市,ﾋｮｳｺﾞｹﾝ,ｶﾄｳｼ,FALSE,28,,
28229,兵庫県,たつの市,ﾋｮｳｺﾞｹﾝ,ﾀﾂﾉｼ,FALSE,28,,
28301,兵庫県,猪名川町,ﾋｮｳｺﾞｹﾝ,ｲﾅｶﾞﾜﾁｮｳ,FALSE,28,,
28365,兵庫県,多可町,ﾋｮｳｺﾞｹﾝ,ﾀｶﾁｮｳ,FALSE,28,,
28381,兵庫県,稲美町,ﾋｮｳｺﾞｹﾝ,ｲﾅﾐﾁｮｳ,FALSE,28,,
28382,兵庫県,播磨町,ﾋｮｳｺﾞｹﾝ,ﾊﾘﾏﾁｮｳ,FALSE,28,,
28442,兵庫県,市川町,ﾋｮｳｺﾞｹﾝ,ｲﾁｶﾜﾁｮｳ,FALSE,28,,
28443,兵庫県,福崎町,ﾋｮｳｺﾞｹﾝ,ﾌｸｻｷﾁｮｳ,FALSE,28,,
28446,兵庫県,神河町,ﾋｮｳｺﾞｹﾝ,ｶﾐｶﾜﾁｮｳ,FALSE,28,,
28464,兵庫県,太子町,ﾋｮｳｺﾞｹﾝ,ﾀｲｼﾁｮｳ,FALSE,28,,
28481,兵庫県,上郡町,ﾋｮｳｺﾞｹﾝ,ｶﾐｺﾞｵﾘﾁｮｳ,FALSE,28,,
28501,兵庫県,佐用町,ﾋｮｳｺﾞｹﾝ,ｻﾖｳﾁｮｳ,FALSE,28,,
28585,兵庫県,香美町,ﾋｮｳｺﾞｹﾝ,ｶﾐﾁｮｳ,FALSE,28,,
28586,兵庫県,新温泉町,ﾋｮｳｺﾞｹﾝ,ｼﾝｵﾝｾﾝﾁｮｳ,FALSE,28,,
29000,奈良県,,ﾅﾗｹﾝ,,TRUE,29,,
29201,奈良県,奈良市,ﾅﾗｹﾝ,ﾅﾗｼ,FALSE,29,,
29202,奈良県,大和高田市,ﾅﾗｹﾝ,ﾔﾏﾄﾀｶﾀﾞｼ,FALSE,29,,
29203,奈良県,大和郡山市,ﾅﾗｹﾝ,ﾔﾏﾄｺｵﾘﾔﾏｼ,FALSE,29,,
29204,奈良県,天理市,ﾅﾗｹﾝ,ﾃﾝﾘｼ,FALSE,29,,
29205,奈良県,橿原市,ﾅﾗｹﾝ,ｶｼﾊﾗｼ,FALSE,29,,
29206,奈良県,桜井市,ﾅﾗｹﾝ,ｻｸﾗｲｼ,FALSE,29,,
29207,奈良県,五條市,ﾅﾗｹﾝ,ｺﾞｼﾞｮｳｼ,FALSE,29,,
29208,奈良県,御所市,ﾅﾗｹﾝ,ｺﾞｾｼ,FALSE,29,,
29209,奈良県,生駒市,ﾅﾗｹﾝ,ｲｺﾏｼ,FALSE,29,,
29210,奈良県,香芝市,ﾅﾗｹﾝ,ｶｼﾊﾞｼ,FALSE,29,,
29211,奈良県,葛城市,ﾅﾗｹﾝ,ｶﾂﾗｷﾞｼ,FALSE,29,,
29212,奈良県,宇陀市,ﾅﾗｹﾝ,ｳﾀﾞｼ,FALSE,29,,
29322,奈良県,山添村,ﾅﾗｹﾝ,ﾔﾏｿﾞｴﾑﾗ,FALSE,29,,
29342,奈良県,平群町,ﾅﾗｹﾝ,ﾍｸﾞﾘﾁｮｳ,FALSE,29,,
29343,奈良県,三郷町,ﾅﾗｹﾝ,ｻﾝｺﾞｳﾁｮｳ,FALSE,29,,
29344,奈良県,斑鳩町,ﾅﾗｹﾝ,ｲｶﾙｶﾞﾁｮｳ,FALSE,29,,
29345,奈良県,安堵町,ﾅﾗｹﾝ,ｱﾝﾄﾞﾁｮｳ,FALSE,29,,
29361,奈良県,川西町,ﾅﾗｹﾝ,ｶﾜﾆｼﾁｮｳ,FALSE,29,,
29362,奈良県,三宅町,ﾅﾗｹﾝ,ﾐﾔｹﾁｮｳ,FALSE,29,,
29363,奈良県,田原本町,ﾅﾗｹﾝ,ﾀﾜﾗﾓﾄﾁｮｳ,FALSE,29,,
29385,奈良県,曽爾村,ﾅﾗｹﾝ,ｿﾆﾑﾗ,FALSE,29,,
29386,奈良県,御杖村,ﾅﾗｹﾝ,ﾐﾂｴﾑﾗ,FALSE,29,,
29401,奈良県,高取町,ﾅﾗｹﾝ,ﾀｶﾄﾘﾁｮｳ,FALSE,29,,
29402,奈良県,明日香村,ﾅﾗｹﾝ,ｱｽｶﾑﾗ,FALSE,29,,
29424,奈良県,上牧町,ﾅﾗｹﾝ,ｶﾝﾏｷﾁｮｳ,FALSE,29,,
29425,奈良県,王寺町,ﾅﾗｹﾝ,ｵｳｼﾞﾁｮｳ,FALSE,29,,
29426,奈良県,広陵町,ﾅﾗｹﾝ,ｺｳﾘﾖｳﾁｮｳ,FALSE,29,,
29427,奈良県,河合町,ﾅﾗｹﾝ,ｶﾜｲﾁｮｳ,FALSE,29,,
29441,奈良県,吉野町,ﾅﾗｹﾝ,ﾖｼﾉﾁｮｳ,FALSE,29,,
29442,奈良県,大淀町,ﾅﾗｹﾝ,ｵｵﾖﾄﾞﾁｮｳ,FALSE,29,,
29443,奈良県,下市町,ﾅﾗｹﾝ,ｼﾓｲﾁﾁｮｳ,FALSE,29,,
29444,奈良県,黒滝村,ﾅﾗｹﾝ,ｸﾛﾀｷﾑﾗ,FALSE,29,,
29446,奈良県,天川村,ﾅﾗｹﾝ,ﾃﾝｶﾜﾑﾗ,FALSE,29,,
29447,奈良県,野迫川村,ﾅﾗｹﾝ,ﾉｾｶﾞﾜﾑﾗ,FALSE,29,,
29449,奈良県,十津川村,ﾅﾗｹﾝ,ﾄﾂｶﾜﾑﾗ,FALSE,29,,
29450,奈良県,下北山村,ﾅﾗｹﾝ,ｼﾓｷﾀﾔﾏﾑﾗ,FALSE,29,,
29451,奈良県,上北山村,ﾅﾗｹﾝ,ｶﾐｷﾀﾔﾏﾑﾗ,FALSE,29,,
29452,奈良県,川上村,ﾅﾗｹﾝ,ｶﾜｶﾐﾑﾗ,FALSE,29,,
29453,奈良県,東吉野村,ﾅﾗｹﾝ,ﾋｶﾞｼﾖｼﾉﾑﾗ,FALSE,29,,
30000,和歌山県,,ﾜｶﾔﾏｹﾝ,,TRUE,30,,
30201,和歌山県,和歌山市,ﾜｶﾔﾏｹﾝ,ﾜｶﾔﾏｼ,FALSE,30,,
30202,和歌山県,海南市,ﾜｶﾔﾏｹﾝ,ｶｲﾅﾝｼ,FALSE,30,,
30203,和歌山県,橋本市,ﾜｶﾔﾏｹﾝ,ﾊｼﾓﾄｼ,FALSE,30,,
30204,和歌山県,有田市,ﾜｶﾔﾏｹﾝ,ｱﾘﾀﾞｼ,FALSE,30,,
30205,和歌山県,御坊市,ﾜｶﾔﾏｹﾝ,ｺﾞﾎﾞｳｼ,FALSE,30,,
30206,和歌山県,田辺市,ﾜｶﾔﾏｹﾝ,ﾀﾅﾍﾞｼ,FALSE,30,,
30207,和歌山県,新宮市,ﾜｶﾔﾏｹﾝ,ｼﾝｸﾞｳｼ,FALSE,30,,
30208,和歌山県,紀の川市,ﾜｶﾔﾏｹﾝ,ｷﾉｶﾜｼ,FALSE,30,,
30209,和歌山県,岩出市,ﾜｶﾔﾏｹﾝ,ｲﾜﾃﾞｼ,FALSE,30,,
30304,和歌山県,紀美野町,ﾜｶﾔﾏｹﾝ,ｷﾐﾉﾁｮｳ,FALSE,30,,
30341,和歌山県,かつらぎ町,ﾜｶﾔﾏｹﾝ,ｶﾂﾗｷﾞﾁｮｳ,FALSE,30,,
30343,和歌山県,九度山町,ﾜｶﾔﾏｹﾝ,ｸﾄﾞﾔﾏﾁｮｳ,FALSE,30,,
30344,和歌山県,高野町,ﾜｶﾔﾏｹﾝ,ｺｳﾔﾁｮｳ,FALSE,30,,
30361,和歌山県,湯浅町,ﾜｶﾔﾏｹﾝ,ﾕｱｻﾁｮｳ,FALSE,30,,
30362,和歌山県,広川町,ﾜｶﾔﾏｹﾝ,ﾋﾛｶﾞﾜﾁｮｳ,FALSE,30,,
30366,和歌山県,有田川町,ﾜｶﾔﾏｹﾝ,ｱﾘﾀﾞｶﾞﾜﾁｮｳ,FALSE,30,,
30381,和歌山県,美浜町,ﾜｶﾔﾏｹﾝ,ﾐﾊﾏﾁｮｳ,FALSE,30,,
30382,和歌山県,日高町,ﾜｶﾔﾏｹﾝ,ﾋﾀﾞｶﾁｮｳ,FALSE,30,,
30383,和歌山県,由良町,ﾜｶﾔﾏｹﾝ,ﾕﾗﾁｮｳ,FALSE,30,,
30390,和歌山県,印南町,ﾜｶﾔﾏｹﾝ,ｲﾅﾐﾁｮｳ,FALSE,30,,
30391,和歌山県,みなべ町,ﾜｶﾔﾏｹﾝ,ﾐﾅﾍﾞﾁｮｳ,FALSE,30,,
30392,和歌山県,日高川町,ﾜｶﾔﾏｹﾝ,ﾋﾀﾞｶｶﾞﾜﾁｮｳ,FALSE,30,,
30401,和歌山県,白浜町,ﾜｶﾔﾏｹﾝ,ｼﾗﾊﾏﾁｮｳ,FALSE,30,,
30404,和歌山県,上富田町,ﾜｶﾔﾏｹﾝ,ｶﾐﾄﾝﾀﾞﾁｮｳ,FALSE,30,,
30406,和歌山県,すさみ町,ﾜｶﾔﾏｹﾝ,ｽｻﾐﾁｮｳ,FALSE,30,,
30421,和歌山県,那智勝浦町,ﾜｶﾔﾏｹﾝ,ﾅﾁｶﾂｳﾗﾁｮｳ,FALSE,30,,
30422,和歌山県,太地町,ﾜｶﾔﾏｹﾝ,ﾀｲｼﾞﾁｮｳ,FALSE,30,,
30424,和歌山県,古座川町,ﾜｶﾔﾏｹﾝ,ｺｻﾞｶﾞﾜﾁｮｳ,FALSE,30,,
30427,和歌山県,北山村,ﾜｶﾔﾏｹﾝ,ｷﾀﾔﾏﾑﾗ,FALSE,30,,
30428,和歌山県,串本町,ﾜｶﾔﾏｹﾝ,ｸｼﾓﾄﾁｮｳ,FALSE,30,,
31000,鳥取県,,ﾄｯﾄﾘｹﾝ,,TRUE,31,,
31201,鳥取県,鳥取市,ﾄｯﾄﾘｹﾝ,ﾄｯﾄﾘｼ,FALSE,31,,
31202,鳥取県,米子市,ﾄｯﾄﾘｹﾝ,ﾖﾅｺﾞｼ,FALSE,31,,
31203,鳥取県,倉吉市,ﾄｯﾄﾘｹﾝ,ｸﾗﾖｼｼ,FALSE,31,,
31204,鳥取県,境港市,ﾄｯﾄﾘｹﾝ,ｻｶｲﾐﾅﾄｼ,FALSE,31,,
31302,鳥取県,岩美町,ﾄｯﾄﾘｹﾝ,ｲﾜﾐﾁｮｳ,FALSE,31,,
31325,鳥取県,若桜町,ﾄｯﾄﾘｹﾝ,ﾜｶｻﾁｮｳ,FALSE,31,,
31328,鳥取県,智頭町,ﾄｯﾄﾘｹﾝ,ﾁﾂﾞﾁｮｳ,FALSE,31,,
31329,鳥取県,八頭町,ﾄｯﾄﾘｹﾝ,ﾔｽﾞﾁｮｳ,FALSE,31,,
31364,鳥取県,三朝町,ﾄｯﾄﾘｹﾝ,ﾐｻｻﾁｮｳ,FALSE,31,,
31370,鳥取県,湯梨浜町,ﾄｯﾄﾘｹﾝ,ﾕﾘﾊﾏﾁｮｳ,FALSE,31,,
31371,鳥取県,琴浦町,ﾄｯﾄﾘｹﾝ,ｺﾄｳﾗﾁｮｳ,FALSE,31,,
31372,鳥取県,北栄町,ﾄｯﾄﾘｹﾝ,ﾎｸｴｲﾁｮｳ,FALSE,31,,
31384,鳥取県,日吉津村,ﾄｯﾄﾘｹﾝ,ﾋｴﾂﾞｿﾝ,FALSE,31,,
31386,鳥取県,大山町,ﾄｯﾄﾘｹﾝ,ﾀﾞｲｾﾝﾁｮｳ,FALSE,31,,
31389,鳥取県,南部町,ﾄｯﾄﾘｹﾝ,ﾅﾝﾌﾞﾁｮｳ,FALSE,31,,
31390,鳥取県,伯耆町,ﾄｯﾄﾘｹﾝ,ﾎｳｷﾁｮｳ,FALSE,31,,
31401,鳥取県,日南町,ﾄｯﾄﾘｹﾝ,ﾆﾁﾅﾝﾁｮｳ,FALSE,31,,
31402,鳥取県,日野町,ﾄｯﾄﾘｹﾝ,ﾋﾉﾁｮｳ,FALSE,31,,
31403,鳥取県,江府町,ﾄｯﾄﾘｹﾝ,ｺｳﾌﾁｮｳ,FALSE,31,,
32000,島根県,,ｼﾏﾈｹﾝ,,TRUE,32,,
32201,島根県,松江市,ｼﾏﾈｹﾝ,ﾏﾂｴｼ,FALSE,32,,
32202,島根県,浜田市,ｼﾏﾈｹﾝ,ﾊﾏﾀﾞｼ,FALSE,32,,
32203,島根県,出雲市,ｼﾏﾈｹﾝ,ｲｽﾞﾓｼ,FALSE,32,,
32204,島根県,益田市,ｼﾏﾈｹﾝ,ﾏｽﾀﾞｼ,FALSE,32,,
32205,島根県,大田市,ｼﾏﾈｹﾝ,ｵｵﾀﾞｼ,FALSE,32,,
32206,島根県,安来市,ｼﾏﾈｹﾝ,ﾔｽｷﾞｼ,FALSE,32,,
32207,島根県,江津市,ｼﾏﾈｹﾝ,ｺﾞｳﾂｼ,FALSE,32,,
32209,島根県,雲南市,ｼﾏﾈｹﾝ,ｳﾝﾅﾝｼ,FALSE,32,,
32343,島根県,奥出雲町,ｼﾏﾈｹﾝ,ｵｸｲｽﾞﾓﾁｮｳ,FALSE,32,,
32386,島根県,飯南町,ｼﾏﾈｹﾝ,ｲｲﾅﾝﾁｮｳ,FALSE,32,,
32441,島根県,川本町,ｼﾏﾈｹﾝ,ｶﾜﾓﾄﾏﾁ,FALSE,32,,
32448,島根県,美郷町,ｼﾏﾈｹﾝ,ﾐｻﾄﾁｮｳ,FALSE,32,,
32449,島根県,邑南町,ｼﾏﾈｹﾝ,ｵｵﾅﾝﾁｮｳ,FALSE,32,,
32501,島根県,津和野町,ｼﾏﾈｹﾝ,ﾂﾜﾉﾁｮｳ,FALSE,32,,
32505,島根県,吉賀町,ｼﾏﾈｹﾝ,ﾖｼｶﾁｮｳ,FALSE,32,,
32525,島根県,海士町,ｼﾏﾈｹﾝ,ｱﾏﾁｮｳ,FALSE,32,,
32526,島根県,西ノ島町,ｼﾏﾈｹﾝ,ﾆｼﾉｼﾏﾁｮｳ,FALSE,32,,
32527,島根県,知夫村,ｼﾏﾈｹﾝ,ﾁﾌﾞﾑﾗ,FALSE,32,,
32528,島根県,隠岐の島町,ｼﾏﾈｹﾝ,ｵｷﾉｼﾏﾁｮｳ,FALSE,32,,
33000,岡山県,,ｵｶﾔﾏｹﾝ,,TRUE,33,,
33100,岡山県,岡山市,ｵｶﾔﾏｹﾝ,ｵｶﾔﾏｼ,FALSE,33,,
33101,岡山県,岡山市北区,ｵｶﾔﾏｹﾝ,ｵｶﾔﾏｼｷﾀｸ,FALSE,33,,
33102,岡山県,岡山市中区,ｵｶﾔﾏｹﾝ,ｵｶﾔﾏｼﾅｶｸ,FALSE,33,,
33103,岡山県,岡山市東区,ｵｶﾔﾏｹﾝ,ｵｶﾔﾏｼﾋｶﾞｼｸ,FALSE,33,,
33104,岡山県,岡山市南区,ｵｶﾔﾏｹﾝ,ｵｶﾔﾏｼﾐﾅﾐｸ,FALSE,33,,
33202,岡山県,倉敷市,ｵｶﾔﾏｹﾝ,ｸﾗｼｷｼ,FALSE,33,,
33203,岡山県,津山市,ｵｶﾔﾏｹﾝ,ﾂﾔﾏｼ,FALSE,33,,
33204,岡山県,玉野市,ｵｶﾔﾏｹﾝ,ﾀﾏﾉｼ,FALSE,33,,
33205,岡山県,笠岡市,ｵｶﾔﾏｹﾝ,ｶｻｵｶｼ,FALSE,33,,
33207,岡山県,井原市,ｵｶﾔﾏｹﾝ,ｲﾊﾞﾗｼ,FALSE,33,,
33208,岡山県,総社市,ｵｶﾔﾏｹﾝ,ｿｳｼﾞﾔｼ,FALSE,33,,
33209,岡山県,高梁市,ｵｶﾔﾏｹﾝ,ﾀｶﾊｼｼ,FALSE,33,,
33210,岡山県,新見市,ｵｶﾔﾏｹﾝ,ﾆｲﾐｼ,FALSE,33,,
33211,岡山県,備前市,ｵｶﾔﾏｹﾝ,ﾋﾞｾﾞﾝｼ,FALSE,33,,
33212,岡山県,瀬戸内市,ｵｶﾔﾏｹﾝ,ｾﾄｳﾁｼ,FALSE,33,,
33213,岡山県,赤磐市,ｵｶﾔﾏｹﾝ,ｱｶｲﾜｼ,FALSE,33,,
33214,岡山県,真庭市,ｵｶﾔﾏｹﾝ,ﾏﾆﾜｼ,FALSE,33,,
33215,岡山県,美作市,ｵｶﾔﾏｹﾝ,ﾐﾏｻｶｼ,FALSE,33,,
33216,岡山県,浅口市,ｵｶﾔﾏｹﾝ,ｱｻｸﾁｼ,FALSE,33,,
33346,岡山県,和気町,ｵｶﾔﾏｹﾝ,ﾜｹﾁｮｳ,FALSE,33,,
33423,岡山県,早島町,ｵｶﾔﾏｹﾝ,ﾊﾔｼﾏﾁｮｳ,FALSE,33,,
33445,岡山県,里庄町,ｵｶﾔﾏｹﾝ,ｻﾄｼｮｳﾁｮｳ,FALSE,33,,
33461,岡山県,矢掛町,ｵｶﾔﾏｹﾝ,ﾔｶｹﾞﾁｮｳ,FALSE,33,,
33586,岡山県,新庄村,ｵｶﾔﾏｹﾝ,ｼﾝｼﾞﾖｳｿﾝ,FALSE,33,,
33606,岡山県,鏡野町,ｵｶﾔﾏｹﾝ,ｶｶﾞﾐﾉﾁｮｳ,FALSE,33,,
33622,岡山県,勝央町,ｵｶﾔﾏｹﾝ,ｼｮｳｵｳﾁｮｳ,FALSE,33,,
33623,岡山県,奈義町,ｵｶﾔﾏｹﾝ,ﾅｷﾞﾁｮｳ,FALSE,33,,
33643,岡山県,西粟倉村,ｵｶﾔﾏｹﾝ,ﾆｼｱﾜｸﾗｿﾝ,FALSE,33,,
33663,岡山県,久米南町,ｵｶﾔﾏｹﾝ,ｸﾒﾅﾝﾁｮｳ,FALSE,33,,
33666,岡山県,美咲町,ｵｶﾔﾏｹﾝ,ﾐｻｷﾁｮｳ,FALSE,33,,
33681,岡山県,吉備中央町,ｵｶﾔﾏｹﾝ,ｷﾋﾞﾁｭｳｵｳﾁｮｳ,FALSE,33,,
34000,広島県,,ﾋﾛｼﾏｹﾝ,,TRUE,34,,
34100,広島県,広島市,ﾋﾛｼﾏｹﾝ,ﾋﾛｼﾏｼ,FALSE,34,,
34101,広島県,広島市中区,ﾋﾛｼﾏｹﾝ,ﾋﾛｼﾏｼﾅｶｸ,FALSE,34,,
34102,広島県,広島市東区,ﾋﾛｼﾏｹﾝ,ﾋﾛｼﾏｼﾋｶﾞｼｸ,FALSE,34,,
34103,広島県,広島市南区,ﾋﾛｼﾏｹﾝ,ﾋﾛｼﾏｼﾐﾅﾐｸ,FALSE,34,,
34104,広島県,広島市西区,ﾋﾛｼﾏｹﾝ,ﾋﾛｼﾏｼﾆｼｸ,FALSE,34,,
34105,広島県,広島市安佐南区,ﾋﾛｼﾏｹﾝ,ﾋﾛｼﾏｼｱｻﾐﾅﾐｸ,FALSE,34,,
34106,広島県,広島市安佐北区,ﾋﾛｼﾏｹﾝ,ﾋﾛｼﾏｼｱｻｷﾀｸ,FALSE,34,,
34107,広島県,広島市安芸区,ﾋﾛｼﾏｹﾝ,ﾋﾛｼﾏｼｱｷｸ,FALSE,34,,
34108,広島県,広島市佐伯区,ﾋﾛｼﾏｹﾝ,ﾋﾛｼﾏｼｻｴｷｸ,FALSE,34,,
34202,広島県,呉市,ﾋﾛｼﾏｹﾝ,ｸﾚｼ,FALSE,34,,
34203,広島県,竹原市,ﾋﾛｼﾏｹﾝ,ﾀｹﾊﾗｼ,FALSE,34,,
34204,広島県,三原市,ﾋﾛｼﾏｹﾝ,ﾐﾊﾗｼ,FALSE,34,,
34205,広島県,尾道市,ﾋﾛｼﾏｹﾝ,ｵﾉﾐﾁｼ,FALSE,34,,
34207,広島県,福山市,ﾋﾛｼﾏｹﾝ,ﾌｸﾔﾏｼ,FALSE,34,,
34208,広島県,府中市,ﾋﾛｼﾏｹﾝ,ﾌﾁｭｳｼ,FALSE,34,,
34209,広島県,三次市,ﾋﾛｼﾏｹﾝ,ﾐﾖｼｼ,FALSE,34,,
34210,広島県,庄原市,ﾋﾛｼﾏｹﾝ,ｼｮｳﾊﾞﾗｼ,FALSE,34,,
34211,広島県,大竹市,ﾋﾛｼﾏｹﾝ,ｵｵﾀｹｼ,FALSE,34,,
34212,広島県,東広島市,ﾋﾛｼﾏｹﾝ,ﾋｶﾞｼﾋﾛｼﾏｼ,FALSE,34,,
34213,広島県,廿日市市,ﾋﾛｼﾏｹﾝ,ﾊﾂｶｲﾁｼ,FALSE,34,,
34214,広島県,安芸高田市,ﾋﾛｼﾏｹﾝ,ｱｷﾀｶﾀｼ,FALSE,34,,
34215,広島県,江田島市,ﾋﾛｼﾏｹﾝ,ｴﾀｼﾞﾏｼ,FALSE,34,,
34302,広島県,府中町,ﾋﾛｼﾏｹﾝ,ﾌﾁｭｳﾁｮｳ,FALSE,34,,
34304,広島県,海田町,ﾋﾛｼﾏｹﾝ,ｶｲﾀﾁｮｳ,FALSE,34,,
34307,広島県,熊野町,ﾋﾛｼﾏｹﾝ,ｸﾏﾉﾁｮｳ,FALSE,34,,
34309,広島県,坂町,ﾋﾛｼﾏｹﾝ,ｻｶﾁｮｳ,FALSE,34,,
34368,広島県,安芸太田町,ﾋﾛｼﾏｹﾝ,ｱｷｵｵﾀﾁｮｳ,FALSE,34,,
34369,広島県,北広島町,ﾋﾛｼﾏｹﾝ,ｷﾀﾋﾛｼﾏﾁｮｳ,FALSE,34,,
34431,広島県,大崎上島町,ﾋﾛｼﾏｹﾝ,ｵｵｻｷｶﾐｼﾞﾏﾁｮｳ,FALSE,34,,
34462,広島県,世羅町,ﾋﾛｼﾏｹﾝ,ｾﾗﾁｮｳ,FALSE,34,,
34545,広島県,神石高原町,ﾋﾛｼﾏｹﾝ,ｼﾞﾝｾｷｺｳｹﾞﾝﾁｮｳ,FALSE,34,,
35000,山口県,,ﾔﾏｸﾞﾁｹﾝ,,TRUE,35,,
35201,山口県,下関市,ﾔﾏｸﾞﾁｹﾝ,ｼﾓﾉｾｷｼ,FALSE,35,,
35202,山口県,宇部市,ﾔﾏｸﾞﾁｹﾝ,ｳﾍﾞｼ,FALSE,35,,
35203,山口県,山口市,ﾔﾏｸﾞﾁｹﾝ,ﾔﾏｸﾞﾁｼ,FALSE,35,,
35204,山口県,萩市,ﾔﾏｸﾞﾁｹﾝ,ﾊｷﾞｼ,FALSE,35,,
35206,山口県,防府市,ﾔﾏｸﾞﾁｹﾝ,ﾎｳﾌｼ,FALSE,35,,
35207,山口県,下松市,ﾔﾏｸﾞﾁｹﾝ,ｸﾀﾞﾏﾂｼ,FALSE,35,,
35208,山口県,岩国市,ﾔﾏｸﾞﾁｹﾝ,ｲﾜｸﾆｼ,FALSE,35,,
35210,山口県,光市,ﾔﾏｸﾞﾁｹﾝ,ﾋｶﾘｼ,FALSE,35,,
35211,山口県,長門市,ﾔﾏｸﾞﾁｹﾝ,ﾅｶﾞﾄｼ,FALSE,35,,
35212,山口県,柳井市,ﾔﾏｸﾞﾁｹﾝ,ﾔﾅｲｼ,FALSE,35,,
35213,山口県,美祢市,ﾔﾏｸﾞﾁｹﾝ,ﾐﾈｼ,FALSE,35,,
35215,山口県,周南市,ﾔﾏｸﾞﾁｹﾝ,ｼｭｳﾅﾝｼ,FALSE,35,,
35216,山口県,山陽小野田市,ﾔﾏｸﾞﾁｹﾝ,ｻﾝﾖｳｵﾉﾀﾞｼ,FALSE,35,,
35305,山口県,周防大島町,ﾔﾏｸﾞﾁｹﾝ,ｽｵｳｵｵｼﾏﾁｮｳ,FALSE,35,,
35321,山口県,和木町,ﾔﾏｸﾞﾁｹﾝ,ﾜｷﾁｮｳ,FALSE,35,,
35341,山口県,上関町,ﾔﾏｸﾞﾁｹﾝ,ｶﾐﾉｾｷﾁｮｳ,FALSE,35,,
35343,山口県,田布施町,ﾔﾏｸﾞﾁｹﾝ,ﾀﾌﾞｾﾁｮｳ,FALSE,35,,
35344,山口県,平生町,ﾔﾏｸﾞﾁｹﾝ,ﾋﾗｵﾁｮｳ,FALSE,35,,
35502,山口県,阿武町,ﾔﾏｸﾞﾁｹﾝ,ｱﾌﾞﾁｮｳ,FALSE,35,,
36000,徳島県,,ﾄｸｼﾏｹﾝ,,TRUE,36,,
36201,徳島県,徳島市,ﾄｸｼﾏｹﾝ,ﾄｸｼﾏｼ,FALSE,36,,
36202,徳島県,鳴門市,ﾄｸｼﾏｹﾝ,ﾅﾙﾄｼ,FALSE,36,,
36203,徳島県,小松島市,ﾄｸｼﾏｹﾝ,ｺﾏﾂｼﾏｼ,FALSE,36,,
36204,徳島県,阿南市,ﾄｸｼﾏｹﾝ,ｱﾅﾝｼ,FALSE,36,,
36205,徳島県,吉野川市,ﾄｸｼﾏｹﾝ,ﾖｼﾉｶﾞﾜｼ,FALSE,36,,
36206,徳島県,阿波市,ﾄｸｼﾏｹﾝ,ｱﾜｼ,FALSE,36,,
36207,徳島県,美馬市,ﾄｸｼﾏｹﾝ,ﾐﾏｼ,FALSE,36,,
36208,徳島県,三好市,ﾄｸｼﾏｹﾝ,ﾐﾖｼｼ,FALSE,36,,
36301,徳島県,勝浦町,ﾄｸｼﾏｹﾝ,ｶﾂｳﾗﾁｮｳ,FALSE,36,,
36302,徳島県,上勝町,ﾄｸｼﾏｹﾝ,ｶﾐｶﾂﾁｮｳ,FALSE,36,,
36321,徳島県,佐那河内村,ﾄｸｼﾏｹﾝ,ｻﾅｺﾞｳﾁｿﾝ,FALSE,36,,
36341,徳島県,石井町,ﾄｸｼﾏｹﾝ,ｲｼｲﾁｮｳ,FALSE,36,,
36342,徳島県,神山町,ﾄｸｼﾏｹﾝ,ｶﾐﾔﾏﾁｮｳ,FALSE,36,,
36368,徳島県,那賀町,ﾄｸｼﾏｹﾝ,ﾅｶﾁｮｳ,FALSE,36,,
36383,徳島県,牟岐町,ﾄｸｼﾏｹﾝ,ﾑｷﾞﾁｮｳ,FALSE,36,,
36387,徳島県,美波町,ﾄｸｼﾏｹﾝ,ﾐﾅﾐﾁｮｳ,FALSE,36,,
36388,徳島県,海陽町,ﾄｸｼﾏｹﾝ,ｶｲﾖｳﾁｮｳ,FALSE,36,,
36401,徳島県,松茂町,ﾄｸｼﾏｹﾝ,ﾏﾂｼｹﾞﾁｮｳ,FALSE,36,,
36402,徳島県,北島町,ﾄｸｼﾏｹﾝ,ｷﾀｼﾞﾏﾁｮｳ,FALSE,36,,
36403,徳島県,藍住町,ﾄｸｼﾏｹﾝ,ｱｲｽﾞﾐﾁｮｳ,FALSE,36,,
36404,徳島県,板野町,ﾄｸｼﾏｹﾝ,ｲﾀﾉﾁｮｳ,FALSE,36,,
36405,徳島県,上板町,ﾄｸｼﾏｹﾝ,ｶﾐｲﾀﾁｮｳ,FALSE,36,,
36468,徳島県,つるぎ町,ﾄｸｼﾏｹﾝ,ﾂﾙｷﾞﾁｮｳ,FALSE,36,,
36489,徳島県,東みよし町,ﾄｸｼﾏｹﾝ,ﾋｶﾞｼﾐﾖｼﾁｮｳ,FALSE,36,,
37000,香川県,,ｶｶﾞﾜｹﾝ,,TRUE,37,,
37201,香川県,高松市,ｶｶﾞﾜｹﾝ,ﾀｶﾏﾂｼ,FALSE,37,,
37202,香川県,丸亀市,ｶｶﾞﾜｹﾝ,ﾏﾙｶﾞﾒｼ,FALSE,37,,
37203,香川県,坂出市,ｶｶﾞﾜｹﾝ,ｻｶｲﾃﾞｼ,FALSE,37,,
37204,香川県,善通寺市,ｶｶﾞﾜｹﾝ,ｾﾞﾝﾂｳｼﾞｼ,FALSE,37,,
37205,香川県,観音寺市,ｶｶﾞﾜｹﾝ,ｶﾝｵﾝｼﾞｼ,FALSE,37,,
37206,香川県,さぬき市,ｶｶﾞﾜｹﾝ,ｻﾇｷｼ,FALSE,37,,
37207,香川県,東かがわ市,ｶｶﾞﾜｹﾝ,ﾋｶﾞｼｶｶﾞﾜｼ,FALSE,37,,
37208,香川県,三豊市,ｶｶﾞﾜｹﾝ,ﾐﾄﾖｼ,FALSE,37,,
37322,香川県,土庄町,ｶｶﾞﾜｹﾝ,ﾄﾉｼｮｳﾁｮｳ,FALSE,37,,
37324,香川県,小豆島町,ｶｶﾞﾜｹﾝ,ｼｮｳﾄﾞｼﾏﾁｮｳ,FALSE,37,,
37341,香川県,三木町,ｶｶﾞﾜｹﾝ,ﾐｷﾁｮｳ,FALSE,37,,
37364,香川県,直島町,ｶｶﾞﾜｹﾝ,ﾅｵｼﾏﾁｮｳ,FALSE,37,,
37386,香川県,宇多津町,ｶｶﾞﾜｹﾝ,ｳﾀﾂﾞﾁｮｳ,FALSE,37,,
37387,香川県,綾川町,ｶｶﾞﾜｹﾝ,ｱﾔｶﾞﾜﾁｮｳ,FALSE,37,,
37403,香川県,琴平町,ｶｶﾞﾜｹﾝ,ｺﾄﾋﾗﾁｮｳ,FALSE,37,,
37404,香川県,多度津町,ｶｶﾞﾜｹﾝ,ﾀﾄﾞﾂﾁｮｳ,FALSE,37,,
37406,香川県,まんのう町,ｶｶﾞﾜｹﾝ,ﾏﾝﾉｳﾁｮｳ,FALSE,37,,
38000,愛媛県,,ｴﾋﾒｹﾝ,,TRUE,38,,
38201,愛媛県,松山市,ｴﾋﾒｹﾝ,ﾏﾂﾔﾏｼ,FALSE,38,,
38202,愛媛県,今治市,ｴﾋﾒｹﾝ,ｲﾏﾊﾞﾘｼ,FALSE,38,,
38203,愛媛県,宇和島市,ｴﾋﾒｹﾝ,ｳﾜｼﾞﾏｼ,FALSE,38,,
38204,愛媛県,八幡浜市,ｴﾋﾒｹﾝ,ﾔﾜﾀﾊﾏｼ,FALSE,38,,
38205,愛媛県,新居浜市,ｴﾋﾒｹﾝ,ﾆｲﾊﾏｼ,FALSE,38,,
38206,愛媛県,西条市,ｴﾋﾒｹﾝ,ｻｲｼﾞｮｳｼ,FALSE,38,,
38207,愛媛県,大洲市,ｴﾋﾒｹﾝ,ｵｵｽﾞｼ,FALSE,38,,
38210,愛媛県,伊予市,ｴﾋﾒｹﾝ,ｲﾖｼ,FALSE,38,,
38213,愛媛県,四国中央市,ｴﾋﾒｹﾝ,ｼｺｸﾁｭｳｵｳｼ,FALSE,38,,
38214,愛媛県,西予市,ｴﾋﾒｹﾝ,ｾｲﾖｼ,FALSE,38,,
38215,愛媛県,東温市,ｴﾋﾒｹﾝ,ﾄｳｵﾝｼ,FALSE,38,,
38356,愛媛県,上島町,ｴﾋﾒｹﾝ,ｶﾐｼﾞﾏﾁｮｳ,FALSE,38,,
38386,愛媛県,久万高原町,ｴﾋﾒｹﾝ,ｸﾏｺｳｹﾞﾝﾁｮｳ,FALSE,38,,
38401,愛媛県,松前町,ｴﾋﾒｹﾝ,ﾏｻｷﾁｮｳ,FALSE,38,,
38402,愛媛県,砥部町,ｴﾋﾒｹﾝ,ﾄﾍﾞﾁｮｳ,FALSE,38,,
38422,愛媛県,内子町,ｴﾋﾒｹﾝ,ｳﾁｺﾁｮｳ,FALSE,38,,
38442,愛媛県,伊方町,ｴﾋﾒｹﾝ,ｲｶﾀﾁｮｳ,FALSE,38,,
38484,愛媛県,松野町,ｴﾋﾒｹﾝ,ﾏﾂﾉﾁｮｳ,FALSE,38,,
38488,愛媛県,鬼北町,ｴﾋﾒｹﾝ,ｷﾎｸﾁｮｳ,FALSE,38,,
38506,愛媛県,愛南町,ｴﾋﾒｹﾝ,ｱｲﾅﾝﾁｮｳ,FALSE,38,,
39000,高知県,,ｺｳﾁｹﾝ,,TRUE,39,,
39201,高知県,高知市,ｺｳﾁｹﾝ,ｺｳﾁｼ,FALSE,39,,
39202,高知県,室戸市,ｺｳﾁｹﾝ,ﾑﾛﾄｼ,FALSE,39,,
39203,高知県,安芸市,ｺｳﾁｹﾝ,ｱｷｼ,FALSE,39,,
39204,高知県,南国市,ｺｳﾁｹﾝ,ﾅﾝｺｸｼ,FALSE,39,,
39205,高知県,土佐市,ｺｳﾁｹﾝ,ﾄｻｼ,FALSE,39,,
39206,高知県,須崎市,ｺｳﾁｹﾝ,ｽｻｷｼ,FALSE,39,,
39208,高知県,宿毛市,ｺｳﾁｹﾝ,ｽｸﾓｼ,FALSE,39,,
39209,高知県,土佐清水市,ｺｳﾁｹﾝ,ﾄｻｼﾐｽﾞｼ,FALSE,39,,
39210,高知県,四万十市,ｺｳﾁｹﾝ,ｼﾏﾝﾄｼ,FALSE,39,,
39211,高知県,香南市,ｺｳﾁｹﾝ,ｺｳﾅﾝｼ,FALSE,39,,
39212,高知県,香美市,ｺｳﾁｹﾝ,ｶﾐｼ,FALSE,39,,
39301,高知県,東洋町,ｺｳﾁｹﾝ,ﾄｳﾖｳﾁｮｳ,FALSE,39,,
39302,高知県,奈半利町,ｺｳﾁｹﾝ,ﾅﾊﾘﾁｮｳ,FALSE,39,,
39303,高知県,田野町,ｺｳﾁｹﾝ,ﾀﾉﾁｮｳ,FALSE,39,,
39304,高知県,安田町,ｺｳﾁｹﾝ,ﾔｽﾀﾞﾁｮｳ,FALSE,39,,
39305,高知県,北川村,ｺｳﾁｹﾝ,ｷﾀｶﾞﾜﾑﾗ,FALSE,39,,
39306,高知県,馬路村,ｺｳﾁｹﾝ,ｳﾏｼﾞﾑﾗ,FALSE,39,,
39307,高知県,芸西村,ｺｳﾁｹﾝ,ｹﾞｲｾｲﾑﾗ,FALSE,39,,
39341,高知県,本山町,ｺｳﾁｹﾝ,ﾓﾄﾔﾏﾁｮｳ,FALSE,39,,
39344,高知県,大豊町,ｺｳﾁｹﾝ,ｵｵﾄﾖﾁｮｳ,FALSE,39,,
39363,高知県,土佐町,ｺｳﾁｹﾝ,ﾄｻﾁｮｳ,FALSE,39,,
39364,高知県,大川村,ｺｳﾁｹﾝ,ｵｵｶﾜﾑﾗ,FALSE,39,,
39386,高知県,いの町,ｺｳﾁｹﾝ,ｲﾉﾁｮｳ,FALSE,39,,
39387,高知県,仁淀川町,ｺｳﾁｹﾝ,ﾆﾖﾄﾞｶﾞﾜﾁｮｳ,FALSE,39,,
39401,高知県,中土佐町,ｺｳﾁｹﾝ,ﾅｶﾄｻﾁｮｳ,FALSE,39,,
39402,高知県,佐川町,ｺｳﾁｹﾝ,ｻｶﾜﾁｮｳ,FALSE,39,,
39403,高知県,越知町,ｺｳﾁｹﾝ,ｵﾁﾁｮｳ,FALSE,39,,
39405,高知県,梼原町,ｺｳﾁｹﾝ,ﾕｽﾊﾗﾁｮｳ,FALSE,39,,
39410,高知県,日高村,ｺｳﾁｹﾝ,ﾋﾀﾞｶﾑﾗ,FALSE,39,,
39411,高知県,津野町,ｺｳﾁｹﾝ,ﾂﾉﾁｮｳ,FALSE,39,,
39412,高知県,四万十町,ｺｳﾁｹﾝ,ｼﾏﾝﾄﾁｮｳ,FALSE,39,,
39424,高知県,大月町,ｺｳﾁｹﾝ,ｵｵﾂｷﾁｮｳ,FALSE,39,,
39427,高知県,三原村,ｺｳﾁｹﾝ,ﾐﾊﾗﾑﾗ,FALSE,39,,
39428,高知県,黒潮町,ｺｳﾁｹﾝ,ｸﾛｼｵﾁｮｳ,FALSE,39,,
40000,福岡県,,ﾌｸｵｶｹﾝ,,TRUE,40,,
40100,福岡県,北九州市,ﾌｸｵｶｹﾝ,ｷﾀｷｭｳｼｭｳｼ,FALSE,40,,
40101,福岡県,北九州市門司区,ﾌｸｵｶｹﾝ,ｷﾀｷｭｳｼｭｳｼﾓｼﾞｸ,FALSE,40,,
40103,福岡県,北九州市若松区,ﾌｸｵｶｹﾝ,ｷﾀｷｭｳｼｭｳｼﾜｶﾏﾂｸ,FALSE,40,,
40105,福岡県,北九州市戸畑区,ﾌｸｵｶｹﾝ,ｷﾀｷｭｳｼｭｳｼﾄﾊﾞﾀｸ,FALSE,40,,
40106,福岡県,北九州市小倉北区,ﾌｸｵｶｹﾝ,ｷﾀｷｭｳｼｭｳｼｺｸﾗｷﾀｸ,FALSE,40,,
40107,福岡県,北九州市小倉南区,ﾌｸｵｶｹﾝ,ｷﾀｷｭｳｼｭｳｼｺｸﾗﾐﾅﾐｸ,FALSE,40,,
40108,福岡県,北九州市八幡東区,ﾌｸｵｶｹﾝ,ｷﾀｷｭｳｼｭｳｼﾔﾊﾀﾋｶﾞｼｸ,FALSE,40,,
40109,福岡県,北九州市八幡西区,ﾌｸｵｶｹﾝ,ｷﾀｷｭｳｼｭｳｼﾔﾊﾀﾆｼｸ,FALSE,40,,
40130,福岡県,福岡市,ﾌｸｵｶｹﾝ,ﾌｸｵｶｼ,FALSE,40,,
40131,福岡県,福岡市東区,ﾌｸｵｶｹﾝ,ﾌｸｵｶｼﾋｶﾞｼｸ,FALSE,40,,
40132,福岡県,福岡市博多区,ﾌｸｵｶｹﾝ,ﾌｸｵｶｼﾊｶﾀｸ,FALSE,40,,
40133,福岡県,福岡市中央区,ﾌｸｵｶｹﾝ,ﾌｸｵｶｼﾁｭｳｵｳｸ,FALSE,40,,
40134,福岡県,福岡市南区,ﾌｸｵｶｹﾝ,ﾌｸｵｶｼﾐﾅﾐｸ,FALSE,40,,
40135,福岡県,福岡市西区,ﾌｸｵｶｹﾝ,ﾌｸｵｶｼﾆｼｸ,FALSE,40,,
40136,福岡県,福岡市城南区,ﾌｸｵｶｹﾝ,ﾌｸｵｶｼｼﾞｮｳﾅﾝｸ,FALSE,40,,
40137,福岡県,福岡市早良区,ﾌｸｵｶｹﾝ,ﾌｸｵｶｼｻﾜﾗｸ,FALSE,40,,
40202,福岡県,大牟田市,ﾌｸｵｶｹﾝ,ｵｵﾑﾀｼ,FALSE,40,,
40203,福岡県,久留米市,ﾌｸｵｶｹﾝ,ｸﾙﾒｼ,FALSE,40,,
40204,福岡県,直方市,ﾌｸｵｶｹﾝ,ﾉｵｶﾞﾀｼ,FALSE,40,,
40205,福岡県,飯塚市,ﾌｸｵｶｹﾝ,ｲｲﾂﾞｶｼ,FALSE,40,,
40206,福岡県,田川市,ﾌｸｵｶｹﾝ,ﾀｶﾞﾜｼ,FALSE,40,,
40207,福岡県,柳川市,ﾌｸｵｶｹﾝ,ﾔﾅｶﾞﾜｼ,FALSE,40,,
40210,福岡県,八女市,ﾌｸｵｶｹﾝ,ﾔﾒｼ,FALSE,40,,
40211,福岡県,筑後市,ﾌｸｵｶｹﾝ,ﾁｸｺﾞｼ,FALSE,40,,
40212,福岡県,大川市,ﾌｸｵｶｹﾝ,ｵｵｶﾜｼ,FALSE,40,,
40213,福岡県,行橋市,ﾌｸｵｶｹﾝ,ﾕｸﾊｼｼ,FALSE,40,,
40214,福岡県,豊前市,ﾌｸｵｶｹﾝ,ﾌﾞｾﾞﾝｼ,FALSE,40,,
40215,福岡県,中間市,ﾌｸｵｶｹﾝ,ﾅｶﾏｼ,FALSE,40,,
40216,福岡県,小郡市,ﾌｸｵｶｹﾝ,ｵｺﾞｵﾘｼ,FALSE,40,,
40217,福岡県,筑紫野市,ﾌｸｵｶｹﾝ,ﾁｸｼﾉｼ,FALSE,40,,
40218,福岡県,春日市,ﾌｸｵｶｹﾝ,ｶｽｶﾞｼ,FALSE,40,,
40219,福岡県,大野城市,ﾌｸｵｶｹﾝ,ｵｵﾉｼﾞｮｳｼ,FALSE,40,,
40220,福岡県,宗像市,ﾌｸｵｶｹﾝ,ﾑﾅｶﾀｼ,FALSE,40,,
40221,福岡県,太宰府市,ﾌｸｵｶｹﾝ,ﾀﾞｻﾞｲﾌｼ,FALSE,40,,
40223,福岡県,古賀市,ﾌｸｵｶｹﾝ,ｺｶﾞｼ,FALSE,40,,
40224,福岡県,福津市,ﾌｸｵｶｹﾝ,ﾌｸﾂｼ,FALSE,40,,
40225,福岡県,うきは市,ﾌｸｵｶｹﾝ,ｳｷﾊｼ,FALSE,40,,
40226,福岡県,宮若市,ﾌｸｵｶｹﾝ,ﾐﾔﾜｶｼ,FALSE,40,,
40227,福岡県,嘉麻市,ﾌｸｵｶｹﾝ,ｶﾏｼ,FALSE,40,,
40228,福岡県,朝倉市,ﾌｸｵｶｹﾝ,ｱｻｸﾗｼ,FALSE,40,,
40229,福岡県,みやま市,ﾌｸｵｶｹﾝ,ﾐﾔﾏｼ,FALSE,40,,
40230,福岡県,糸島市,ﾌｸｵｶｹﾝ,ｲﾄｼﾏｼ,FALSE,40,,
40231,福岡県,那珂川市,ﾌｸｵｶｹﾝ,ﾅｶｶﾞﾜｼ,FALSE,40,,
40341,福岡県,宇美町,ﾌｸｵｶｹﾝ,ｳﾐﾏﾁ,FALSE,40,,
40342,福岡県,篠栗町,ﾌｸｵｶｹﾝ,ｻｻｸﾞﾘﾏﾁ,FALSE,40,,
40343,福岡県,志免町,ﾌｸｵｶｹﾝ,ｼﾒﾏﾁ,FALSE,40,,
40344,福岡県,須恵町,ﾌｸｵｶｹﾝ,ｽｴﾏﾁ,FALSE,40,,
40345,福岡県,新宮町,ﾌｸｵｶｹﾝ,ｼﾝｸﾞｳﾏﾁ,FALSE,40,,
40348,福岡県,久山町,ﾌｸｵｶｹﾝ,ﾋｻﾔﾏﾏﾁ,FALSE,40,,
40349,福岡県,粕屋町,ﾌｸｵｶｹﾝ,ｶｽﾔﾏﾁ,FALSE,40,,
40381,福岡県,芦屋町,ﾌｸｵｶｹﾝ,ｱｼﾔﾏﾁ,FALSE,40,,
40382,福岡県,水巻町,ﾌｸｵｶｹﾝ,ﾐｽﾞﾏｷﾏﾁ,FALSE,40,,
40383,福岡県,岡垣町,ﾌｸｵｶｹﾝ,ｵｶｶﾞｷﾏﾁ,FALSE,40,,
40384,福岡県,遠賀町,ﾌｸｵｶｹﾝ,ｵﾝｶﾞﾁｮｳ,FALSE,40,,
40401,福岡県,小竹町,ﾌｸｵｶｹﾝ,ｺﾀｹﾏﾁ,FALSE,40,,
40402,福岡県,鞍手町,ﾌｸｵｶｹﾝ,ｸﾗﾃﾏﾁ,FALSE,40,,
40421,福岡県,桂川町,ﾌｸｵｶｹﾝ,ｹｲｾﾝﾏﾁ,FALSE,40,,
40447,福岡県,筑前町,ﾌｸｵｶｹﾝ,ﾁｸｾﾞﾝﾏﾁ,FALSE,40,,
40448,福岡県,東峰村,ﾌｸｵｶｹﾝ,ﾄｳﾎｳﾑﾗ,FALSE,40,,
40503,福岡県,大刀洗町,ﾌｸｵｶｹﾝ,ﾀﾁｱﾗｲﾏﾁ,FALSE,40,,
40522,福岡県,大木町,ﾌｸｵｶｹﾝ,ｵｵｷﾏﾁ,FALSE,40,,
40544,福岡県,広川町,ﾌｸｵｶｹﾝ,ﾋﾛｶﾜﾏﾁ,FALSE,40,,
40601,福岡県,香春町,ﾌｸｵｶｹﾝ,ｶﾜﾗﾏﾁ,FALSE,40,,
40602,福岡県,添田町,ﾌｸｵｶｹﾝ,ｿｴﾀﾞﾏﾁ,FALSE,40,,
40604,福岡県,糸田町,ﾌｸｵｶｹﾝ,ｲﾄﾀﾞﾏﾁ,FALSE,40,,
40605,福岡県,川崎町,ﾌｸｵｶｹﾝ,ｶﾜｻｷﾏﾁ,FALSE,40,,
40608,福岡県,大任町,ﾌｸｵｶｹﾝ,ｵｵﾄｳﾏﾁ,FALSE,40,,
40609,福岡県,赤村,ﾌｸｵｶｹﾝ,ｱｶﾑﾗ,FALSE,40,,
40610,福岡県,福智町,ﾌｸｵｶｹﾝ,ﾌｸﾁﾏﾁ,FALSE,40,,
40621,福岡県,苅田町,ﾌｸｵｶｹﾝ,ｶﾝﾀﾞﾏﾁ,FALSE,40,,
40625,福岡県,みやこ町,ﾌｸｵｶｹﾝ,ﾐﾔｺﾏﾁ,FALSE,40,,
40642,福岡県,吉富町,ﾌｸｵｶｹﾝ,ﾖｼﾄﾐﾏﾁ,FALSE,40,,
40646,福岡県,上毛町,ﾌｸｵｶｹﾝ,ｺｳｹﾞﾏﾁ,FALSE,40,,
40647,福岡県,築上町,ﾌｸｵｶｹﾝ,ﾁｸｼﾞｮｳﾏﾁ,FALSE,40,,
41000,佐賀県,,ｻｶﾞｹﾝ,,TRUE,41,,
41201,佐賀県,佐賀市,ｻｶﾞｹﾝ,ｻｶﾞｼ,FALSE,41,,
41202,佐賀県,唐津市,ｻｶﾞｹﾝ,ｶﾗﾂｼ,FALSE,41,,
41203,佐賀県,鳥栖市,ｻｶﾞｹﾝ,ﾄｽｼ,FALSE,41,,
41204,佐賀県,多久市,ｻｶﾞｹﾝ,ﾀｸｼ,FALSE,41,,
41205,佐賀県,伊万里市,ｻｶﾞｹﾝ,ｲﾏﾘｼ,FALSE,41,,
41206,佐賀県,武雄市,ｻｶﾞｹﾝ,ﾀｹｵｼ,FALSE,41,,
41207,佐賀県,鹿島市,ｻｶﾞｹﾝ,ｶｼﾏｼ,FALSE,41,,
41208,佐賀県,小城市,ｻｶﾞｹﾝ,ｵｷﾞｼ,FALSE,41,,
41209,佐賀県,嬉野市,ｻｶﾞｹﾝ,ｳﾚｼﾉｼ,FALSE,41,,
41210,佐賀県,神埼市,ｻｶﾞｹﾝ,ｶﾝｻﾞｷｼ,FALSE,41,,
41327,佐賀県,吉野ヶ里町,ｻｶﾞｹﾝ,ﾖｼﾉｶﾞﾘﾁｮｳ,FALSE,41,,
41341,佐賀県,基山町,ｻｶﾞｹﾝ,ｷﾔﾏﾁｮｳ,FALSE,41,,
41345,佐賀県,上峰町,ｻｶﾞｹﾝ,ｶﾐﾐﾈﾁｮｳ,FALSE,41,,
41346,佐賀県,みやき町,ｻｶﾞｹﾝ,ﾐﾔｷﾁｮｳ,FALSE,41,,
41387,佐賀県,玄海町,ｻｶﾞｹﾝ,ｹﾞﾝｶｲﾁｮｳ,FALSE,41,,
41401,佐賀県,有田町,ｻｶﾞｹﾝ,ｱﾘﾀﾁｮｳ,FALSE,41,,
41423,佐賀県,大町町,ｻｶﾞｹﾝ,ｵｵﾏﾁﾁｮｳ,FALSE,41,,
41424,佐賀県,江北町,ｻｶﾞｹﾝ,ｺｳﾎｸﾏﾁ,FALSE,41,,
41425,佐賀県,白石町,ｻｶﾞｹﾝ,ｼﾛｲｼﾁｮｳ,FALSE,41,,
41441,佐賀県,太良町,ｻｶﾞｹﾝ,ﾀﾗﾁｮｳ,FALSE,41,,
42000,長崎県,,ﾅｶﾞｻｷｹﾝ,,TRUE,42,,
42201,長崎県,長崎市,ﾅｶﾞｻｷｹﾝ,ﾅｶﾞｻｷｼ,FALSE,42,,
42202,長崎県,佐世保市,ﾅｶﾞｻｷｹﾝ,ｻｾﾎﾞｼ,FALSE,42,,
42203,長崎県,島原市,ﾅｶﾞｻｷｹﾝ,ｼﾏﾊﾞﾗｼ,FALSE,42,,
42204,長崎県,諫早市,ﾅｶﾞｻｷｹﾝ,ｲｻﾊﾔｼ,FALSE,42,,
42205,長崎県,大村市,ﾅｶﾞｻｷｹﾝ,ｵｵﾑﾗｼ,FALSE,42,,
42207,長崎県,平戸市,ﾅｶﾞｻｷｹﾝ,ﾋﾗﾄﾞｼ,FALSE,42,,
42208,長崎県,松浦市,ﾅｶﾞｻｷｹﾝ,ﾏﾂｳﾗｼ,FALSE,42,,
42209,長崎県,対馬市,ﾅｶﾞｻｷｹﾝ,ﾂｼﾏｼ,FALSE,42,,
42210,長崎県,壱岐市,ﾅｶﾞｻｷｹﾝ,ｲｷｼ,FALSE,42,,
42211,長崎県,五島市,ﾅｶﾞｻｷｹﾝ,ｺﾞﾄｳｼ,FALSE,42,,
42212,長崎県,西海市,ﾅｶﾞｻｷｹﾝ,ｻｲｶｲｼ,FALSE,42,,
42213,長崎県,雲仙市,ﾅｶﾞｻｷｹﾝ,ｳﾝｾﾞﾝｼ,FALSE,42,,
42214,長崎県,南島原市,ﾅｶﾞｻｷｹﾝ,ﾐﾅﾐｼﾏﾊﾞﾗｼ,FALSE,42,,
42307,長崎県,長与町,ﾅｶﾞｻｷｹﾝ,ﾅｶﾞﾖﾁｮｳ,FALSE,42,,
42308,長崎県,時津町,ﾅｶﾞｻｷｹﾝ,ﾄｷﾞﾂﾁｮｳ,FALSE,42,,
42321,長崎県,東彼杵町,ﾅｶﾞｻｷｹﾝ,ﾋｶﾞｼｿﾉｷﾞﾁｮｳ,FALSE,42,,
42322,長崎県,川棚町,ﾅｶﾞｻｷｹﾝ,ｶﾜﾀﾅﾁｮｳ,FALSE,42,,
42323,長崎県,波佐見町,ﾅｶﾞｻｷｹﾝ,ﾊｻﾐﾁｮｳ,FALSE,42,,
42383,長崎県,小値賀町,ﾅｶﾞｻｷｹﾝ,ｵﾁﾞｶﾁｮｳ,FALSE,42,,
42391,長崎県,佐々町,ﾅｶﾞｻｷｹﾝ,ｻｻﾞﾁｮｳ,FALSE,42,,
42411,長崎県,新上五島町,ﾅｶﾞｻｷｹﾝ,ｼﾝｶﾐｺﾞﾄｳﾁｮｳ,FALSE,42,,
43000,熊本県,,ｸﾏﾓﾄｹﾝ,,TRUE,43,,
43100,熊本県,熊本市,ｸﾏﾓﾄｹﾝ,ｸﾏﾓﾄｼ,FALSE,43,,
43101,熊本県,熊本市中央区,ｸﾏﾓﾄｹﾝ,ｸﾏﾓﾄｼﾁｭｳｵｳｸ,FALSE,43,,
43102,熊本県,熊本市東区,ｸﾏﾓﾄｹﾝ,ｸﾏﾓﾄｼﾋｶﾞｼｸ,FALSE,43,,
43103,熊本県,熊本市西区,ｸﾏﾓﾄｹﾝ,ｸﾏﾓﾄｼﾆｼｸ,FALSE,43,,
43104,熊本県,熊本市南区,ｸﾏﾓﾄｹﾝ,ｸﾏﾓﾄｼﾐﾅﾐｸ,FALSE,43,,
43105,熊本県,熊本市北区,ｸﾏﾓﾄｹﾝ,ｸﾏﾓﾄｼｷﾀｸ,FALSE,43,,
43202,熊本県,八代市,ｸﾏﾓﾄｹﾝ,ﾔﾂｼﾛｼ,FALSE,43,,
43203,熊本県,人吉市,ｸﾏﾓﾄｹﾝ,ﾋﾄﾖｼｼ,FALSE,43,,
43204,熊本県,荒尾市,ｸﾏﾓﾄｹﾝ,ｱﾗｵｼ,FALSE,43,,
43205,熊本県,水俣市,ｸﾏﾓﾄｹﾝ,ﾐﾅﾏﾀｼ,FALSE,43,,
43206,熊本県,玉名市,ｸﾏﾓﾄｹﾝ,ﾀﾏﾅｼ,FALSE,43,,
43208,熊本県,山鹿市,ｸﾏﾓﾄｹﾝ,ﾔﾏｶﾞｼ,FALSE,43,,
43210,熊本県,菊池市,ｸﾏﾓﾄｹﾝ,ｷｸﾁｼ,FALSE,43,,
43211,熊本県,宇土市,ｸﾏﾓﾄｹﾝ,ｳﾄｼ,FALSE,43,,
43212,熊本県,上天草市,ｸﾏﾓﾄｹﾝ,ｶﾐｱﾏｸｻｼ,FALSE,43,,
43213,熊本県,宇城市,ｸﾏﾓﾄｹﾝ,ｳｷｼ,FALSE,43,,
43214,熊本県,阿蘇市,ｸﾏﾓﾄｹﾝ,ｱｿｼ,FALSE,43,,
43215,熊本県,天草市,ｸﾏﾓﾄｹﾝ,ｱﾏｸｻｼ,FALSE,43,,
43216,熊本県,合志市,ｸﾏﾓﾄｹﾝ,ｺｳｼｼ,FALSE,43,,
43348,熊本県,美里町,ｸﾏﾓﾄｹﾝ,ﾐｻﾄﾏﾁ,FALSE,43,,
43364,熊本県,玉東町,ｸﾏﾓﾄｹﾝ,ｷﾞｮｸﾄｳﾏﾁ,FALSE,43,,
43367,熊本県,南関町,ｸﾏﾓﾄｹﾝ,ﾅﾝｶﾝﾏﾁ,FALSE,43,,
43368,熊本県,長洲町,ｸﾏﾓﾄｹﾝ,ﾅｶﾞｽﾏﾁ,FALSE,43,,
43369,熊本県,和水町,ｸﾏﾓﾄｹﾝ,ﾅｺﾞﾐﾏﾁ,FALSE,43,,
43403,熊本県,大津町,ｸﾏﾓﾄｹﾝ,ｵｵﾂﾞﾏﾁ,FALSE,43,,
43404,熊本県,菊陽町,ｸﾏﾓﾄｹﾝ,ｷｸﾖｳﾏﾁ,FALSE,43,,
43423,熊本県,南小国町,ｸﾏﾓﾄｹﾝ,ﾐﾅﾐｵｸﾞﾆﾏﾁ,FALSE,43,,
43424,熊本県,小国町,ｸﾏﾓﾄｹﾝ,ｵｸﾞﾆﾏﾁ,FALSE,43,,
43425,熊本県,産山村,ｸﾏﾓﾄｹﾝ,ｳﾌﾞﾔﾏﾑﾗ,FALSE,43,,
43428,熊本県,高森町,ｸﾏﾓﾄｹﾝ,ﾀｶﾓﾘﾏﾁ,FALSE,43,,
43432,熊本県,西原村,ｸﾏﾓﾄｹﾝ,ﾆｼﾊﾗﾑﾗ,FALSE,43,,
43433,熊本県,南阿蘇村,ｸﾏﾓﾄｹﾝ,ﾐﾅﾐｱｿﾑﾗ,FALSE,43,,
43441,熊本県,御船町,ｸﾏﾓﾄｹﾝ,ﾐﾌﾈﾏﾁ,FALSE,43,,
43442,熊本県,嘉島町,ｸﾏﾓﾄｹﾝ,ｶｼﾏﾏﾁ,FALSE,43,,
43443,熊本県,益城町,ｸﾏﾓﾄｹﾝ,ﾏｼｷﾏﾁ,FALSE,43,,
43444,熊本県,甲佐町,ｸﾏﾓﾄｹﾝ,ｺｳｻﾏﾁ,FALSE,43,,
43447,熊本県,山都町,ｸﾏﾓﾄｹﾝ,ﾔﾏﾄﾁｮｳ,FALSE,43,,
43468,熊本県,氷川町,ｸﾏﾓﾄｹﾝ,ﾋｶﾜﾁｮｳ,FALSE,43,,
43482,熊本県,芦北町,ｸﾏﾓﾄｹﾝ,ｱｼｷﾀﾏﾁ,FALSE,43,,
43484,熊本県,津奈木町,ｸﾏﾓﾄｹﾝ,ﾂﾅｷﾞﾏﾁ,FALSE,43,,
43501,熊本県,錦町,ｸﾏﾓﾄｹﾝ,ﾆｼｷﾏﾁ,FALSE,43,,
43505,熊本県,多良木町,ｸﾏﾓﾄｹﾝ,ﾀﾗｷﾞﾏﾁ,FALSE,43,,
43506,熊本県,湯前町,ｸﾏﾓﾄｹﾝ,ﾕﾉﾏｴﾏﾁ,FALSE,43,,
43507,熊本県,水上村,ｸﾏﾓﾄｹﾝ,ﾐｽﾞｶﾐﾑﾗ,FALSE,43,,
43510,熊本県,相良村,ｸﾏﾓﾄｹﾝ,ｻｶﾞﾗﾑﾗ,FALSE,43,,
43511,熊本県,五木村,ｸﾏﾓﾄｹﾝ,ｲﾂｷﾑﾗ,FALSE,43,,
43512,熊本県,山江村,ｸﾏﾓﾄｹﾝ,ﾔﾏｴﾑﾗ,FALSE,43,,
43513,熊本県,球磨村,ｸﾏﾓﾄｹﾝ,ｸﾏﾑﾗ,FALSE,43,,
43514,熊本県,あさぎり町,ｸﾏﾓﾄｹﾝ,ｱｻｷﾞﾘﾁｮｳ,FALSE,43,,
43531,熊本県,苓北町,ｸﾏﾓﾄｹﾝ,ﾚｲﾎｸﾏﾁ,FALSE,43,,
44000,大分県,,ｵｵｲﾀｹﾝ,,TRUE,44,,
44201,大分県,大分市,ｵｵｲﾀｹﾝ,ｵｵｲﾀｼ,FALSE,44,,
44202,大分県,別府市,ｵｵｲﾀｹﾝ,ﾍﾞｯﾌﾟｼ,FALSE,44,,
44203,大分県,中津市,ｵｵｲﾀｹﾝ,ﾅｶﾂｼ,FALSE,44,,
44204,大分県,日田市,ｵｵｲﾀｹﾝ,ﾋﾀｼ,FALSE,44,,
44205,大分県,佐伯市,ｵｵｲﾀｹﾝ,ｻｲｷｼ,FALSE,44,,
44206,大分県,臼杵市,ｵｵｲﾀｹﾝ,ｳｽｷｼ,FALSE,44,,
44207,大分県,津久見市,ｵｵｲﾀｹﾝ,ﾂｸﾐｼ,FALSE,44,,
44208,大分県,竹田市,ｵｵｲﾀｹﾝ,ﾀｹﾀｼ,FALSE,44,,
44209,大分県,豊後高田市,ｵｵｲﾀｹﾝ,ﾌﾞﾝｺﾞﾀｶﾀﾞｼ,FALSE,44,,
44210,大分県,杵築市,ｵｵｲﾀｹﾝ,ｷﾂｷｼ,FALSE,44,,
44211,大分県,宇佐市,ｵｵｲﾀｹﾝ,ｳｻｼ,FALSE,44,,
44212,大分県,豊後大野市,ｵｵｲﾀｹﾝ,ﾌﾞﾝｺﾞｵｵﾉｼ,FALSE,44,,
44213,大分県,由布市,ｵｵｲﾀｹﾝ,ﾕﾌｼ,FALSE,44,,
44214,大分県,国東市,ｵｵｲﾀｹﾝ,ｸﾆｻｷｼ,FALSE,44,,
44322,大分県,姫島村,ｵｵｲﾀｹﾝ,ﾋﾒｼﾏﾑﾗ,FALSE,44,,
44341,大分県,日出町,ｵｵｲﾀｹﾝ,ﾋｼﾞﾏﾁ,FALSE,44,,
44461,大分県,九重町,ｵｵｲﾀｹﾝ,ｺｺﾉｴﾏﾁ,FALSE,44,,
44462,大分県,玖珠町,ｵｵｲﾀｹﾝ,ｸｽﾏﾁ,FALSE,44,,
45000,宮崎県,,ﾐﾔｻﾞｷｹﾝ,,TRUE,45,,
45201,宮崎県,宮崎市,ﾐﾔｻﾞｷｹﾝ,ﾐﾔｻﾞｷｼ,FALSE,45,,
45202,宮崎県,都城市,ﾐﾔｻﾞｷｹﾝ,ﾐﾔｺﾉｼﾞｮｳｼ,FALSE,45,,
45203,宮崎県,延岡市,ﾐﾔｻﾞｷｹﾝ,ﾉﾍﾞｵｶｼ,FALSE,45,,
45204,宮崎県,日南市,ﾐﾔｻﾞｷｹﾝ,ﾆﾁﾅﾝｼ,FALSE,45,,
45205,宮崎県,小林市,ﾐﾔｻﾞｷｹﾝ,ｺﾊﾞﾔｼｼ,FALSE,45,,
45206,宮崎県,日向市,ﾐﾔｻﾞｷｹﾝ,ﾋｭｳｶﾞｼ,FALSE,45,,
45207,宮崎県,串間市,ﾐﾔｻﾞｷｹﾝ,ｸｼﾏｼ,FALSE,45,,
45208,宮崎県,西都市,ﾐﾔｻﾞｷｹﾝ,ｻｲﾄｼ,FALSE,45,,
45209,宮崎県,えびの市,ﾐﾔｻﾞｷｹﾝ,ｴﾋﾞﾉｼ,FALSE,45,,
45341,宮崎県,三股町,ﾐﾔｻﾞｷｹﾝ,ﾐﾏﾀﾁｮｳ,FALSE,45,,
45361,宮崎県,高原町,ﾐﾔｻﾞｷｹﾝ,ﾀｶﾊﾙﾁｮｳ,FALSE,45,,
45382,宮崎県,国富町,ﾐﾔｻﾞｷｹﾝ,ｸﾆﾄﾐﾁｮｳ,FALSE,45,,
45383,宮崎県,綾町,ﾐﾔｻﾞｷｹﾝ,ｱﾔﾁｮｳ,FALSE,45,,
45401,宮崎県,高鍋町,ﾐﾔｻﾞｷｹﾝ,ﾀｶﾅﾍﾞﾁｮｳ,FALSE,45,,
45402,宮崎県,新富町,ﾐﾔｻﾞｷｹﾝ,ｼﾝﾄﾐﾁｮｳ,FALSE,45,,
45403,宮崎県,西米良村,ﾐﾔｻﾞｷｹﾝ,ﾆｼﾒﾗｿﾝ,FALSE,45,,
45404,宮崎県,木城町,ﾐﾔｻﾞｷｹﾝ,ｷｼﾞｮｳﾁｮｳ,FALSE,45,,
45405,宮崎県,川南町,ﾐﾔｻﾞｷｹﾝ,ｶﾜﾐﾅﾐﾁｮｳ,FALSE,45,,
45406,宮崎県,都農町,ﾐﾔｻﾞｷｹﾝ,ﾂﾉﾁｮｳ,FALSE,45,,
45421,宮崎県,門川町,ﾐﾔｻﾞｷｹﾝ,ｶﾄﾞｶﾞﾜﾁｮｳ,FALSE,45,,
45429,宮崎県,諸塚村,ﾐﾔｻﾞｷｹﾝ,ﾓﾛﾂｶｿﾝ,FALSE,45,,
45430,宮崎県,椎葉村,ﾐﾔｻﾞｷｹﾝ,ｼｲﾊﾞｿﾝ,FALSE,45,,
45431,宮崎県,美郷町,ﾐﾔｻﾞｷｹﾝ,ﾐｻﾄﾁｮｳ,FALSE,45,,
45441,宮崎県,高千穂町,ﾐﾔｻﾞｷｹﾝ,ﾀｶﾁﾎﾁｮｳ,FALSE,45,,
45442,宮崎県,日之影町,ﾐﾔｻﾞｷｹﾝ,ﾋﾉｶｹﾞﾁｮｳ,FALSE,45,,
45443,宮崎県,五ヶ瀬町,ﾐﾔｻﾞｷｹﾝ,ｺﾞｶｾﾁｮｳ,FALSE,45,,
46000,鹿児島県,,ｶｺﾞｼﾏｹﾝ,,TRUE,46,,
46201,鹿児島県,鹿児島市,ｶｺﾞｼﾏｹﾝ,ｶｺﾞｼﾏｼ,FALSE,46,,
46203,鹿児島県,鹿屋市,ｶｺﾞｼﾏｹﾝ,ｶﾉﾔｼ,FALSE,46,,
46204,鹿児島県,枕崎市,ｶｺﾞｼﾏｹﾝ,ﾏｸﾗｻﾞｷｼ,FALSE,46,,
46206,鹿児島県,阿久根市,ｶｺﾞｼﾏｹﾝ,ｱｸﾈｼ,FALSE,46,,
46208,鹿児島県,出水市,ｶｺﾞｼﾏｹﾝ,ｲｽﾞﾐｼ,FALSE,46,,
46210,鹿児島県,指宿市,ｶｺﾞｼﾏｹﾝ,ｲﾌﾞｽｷｼ,FALSE,46,,
46213,鹿児島県,西之表市,ｶｺﾞｼﾏｹﾝ,ﾆｼﾉｵﾓﾃｼ,FALSE,46,,
46214,鹿児島県,垂水市,ｶｺﾞｼﾏｹﾝ,ﾀﾙﾐｽﾞｼ,FALSE,46,,
46215,鹿児島県,薩摩川内市,ｶｺﾞｼﾏｹﾝ,ｻﾂﾏｾﾝﾀﾞｲｼ,FALSE,46,,
46216,鹿児島県,日置市,ｶｺﾞｼﾏｹﾝ,ﾋｵｷｼ,FALSE,46,,
46217,鹿児島県,曽於市,ｶｺﾞｼﾏｹﾝ,ｿｵｼ,FALSE,46,,
46218,鹿児島県,霧島市,ｶｺﾞｼﾏｹﾝ,ｷﾘｼﾏｼ,FALSE,46,,
46219,鹿児島県,いちき串木野市,ｶｺﾞｼﾏｹﾝ,ｲﾁｷｸｼｷﾉｼ,FALSE,46,,
46220,鹿児島県,南さつま市,ｶｺﾞｼﾏｹﾝ,ﾐﾅﾐｻﾂﾏｼ,FALSE,46,,
46221,鹿児島県,志布志市,ｶｺﾞｼﾏｹﾝ,ｼﾌﾞｼｼ,FALSE,46,,
46222,鹿児島県,奄美市,ｶｺﾞｼﾏｹﾝ,ｱﾏﾐｼ,FALSE,46,,
46223,鹿児島県,南九州市,ｶｺﾞｼﾏｹﾝ,ﾐﾅﾐｷｭｳｼｭｳｼ,FALSE,46,,
46224,鹿児島県,伊佐市,ｶｺﾞｼﾏｹﾝ,ｲｻｼ,FALSE,46,,
46225,鹿児島県,姶良市,ｶｺﾞｼﾏｹﾝ,ｱｲﾗｼ,FALSE,46,,
46303,鹿児島県,三島村,ｶｺﾞｼﾏｹﾝ,ﾐｼﾏﾑﾗ,FALSE,46,,
46304,鹿児島県,十島村,ｶｺﾞｼﾏｹﾝ,ﾄｼﾏﾑﾗ,FALSE,46,,
46392,鹿児島県,さつま町,ｶｺﾞｼﾏｹﾝ,ｻﾂﾏﾁｮｳ,FALSE,46,,
46404,鹿児島県,長島町,ｶｺﾞｼﾏｹﾝ,ﾅｶﾞｼﾏﾁｮｳ,FALSE,46,,
46452,鹿児島県,湧水町,ｶｺﾞｼﾏｹﾝ,ﾕｳｽｲﾁｮｳ,FALSE,46,,
46468,鹿児島県,大崎町,ｶｺﾞｼﾏｹﾝ,ｵｵｻｷﾁｮｳ,FALSE,46,,
46482,鹿児島県,東串良町,ｶｺﾞｼﾏｹﾝ,ﾋｶﾞｼｸｼﾗﾁｮｳ,FALSE,46,,
46490,鹿児島県,錦江町,ｶｺﾞｼﾏｹﾝ,ｷﾝｺｳﾁｮｳ,FALSE,46,,
46491,鹿児島県,南大隅町,ｶｺﾞｼﾏｹﾝ,ﾐﾅﾐｵｵｽﾐﾁｮｳ,FALSE,46,,
46492,鹿児島県,肝付町,ｶｺﾞｼﾏｹﾝ,ｷﾓﾂｷﾁｮｳ,FALSE,46,,
46501,鹿児島県,中種子町,ｶｺﾞｼﾏｹﾝ,ﾅｶﾀﾈﾁｮｳ,FALSE,46,,
46502,鹿児島県,南種子町,ｶｺﾞｼﾏｹﾝ,ﾐﾅﾐﾀﾈﾁｮｳ,FALSE,46,,
46505,鹿児島県,屋久島町,ｶｺﾞｼﾏｹﾝ,ﾔｸｼﾏﾁｮｳ,FALSE,46,,
46523,鹿児島県,大和村,ｶｺﾞｼﾏｹﾝ,ﾔﾏﾄｿﾝ,FALSE,46,,
46524,鹿児島県,宇検村,ｶｺﾞｼﾏｹﾝ,ｳｹﾝｿﾝ,FALSE,46,,
46525,鹿児島県,瀬戸内町,ｶｺﾞｼﾏｹﾝ,ｾﾄｳﾁﾁｮｳ,FALSE,46,,
46527,鹿児島県,龍郷町,ｶｺﾞｼﾏｹﾝ,ﾀﾂｺﾞｳﾁｮｳ,FALSE,46,,
46529,鹿児島県,喜界町,ｶｺﾞｼﾏｹﾝ,ｷｶｲﾁｮｳ,FALSE,46,,
46530,鹿児島県,徳之島町,ｶｺﾞｼﾏｹﾝ,ﾄｸﾉｼﾏﾁｮｳ,FALSE,46,,
46531,鹿児島県,天城町,ｶｺﾞｼﾏｹﾝ,ｱﾏｷﾞﾁｮｳ,FALSE,46,,
46532,鹿児島県,伊仙町,ｶｺﾞｼﾏｹﾝ,ｲｾﾝﾁｮｳ,FALSE,46,,
46533,鹿児島県,和泊町,ｶｺﾞｼﾏｹﾝ,ﾜﾄﾞﾏﾘﾁｮｳ,FALSE,46,,
46534,鹿児島県,知名町,ｶｺﾞｼﾏｹﾝ,ﾁﾅﾁｮｳ,FALSE,46,,
46535,鹿児島県,与論町,ｶｺﾞｼﾏｹﾝ,ﾖﾛﾝﾁｮｳ,FALSE,46,,
47000,沖縄県,,ｵｷﾅﾜｹﾝ,,TRUE,47,,
47201,沖縄県,那覇市,ｵｷﾅﾜｹﾝ,ﾅﾊｼ,FALSE,47,,
47205,沖縄県,宜野湾市,ｵｷﾅﾜｹﾝ,ｷﾞﾉﾜﾝｼ,FALSE,47,,
47207,沖縄県,石垣市,ｵｷﾅﾜｹﾝ,ｲｼｶﾞｷｼ,FALSE,47,,
47208,沖縄県,浦添市,ｵｷﾅﾜｹﾝ,ｳﾗｿｴｼ,FALSE,47,,
47209,沖縄県,名護市,ｵｷﾅﾜｹﾝ,ﾅｺﾞｼ,FALSE,47,,
47210,沖縄県,糸満市,ｵｷﾅﾜｹﾝ,ｲﾄﾏﾝｼ,FALSE,47,,
47211,沖縄県,沖縄市,ｵｷﾅﾜｹﾝ,ｵｷﾅﾜｼ,FALSE,47,,
47212,沖縄県,豊見城市,ｵｷﾅﾜｹﾝ,ﾄﾐｸﾞｽｸｼ,FALSE,47,,
47213,沖縄県,うるま市,ｵｷﾅﾜｹﾝ,ｳﾙﾏｼ,FALSE,47,,
47214,沖縄県,宮古島市,ｵｷﾅﾜｹﾝ,ﾐﾔｺｼﾞﾏｼ,FALSE,47,,
47215,沖縄県,南城市,ｵｷﾅﾜｹﾝ,ﾅﾝｼﾞｮｳｼ,FALSE,47,,
47301,沖縄県,国頭村,ｵｷﾅﾜｹﾝ,ｸﾆｶﾞﾐｿﾝ,FALSE,47,,
47302,沖縄県,大宜味村,ｵｷﾅﾜｹﾝ,ｵｵｷﾞﾐｿﾝ,FALSE,47,,
47303,沖縄県,東村,ｵｷﾅﾜｹﾝ,ﾋｶﾞｼｿﾝ,FALSE,47,,
47306,沖縄県,今帰仁村,ｵｷﾅﾜｹﾝ,ﾅｷｼﾞﾝｿﾝ,FALSE,47,,
47308,沖縄県,本部町,ｵｷﾅﾜｹﾝ,ﾓﾄﾌﾞﾁｮｳ,FALSE,47,,
47311,沖縄県,恩納村,ｵｷﾅﾜｹﾝ,ｵﾝﾅｿﾝ,FALSE,47,,
47313,沖縄県,宜野座村,ｵｷﾅﾜｹﾝ,ｷﾞﾉｻﾞｿﾝ,FALSE,47,,
47314,沖縄県,金武町,ｵｷﾅﾜｹﾝ,ｷﾝﾁｮｳ,FALSE,47,,
47315,沖縄県,伊江村,ｵｷﾅﾜｹﾝ,ｲｴｿﾝ,FALSE,47,,
47324,沖縄県,読谷村,ｵｷﾅﾜｹﾝ,ﾖﾐﾀﾝｿﾝ,FALSE,47,,
47325,沖縄県,嘉手納町,ｵｷﾅﾜｹﾝ,ｶﾃﾞﾅﾁｮｳ,FALSE,47,,
47326,沖縄県,北谷町,ｵｷﾅﾜｹﾝ,ﾁﾔﾀﾝﾁｮｳ,FALSE,47,,
47327,沖縄県,北中城村,ｵｷﾅﾜｹﾝ,ｷﾀﾅｶｸﾞｽｸｿﾝ,FALSE,47,,
47328,沖縄県,中城村,ｵｷﾅﾜｹﾝ,ﾅｶｸﾞｽｸｿﾝ,FALSE,47,,
47329,沖縄県,西原町,ｵｷﾅﾜｹﾝ,ﾆｼﾊﾗﾁｮｳ,FALSE,47,,
47348,沖縄県,与那原町,ｵｷﾅﾜｹﾝ,ﾖﾅﾊﾞﾙﾁｮｳ,FALSE,47,,
47350,沖縄県,南風原町,ｵｷﾅﾜｹﾝ,ﾊｴﾊﾞﾙﾁｮｳ,FALSE,47,,
47353,沖縄県,渡嘉敷村,ｵｷﾅﾜｹﾝ,ﾄｶｼｷｿﾝ,FALSE,47,,
47354,沖縄県,座間味村,ｵｷﾅﾜｹﾝ,ｻﾞﾏﾐｿﾝ,FALSE,47,,
47355,沖縄県,粟国村,ｵｷﾅﾜｹﾝ,ｱｸﾞﾆｿﾝ,FALSE,47,,
47356,沖縄県,渡名喜村,ｵｷﾅﾜｹﾝ,ﾄﾅｷｿﾝ,FALSE,47,,
47357,沖縄県,南大東村,ｵｷﾅﾜｹﾝ,ﾐﾅﾐﾀﾞｲﾄｳｿﾝ,FALSE,47,,
47358,沖縄県,北大東村,ｵｷﾅﾜｹﾝ,ｷﾀﾀﾞｲﾄｳｿﾝ,FALSE,47,,
47359,沖縄県,伊平屋村,ｵｷﾅﾜｹﾝ,ｲﾍﾔｿﾝ,FALSE,47,,
47360,沖縄県,伊是名村,ｵｷﾅﾜｹﾝ,ｲｾﾞﾅｿﾝ,FALSE,47,,
47361,沖縄県,久米島町,ｵｷﾅﾜｹﾝ,ｸﾒｼﾞﾏﾁｮｳ,FALSE,47,,
47362,沖縄県,八重瀬町,ｵｷﾅﾜｹﾝ,ﾔｴｾﾁｮｳ,FALSE,47,,
47375,沖縄県,多良間村,ｵｷﾅﾜｹﾝ,ﾀﾗﾏｿﾝ,FALSE,47,,
47381,沖縄県,竹富町,ｵｷﾅﾜｹﾝ,ﾀｹﾄﾐﾁｮｳ,FALSE,47,,
47382,沖縄県,与那国町,ｵｷﾅﾜｹﾝ,ﾖﾅｸﾞﾆﾁｮｳ,FALSE,47,,
